2026-05-11 02:27:25 [background-preinit] INFO  [IP:  | User Name:  | User ID:  |  ] o.h.validator.internal.util.Version - HV000001: Hibernate Validator 8.0.3.Final
2026-05-11 02:27:25 [main] INFO  [IP:  | User Name:  | User ID:  |  ] c.e.e.EventsphereApplication - Starting EventsphereApplication using Java 17.0.14 with PID 18512 (H:\Ali Imran\Softwares Ali Imran\SpringBoot\eventsphere\target\classes started by irkco in H:\Ali Imran\Softwares Ali Imran\SpringBoot\eventsphere)
2026-05-11 02:27:25 [main] INFO  [IP:  | User Name:  | User ID:  |  ] c.e.e.EventsphereApplication - No active profile set, falling back to 1 default profile: "default"
2026-05-11 02:27:27 [main] INFO  [IP:  | User Name:  | User ID:  |  ] o.s.d.r.c.RepositoryConfigurationDelegate - Multiple Spring Data modules found, entering strict repository configuration mode
2026-05-11 02:27:27 [main] INFO  [IP:  | User Name:  | User ID:  |  ] o.s.d.r.c.RepositoryConfigurationDelegate - Bootstrapping Spring Data JPA repositories in DEFAULT mode.
2026-05-11 02:27:27 [main] INFO  [IP:  | User Name:  | User ID:  |  ] o.s.d.r.c.RepositoryConfigurationDelegate - Finished Spring Data repository scanning in 238 ms. Found 6 JPA repository interfaces.
2026-05-11 02:27:27 [main] INFO  [IP:  | User Name:  | User ID:  |  ] o.s.d.r.c.RepositoryConfigurationDelegate - Multiple Spring Data modules found, entering strict repository configuration mode
2026-05-11 02:27:27 [main] INFO  [IP:  | User Name:  | User ID:  |  ] o.s.d.r.c.RepositoryConfigurationDelegate - Bootstrapping Spring Data Redis repositories in DEFAULT mode.
2026-05-11 02:27:27 [main] INFO  [IP:  | User Name:  | User ID:  |  ] o.s.d.r.c.RepositoryConfigurationExtensionSupport - Spring Data Redis - Could not safely identify store assignment for repository candidate interface com.example.eventsphere.repository.CategoryRepository; If you want this repository to be a Redis repository, consider annotating your entities with one of these annotations: org.springframework.data.redis.core.RedisHash (preferred), or consider extending one of the following types with your repository: org.springframework.data.keyvalue.repository.KeyValueRepository
2026-05-11 02:27:27 [main] INFO  [IP:  | User Name:  | User ID:  |  ] o.s.d.r.c.RepositoryConfigurationExtensionSupport - Spring Data Redis - Could not safely identify store assignment for repository candidate interface com.example.eventsphere.repository.EventRepository; If you want this repository to be a Redis repository, consider annotating your entities with one of these annotations: org.springframework.data.redis.core.RedisHash (preferred), or consider extending one of the following types with your repository: org.springframework.data.keyvalue.repository.KeyValueRepository
2026-05-11 02:27:27 [main] INFO  [IP:  | User Name:  | User ID:  |  ] o.s.d.r.c.RepositoryConfigurationExtensionSupport - Spring Data Redis - Could not safely identify store assignment for repository candidate interface com.example.eventsphere.repository.OrganizationMemberRepository; If you want this repository to be a Redis repository, consider annotating your entities with one of these annotations: org.springframework.data.redis.core.RedisHash (preferred), or consider extending one of the following types with your repository: org.springframework.data.keyvalue.repository.KeyValueRepository
2026-05-11 02:27:27 [main] INFO  [IP:  | User Name:  | User ID:  |  ] o.s.d.r.c.RepositoryConfigurationExtensionSupport - Spring Data Redis - Could not safely identify store assignment for repository candidate interface com.example.eventsphere.repository.OrganizationRepository; If you want this repository to be a Redis repository, consider annotating your entities with one of these annotations: org.springframework.data.redis.core.RedisHash (preferred), or consider extending one of the following types with your repository: org.springframework.data.keyvalue.repository.KeyValueRepository
2026-05-11 02:27:27 [main] INFO  [IP:  | User Name:  | User ID:  |  ] o.s.d.r.c.RepositoryConfigurationExtensionSupport - Spring Data Redis - Could not safely identify store assignment for repository candidate interface com.example.eventsphere.repository.TokenRepository; If you want this repository to be a Redis repository, consider annotating your entities with one of these annotations: org.springframework.data.redis.core.RedisHash (preferred), or consider extending one of the following types with your repository: org.springframework.data.keyvalue.repository.KeyValueRepository
2026-05-11 02:27:27 [main] INFO  [IP:  | User Name:  | User ID:  |  ] o.s.d.r.c.RepositoryConfigurationExtensionSupport - Spring Data Redis - Could not safely identify store assignment for repository candidate interface com.example.eventsphere.repository.UserRepository; If you want this repository to be a Redis repository, consider annotating your entities with one of these annotations: org.springframework.data.redis.core.RedisHash (preferred), or consider extending one of the following types with your repository: org.springframework.data.keyvalue.repository.KeyValueRepository
2026-05-11 02:27:27 [main] INFO  [IP:  | User Name:  | User ID:  |  ] o.s.d.r.c.RepositoryConfigurationDelegate - Finished Spring Data repository scanning in 15 ms. Found 0 Redis repository interfaces.
2026-05-11 02:27:30 [main] INFO  [IP:  | User Name:  | User ID:  |  ] o.s.b.w.e.tomcat.TomcatWebServer - Tomcat initialized with port 8080 (http)
2026-05-11 02:27:30 [main] INFO  [IP:  | User Name:  | User ID:  |  ] o.a.coyote.http11.Http11NioProtocol - Initializing ProtocolHandler ["http-nio-8080"]
2026-05-11 02:27:30 [main] INFO  [IP:  | User Name:  | User ID:  |  ] o.a.catalina.core.StandardService - Starting service [Tomcat]
2026-05-11 02:27:30 [main] INFO  [IP:  | User Name:  | User ID:  |  ] o.a.catalina.core.StandardEngine - Starting Servlet engine: [Apache Tomcat/10.1.53]
2026-05-11 02:27:30 [main] INFO  [IP:  | User Name:  | User ID:  |  ] o.a.c.c.C.[Tomcat].[localhost].[/] - Initializing Spring embedded WebApplicationContext
2026-05-11 02:27:30 [main] INFO  [IP:  | User Name:  | User ID:  |  ] o.s.b.w.s.c.ServletWebServerApplicationContext - Root WebApplicationContext: initialization completed in 4747 ms
2026-05-11 02:27:30 [main] INFO  [IP:  | User Name:  | User ID:  |  ] o.h.jpa.internal.util.LogHelper - HHH000204: Processing PersistenceUnitInfo [name: default]
2026-05-11 02:27:30 [main] INFO  [IP:  | User Name:  | User ID:  |  ] org.hibernate.Version - HHH000412: Hibernate ORM core version 6.6.45.Final
2026-05-11 02:27:30 [main] INFO  [IP:  | User Name:  | User ID:  |  ] o.h.s.integration.SpatialService - HHH80000001: hibernate-spatial integration enabled : true
2026-05-11 02:27:30 [main] INFO  [IP:  | User Name:  | User ID:  |  ] o.h.c.i.RegionFactoryInitiator - HHH000026: Second-level cache disabled
2026-05-11 02:27:31 [main] INFO  [IP:  | User Name:  | User ID:  |  ] com.zaxxer.hikari.HikariDataSource - HikariPool-1 - Starting...
2026-05-11 02:27:34 [main] INFO  [IP:  | User Name:  | User ID:  |  ] com.zaxxer.hikari.pool.HikariPool - HikariPool-1 - Added connection org.postgresql.jdbc.PgConnection@2864d34d
2026-05-11 02:27:34 [main] INFO  [IP:  | User Name:  | User ID:  |  ] com.zaxxer.hikari.HikariDataSource - HikariPool-1 - Start completed.
2026-05-11 02:27:34 [main] WARN  [IP:  | User Name:  | User ID:  |  ] org.hibernate.orm.deprecation - HHH90000025: PostgreSQLDialect does not need to be specified explicitly using 'hibernate.dialect' (remove the property setting and it will be selected by default)
2026-05-11 02:27:35 [main] INFO  [IP:  | User Name:  | User ID:  |  ] o.hibernate.orm.connections.pooling - HHH10001005: Database info:
	Database JDBC URL [Connecting through datasource 'HikariDataSource (HikariPool-1)']
	Database driver: undefined/unknown
	Database version: 17.6
	Autocommit mode: undefined/unknown
	Isolation level: undefined/unknown
	Minimum pool size: undefined/unknown
	Maximum pool size: undefined/unknown
2026-05-11 02:27:35 [main] INFO  [IP:  | User Name:  | User ID:  |  ] org.hibernate.spatial - HHH80000003: hibernate-spatial adding type contributions from : org.hibernate.spatial.dialect.postgis.PostgisDialectContributor
2026-05-11 02:27:35 [main] INFO  [IP:  | User Name:  | User ID:  |  ] o.s.o.j.p.SpringPersistenceUnitInfo - No LoadTimeWeaver setup: ignoring JPA class transformer
2026-05-11 02:27:35 [main] INFO  [IP:  | User Name:  | User ID:  |  ] org.hibernate.spatial - HHH80000003: hibernate-spatial adding type contributions from : org.hibernate.spatial.dialect.postgis.PostgisDialectContributor
2026-05-11 02:27:36 [main] INFO  [IP:  | User Name:  | User ID:  |  ] org.hibernate.spatial - HHH80000004: hibernate-spatial adding function contributions from : org.hibernate.spatial.dialect.postgis.PostgisDialectContributor
2026-05-11 02:27:36 [main] INFO  [IP:  | User Name:  | User ID:  |  ] o.h.e.t.j.p.i.JtaPlatformInitiator - HHH000489: No JTA platform available (set 'hibernate.transaction.jta.platform' to enable JTA platform integration)
2026-05-11 02:27:36 [main] INFO  [IP:  | User Name:  | User ID:  |  ] o.s.o.j.LocalContainerEntityManagerFactoryBean - Initialized JPA EntityManagerFactory for persistence unit 'default'
2026-05-11 02:27:37 [main] INFO  [IP:  | User Name:  | User ID:  |  ] o.s.d.j.r.query.QueryEnhancerFactory - Hibernate is in classpath; If applicable, HQL parser will be used.
2026-05-11 02:27:41 [main] INFO  [IP:  | User Name:  | User ID:  |  ] o.s.s.c.a.a.c.InitializeAuthenticationProviderBeanManagerConfigurer$InitializeAuthenticationProviderManagerConfigurer - Global AuthenticationManager configured with AuthenticationProvider bean with name authenticationProvider
2026-05-11 02:27:41 [main] WARN  [IP:  | User Name:  | User ID:  |  ] o.s.s.c.a.a.c.InitializeUserDetailsBeanManagerConfigurer$InitializeUserDetailsManagerConfigurer - Global AuthenticationManager configured with an AuthenticationProvider bean. UserDetailsService beans will not be used by Spring Security for automatically configuring username/password login. Consider removing the AuthenticationProvider bean. Alternatively, consider using the UserDetailsService in a manually instantiated DaoAuthenticationProvider. If the current configuration is intentional, to turn off this warning, increase the logging level of 'org.springframework.security.config.annotation.authentication.configuration.InitializeUserDetailsBeanManagerConfigurer' to ERROR
2026-05-11 02:27:42 [main] INFO  [IP:  | User Name:  | User ID:  |  ] o.a.coyote.http11.Http11NioProtocol - Starting ProtocolHandler ["http-nio-8080"]
2026-05-11 02:27:42 [main] INFO  [IP:  | User Name:  | User ID:  |  ] o.s.b.w.e.tomcat.TomcatWebServer - Tomcat started on port 8080 (http) with context path '/'
2026-05-11 02:27:42 [main] INFO  [IP:  | User Name:  | User ID:  |  ] c.e.e.EventsphereApplication - Started EventsphereApplication in 17.888 seconds (process running for 19.577)
2026-05-11 02:27:43 [main] INFO  [IP:  | User Name:  | User ID:  |  ] c.e.eventsphere.config.AdminConfig - Default Admin already exists. Skipping seeding.
2026-05-11 02:31:49 [http-nio-8080-exec-1] INFO  [IP:  | User Name:  | User ID:  |  ] o.a.c.c.C.[Tomcat].[localhost].[/] - Initializing Spring DispatcherServlet 'dispatcherServlet'
2026-05-11 02:31:49 [http-nio-8080-exec-1] INFO  [IP:  | User Name:  | User ID:  |  ] o.s.web.servlet.DispatcherServlet - Initializing Servlet 'dispatcherServlet'
2026-05-11 02:31:49 [http-nio-8080-exec-1] INFO  [IP:  | User Name:  | User ID:  |  ] o.s.web.servlet.DispatcherServlet - Completed initialization in 2 ms
2026-05-11 02:31:49 [http-nio-8080-exec-1] INFO  [IP: 0:0:0:0:0:0:0:1 | User Name: anonymous_user | User ID: anonymous_id | GET /swagger-ui/index.html] c.e.e.filter.RequestLoggingFilter - Incoming Request
2026-05-11 02:31:49 [http-nio-8080-exec-1] INFO  [IP: 0:0:0:0:0:0:0:1 | User Name: anonymous_user | User ID: anonymous_id | GET /swagger-ui/index.html] c.e.e.filter.RequestLoggingFilter - Completed in 52 ms with status 200
2026-05-11 02:31:49 [http-nio-8080-exec-2] INFO  [IP: 0:0:0:0:0:0:0:1 | User Name: anonymous_user | User ID: anonymous_id | GET /swagger-ui/swagger-ui.css] c.e.e.filter.RequestLoggingFilter - Incoming Request
2026-05-11 02:31:49 [http-nio-8080-exec-3] INFO  [IP: 0:0:0:0:0:0:0:1 | User Name: anonymous_user | User ID: anonymous_id | GET /swagger-ui/index.css] c.e.e.filter.RequestLoggingFilter - Incoming Request
2026-05-11 02:31:49 [http-nio-8080-exec-4] INFO  [IP: 0:0:0:0:0:0:0:1 | User Name: anonymous_user | User ID: anonymous_id | GET /swagger-ui/swagger-ui-bundle.js] c.e.e.filter.RequestLoggingFilter - Incoming Request
2026-05-11 02:31:49 [http-nio-8080-exec-6] INFO  [IP: 0:0:0:0:0:0:0:1 | User Name: anonymous_user | User ID: anonymous_id | GET /swagger-ui/swagger-initializer.js] c.e.e.filter.RequestLoggingFilter - Incoming Request
2026-05-11 02:31:49 [http-nio-8080-exec-5] INFO  [IP: 0:0:0:0:0:0:0:1 | User Name: anonymous_user | User ID: anonymous_id | GET /swagger-ui/swagger-ui-standalone-preset.js] c.e.e.filter.RequestLoggingFilter - Incoming Request
2026-05-11 02:31:49 [http-nio-8080-exec-2] INFO  [IP: 0:0:0:0:0:0:0:1 | User Name: anonymous_user | User ID: anonymous_id | GET /swagger-ui/swagger-ui.css] c.e.e.filter.RequestLoggingFilter - Completed in 10 ms with status 200
2026-05-11 02:31:49 [http-nio-8080-exec-3] INFO  [IP: 0:0:0:0:0:0:0:1 | User Name: anonymous_user | User ID: anonymous_id | GET /swagger-ui/index.css] c.e.e.filter.RequestLoggingFilter - Completed in 7 ms with status 200
2026-05-11 02:31:49 [http-nio-8080-exec-5] INFO  [IP: 0:0:0:0:0:0:0:1 | User Name: anonymous_user | User ID: anonymous_id | GET /swagger-ui/swagger-ui-standalone-preset.js] c.e.e.filter.RequestLoggingFilter - Completed in 13 ms with status 200
2026-05-11 02:31:49 [http-nio-8080-exec-4] INFO  [IP: 0:0:0:0:0:0:0:1 | User Name: anonymous_user | User ID: anonymous_id | GET /swagger-ui/swagger-ui-bundle.js] c.e.e.filter.RequestLoggingFilter - Completed in 41 ms with status 200
2026-05-11 02:31:49 [http-nio-8080-exec-6] INFO  [IP: 0:0:0:0:0:0:0:1 | User Name: anonymous_user | User ID: anonymous_id | GET /swagger-ui/swagger-initializer.js] c.e.e.filter.RequestLoggingFilter - Completed in 66 ms with status 200
2026-05-11 02:31:50 [http-nio-8080-exec-7] INFO  [IP: 0:0:0:0:0:0:0:1 | User Name: anonymous_user | User ID: anonymous_id | GET /v3/api-docs/swagger-config] c.e.e.filter.RequestLoggingFilter - Incoming Request
2026-05-11 02:31:50 [http-nio-8080-exec-8] INFO  [IP: 0:0:0:0:0:0:0:1 | User Name: anonymous_user | User ID: anonymous_id | GET /swagger-ui/favicon-32x32.png] c.e.e.filter.RequestLoggingFilter - Incoming Request
2026-05-11 02:31:50 [http-nio-8080-exec-8] INFO  [IP: 0:0:0:0:0:0:0:1 | User Name: anonymous_user | User ID: anonymous_id | GET /swagger-ui/favicon-32x32.png] c.e.e.filter.RequestLoggingFilter - Completed in 6 ms with status 200
2026-05-11 02:31:50 [http-nio-8080-exec-7] INFO  [IP: 0:0:0:0:0:0:0:1 | User Name: anonymous_user | User ID: anonymous_id | GET /v3/api-docs/swagger-config] c.e.e.filter.RequestLoggingFilter - Completed in 89 ms with status 200
2026-05-11 02:31:50 [http-nio-8080-exec-9] INFO  [IP: 0:0:0:0:0:0:0:1 | User Name: anonymous_user | User ID: anonymous_id | GET /v3/api-docs] c.e.e.filter.RequestLoggingFilter - Incoming Request
2026-05-11 02:31:51 [http-nio-8080-exec-9] INFO  [IP: 0:0:0:0:0:0:0:1 | User Name: anonymous_user | User ID: anonymous_id | GET /v3/api-docs] o.s.api.AbstractOpenApiResource - Init duration for springdoc-openapi is: 1130 ms
2026-05-11 02:31:51 [http-nio-8080-exec-9] INFO  [IP: 0:0:0:0:0:0:0:1 | User Name: anonymous_user | User ID: anonymous_id | GET /v3/api-docs] c.e.e.filter.RequestLoggingFilter - Completed in 1197 ms with status 200
2026-05-11 02:36:36 [http-nio-8080-exec-4] INFO  [IP: 0:0:0:0:0:0:0:1 | User Name: anonymous_user | User ID: anonymous_id | POST /api/auth/login] c.e.e.filter.RequestLoggingFilter - Incoming Request
2026-05-11 02:36:37 [http-nio-8080-exec-4] INFO  [IP: 0:0:0:0:0:0:0:1 | User Name: anonymous_user | User ID: anonymous_id | POST /api/auth/login] c.e.eventsphere.service.TokenService - Secure Refresh Token generated and hashed for user ID: 81ca140f-1ec2-4231-b15e-dffd7ec0e491
2026-05-11 02:36:37 [http-nio-8080-exec-4] INFO  [IP: 0:0:0:0:0:0:0:1 | User Name: anonymous_user | User ID: anonymous_id | POST /api/auth/login] c.e.eventsphere.service.AuthService - Successful login for user: ali.imran
2026-05-11 02:36:38 [http-nio-8080-exec-4] INFO  [IP: 0:0:0:0:0:0:0:1 | User Name: anonymous_user | User ID: anonymous_id | POST /api/auth/login] c.e.e.filter.RequestLoggingFilter - Completed in 1895 ms with status 200
2026-05-11 02:37:03 [http-nio-8080-exec-6] INFO  [IP: 0:0:0:0:0:0:0:1 | User Name: ali.imran | User ID: 81ca140f-1ec2-4231-b15e-dffd7ec0e491 | GET /api/users/get-profile] c.e.e.filter.RequestLoggingFilter - Incoming Request
2026-05-11 02:37:03 [http-nio-8080-exec-6] INFO  [IP: 0:0:0:0:0:0:0:1 | User Name: ali.imran | User ID: 81ca140f-1ec2-4231-b15e-dffd7ec0e491 | GET /api/users/get-profile] c.e.e.filter.RequestLoggingFilter - Completed in 581 ms with status 200
2026-05-11 02:37:45 [http-nio-8080-exec-8] INFO  [IP: 0:0:0:0:0:0:0:1 | User Name: ali.imran | User ID: 81ca140f-1ec2-4231-b15e-dffd7ec0e491 | GET /api/organization/my-org] c.e.e.filter.RequestLoggingFilter - Incoming Request
2026-05-11 02:37:45 [http-nio-8080-exec-8] INFO  [IP: 0:0:0:0:0:0:0:1 | User Name: ali.imran | User ID: 81ca140f-1ec2-4231-b15e-dffd7ec0e491 | GET /api/organization/my-org] c.e.e.filter.RequestLoggingFilter - Completed in 415 ms with status 200
2026-05-11 02:38:46 [http-nio-8080-exec-9] INFO  [IP: 0:0:0:0:0:0:0:1 | User Name: ali.imran | User ID: 81ca140f-1ec2-4231-b15e-dffd7ec0e491 | GET /api/categories/get-active-categories] c.e.e.filter.RequestLoggingFilter - Incoming Request
2026-05-11 02:38:47 [http-nio-8080-exec-9] INFO  [IP: 0:0:0:0:0:0:0:1 | User Name: ali.imran | User ID: 81ca140f-1ec2-4231-b15e-dffd7ec0e491 | GET /api/categories/get-active-categories] c.e.e.filter.RequestLoggingFilter - Completed in 393 ms with status 200
2026-05-11 02:41:25 [http-nio-8080-exec-10] INFO  [IP: 0:0:0:0:0:0:0:1 | User Name: ali.imran | User ID: 81ca140f-1ec2-4231-b15e-dffd7ec0e491 | GET /api/event/get-all-events] c.e.e.filter.RequestLoggingFilter - Incoming Request
2026-05-11 02:41:25 [http-nio-8080-exec-10] WARN  [IP: 0:0:0:0:0:0:0:1 | User Name: ali.imran | User ID: 81ca140f-1ec2-4231-b15e-dffd7ec0e491 | GET /api/event/get-all-events] c.e.e.e.GlobalExceptionHandler - Access denied at /api/event/get-all-events: Access Denied
2026-05-11 02:41:25 [http-nio-8080-exec-10] INFO  [IP: 0:0:0:0:0:0:0:1 | User Name: ali.imran | User ID: 81ca140f-1ec2-4231-b15e-dffd7ec0e491 | GET /api/event/get-all-events] c.e.e.filter.RequestLoggingFilter - Completed in 14 ms with status 403
2026-05-11 02:53:34 [SpringApplicationShutdownHook] INFO  [IP:  | User Name:  | User ID:  |  ] o.s.b.w.e.tomcat.GracefulShutdown - Commencing graceful shutdown. Waiting for active requests to complete
2026-05-11 02:53:34 [tomcat-shutdown] INFO  [IP:  | User Name:  | User ID:  |  ] o.s.b.w.e.tomcat.GracefulShutdown - Graceful shutdown complete
2026-05-11 02:53:34 [SpringApplicationShutdownHook] INFO  [IP:  | User Name:  | User ID:  |  ] o.s.o.j.LocalContainerEntityManagerFactoryBean - Closing JPA EntityManagerFactory for persistence unit 'default'
2026-05-11 02:53:34 [SpringApplicationShutdownHook] INFO  [IP:  | User Name:  | User ID:  |  ] com.zaxxer.hikari.HikariDataSource - HikariPool-1 - Shutdown initiated...
2026-05-11 02:53:34 [SpringApplicationShutdownHook] INFO  [IP:  | User Name:  | User ID:  |  ] com.zaxxer.hikari.HikariDataSource - HikariPool-1 - Shutdown completed.
2026-05-11 20:10:20 [background-preinit] INFO  [IP:  | User Name:  | User ID:  |  ] o.h.validator.internal.util.Version - HV000001: Hibernate Validator 8.0.3.Final
2026-05-11 20:10:20 [main] INFO  [IP:  | User Name:  | User ID:  |  ] c.e.e.EventsphereApplication - Starting EventsphereApplication using Java 17.0.14 with PID 4812 (H:\Ali Imran\Softwares Ali Imran\SpringBoot\eventsphere\target\classes started by irkco in H:\Ali Imran\Softwares Ali Imran\SpringBoot\eventsphere)
2026-05-11 20:10:20 [main] INFO  [IP:  | User Name:  | User ID:  |  ] c.e.e.EventsphereApplication - No active profile set, falling back to 1 default profile: "default"
2026-05-11 20:10:24 [main] INFO  [IP:  | User Name:  | User ID:  |  ] o.s.d.r.c.RepositoryConfigurationDelegate - Multiple Spring Data modules found, entering strict repository configuration mode
2026-05-11 20:10:24 [main] INFO  [IP:  | User Name:  | User ID:  |  ] o.s.d.r.c.RepositoryConfigurationDelegate - Bootstrapping Spring Data JPA repositories in DEFAULT mode.
2026-05-11 20:10:25 [main] INFO  [IP:  | User Name:  | User ID:  |  ] o.s.d.r.c.RepositoryConfigurationDelegate - Finished Spring Data repository scanning in 260 ms. Found 6 JPA repository interfaces.
2026-05-11 20:10:25 [main] INFO  [IP:  | User Name:  | User ID:  |  ] o.s.d.r.c.RepositoryConfigurationDelegate - Multiple Spring Data modules found, entering strict repository configuration mode
2026-05-11 20:10:25 [main] INFO  [IP:  | User Name:  | User ID:  |  ] o.s.d.r.c.RepositoryConfigurationDelegate - Bootstrapping Spring Data Redis repositories in DEFAULT mode.
2026-05-11 20:10:25 [main] INFO  [IP:  | User Name:  | User ID:  |  ] o.s.d.r.c.RepositoryConfigurationExtensionSupport - Spring Data Redis - Could not safely identify store assignment for repository candidate interface com.example.eventsphere.repository.CategoryRepository; If you want this repository to be a Redis repository, consider annotating your entities with one of these annotations: org.springframework.data.redis.core.RedisHash (preferred), or consider extending one of the following types with your repository: org.springframework.data.keyvalue.repository.KeyValueRepository
2026-05-11 20:10:25 [main] INFO  [IP:  | User Name:  | User ID:  |  ] o.s.d.r.c.RepositoryConfigurationExtensionSupport - Spring Data Redis - Could not safely identify store assignment for repository candidate interface com.example.eventsphere.repository.EventRepository; If you want this repository to be a Redis repository, consider annotating your entities with one of these annotations: org.springframework.data.redis.core.RedisHash (preferred), or consider extending one of the following types with your repository: org.springframework.data.keyvalue.repository.KeyValueRepository
2026-05-11 20:10:25 [main] INFO  [IP:  | User Name:  | User ID:  |  ] o.s.d.r.c.RepositoryConfigurationExtensionSupport - Spring Data Redis - Could not safely identify store assignment for repository candidate interface com.example.eventsphere.repository.OrganizationMemberRepository; If you want this repository to be a Redis repository, consider annotating your entities with one of these annotations: org.springframework.data.redis.core.RedisHash (preferred), or consider extending one of the following types with your repository: org.springframework.data.keyvalue.repository.KeyValueRepository
2026-05-11 20:10:25 [main] INFO  [IP:  | User Name:  | User ID:  |  ] o.s.d.r.c.RepositoryConfigurationExtensionSupport - Spring Data Redis - Could not safely identify store assignment for repository candidate interface com.example.eventsphere.repository.OrganizationRepository; If you want this repository to be a Redis repository, consider annotating your entities with one of these annotations: org.springframework.data.redis.core.RedisHash (preferred), or consider extending one of the following types with your repository: org.springframework.data.keyvalue.repository.KeyValueRepository
2026-05-11 20:10:25 [main] INFO  [IP:  | User Name:  | User ID:  |  ] o.s.d.r.c.RepositoryConfigurationExtensionSupport - Spring Data Redis - Could not safely identify store assignment for repository candidate interface com.example.eventsphere.repository.TokenRepository; If you want this repository to be a Redis repository, consider annotating your entities with one of these annotations: org.springframework.data.redis.core.RedisHash (preferred), or consider extending one of the following types with your repository: org.springframework.data.keyvalue.repository.KeyValueRepository
2026-05-11 20:10:25 [main] INFO  [IP:  | User Name:  | User ID:  |  ] o.s.d.r.c.RepositoryConfigurationExtensionSupport - Spring Data Redis - Could not safely identify store assignment for repository candidate interface com.example.eventsphere.repository.UserRepository; If you want this repository to be a Redis repository, consider annotating your entities with one of these annotations: org.springframework.data.redis.core.RedisHash (preferred), or consider extending one of the following types with your repository: org.springframework.data.keyvalue.repository.KeyValueRepository
2026-05-11 20:10:25 [main] INFO  [IP:  | User Name:  | User ID:  |  ] o.s.d.r.c.RepositoryConfigurationDelegate - Finished Spring Data repository scanning in 20 ms. Found 0 Redis repository interfaces.
2026-05-11 20:10:26 [main] INFO  [IP:  | User Name:  | User ID:  |  ] o.s.b.w.e.tomcat.TomcatWebServer - Tomcat initialized with port 8080 (http)
2026-05-11 20:10:26 [main] INFO  [IP:  | User Name:  | User ID:  |  ] o.a.coyote.http11.Http11NioProtocol - Initializing ProtocolHandler ["http-nio-8080"]
2026-05-11 20:10:26 [main] INFO  [IP:  | User Name:  | User ID:  |  ] o.a.catalina.core.StandardService - Starting service [Tomcat]
2026-05-11 20:10:26 [main] INFO  [IP:  | User Name:  | User ID:  |  ] o.a.catalina.core.StandardEngine - Starting Servlet engine: [Apache Tomcat/10.1.53]
2026-05-11 20:10:26 [main] INFO  [IP:  | User Name:  | User ID:  |  ] o.a.c.c.C.[Tomcat].[localhost].[/] - Initializing Spring embedded WebApplicationContext
2026-05-11 20:10:26 [main] INFO  [IP:  | User Name:  | User ID:  |  ] o.s.b.w.s.c.ServletWebServerApplicationContext - Root WebApplicationContext: initialization completed in 6367 ms
2026-05-11 20:10:27 [main] INFO  [IP:  | User Name:  | User ID:  |  ] o.h.jpa.internal.util.LogHelper - HHH000204: Processing PersistenceUnitInfo [name: default]
2026-05-11 20:10:27 [main] INFO  [IP:  | User Name:  | User ID:  |  ] org.hibernate.Version - HHH000412: Hibernate ORM core version 6.6.45.Final
2026-05-11 20:10:27 [main] INFO  [IP:  | User Name:  | User ID:  |  ] o.h.s.integration.SpatialService - HHH80000001: hibernate-spatial integration enabled : true
2026-05-11 20:10:27 [main] INFO  [IP:  | User Name:  | User ID:  |  ] o.h.c.i.RegionFactoryInitiator - HHH000026: Second-level cache disabled
2026-05-11 20:10:27 [main] INFO  [IP:  | User Name:  | User ID:  |  ] com.zaxxer.hikari.HikariDataSource - HikariPool-1 - Starting...
2026-05-11 20:10:30 [main] INFO  [IP:  | User Name:  | User ID:  |  ] com.zaxxer.hikari.pool.HikariPool - HikariPool-1 - Added connection org.postgresql.jdbc.PgConnection@6fdc2db6
2026-05-11 20:10:30 [main] INFO  [IP:  | User Name:  | User ID:  |  ] com.zaxxer.hikari.HikariDataSource - HikariPool-1 - Start completed.
2026-05-11 20:10:30 [main] WARN  [IP:  | User Name:  | User ID:  |  ] org.hibernate.orm.deprecation - HHH90000025: PostgreSQLDialect does not need to be specified explicitly using 'hibernate.dialect' (remove the property setting and it will be selected by default)
2026-05-11 20:10:31 [main] INFO  [IP:  | User Name:  | User ID:  |  ] o.hibernate.orm.connections.pooling - HHH10001005: Database info:
	Database JDBC URL [Connecting through datasource 'HikariDataSource (HikariPool-1)']
	Database driver: undefined/unknown
	Database version: 17.6
	Autocommit mode: undefined/unknown
	Isolation level: undefined/unknown
	Minimum pool size: undefined/unknown
	Maximum pool size: undefined/unknown
2026-05-11 20:10:31 [main] INFO  [IP:  | User Name:  | User ID:  |  ] org.hibernate.spatial - HHH80000003: hibernate-spatial adding type contributions from : org.hibernate.spatial.dialect.postgis.PostgisDialectContributor
2026-05-11 20:10:31 [main] INFO  [IP:  | User Name:  | User ID:  |  ] o.s.o.j.p.SpringPersistenceUnitInfo - No LoadTimeWeaver setup: ignoring JPA class transformer
2026-05-11 20:10:31 [main] INFO  [IP:  | User Name:  | User ID:  |  ] org.hibernate.spatial - HHH80000003: hibernate-spatial adding type contributions from : org.hibernate.spatial.dialect.postgis.PostgisDialectContributor
2026-05-11 20:10:32 [main] INFO  [IP:  | User Name:  | User ID:  |  ] org.hibernate.spatial - HHH80000004: hibernate-spatial adding function contributions from : org.hibernate.spatial.dialect.postgis.PostgisDialectContributor
2026-05-11 20:10:32 [main] INFO  [IP:  | User Name:  | User ID:  |  ] o.h.e.t.j.p.i.JtaPlatformInitiator - HHH000489: No JTA platform available (set 'hibernate.transaction.jta.platform' to enable JTA platform integration)
2026-05-11 20:10:32 [main] INFO  [IP:  | User Name:  | User ID:  |  ] o.s.o.j.LocalContainerEntityManagerFactoryBean - Initialized JPA EntityManagerFactory for persistence unit 'default'
2026-05-11 20:10:33 [main] INFO  [IP:  | User Name:  | User ID:  |  ] o.s.d.j.r.query.QueryEnhancerFactory - Hibernate is in classpath; If applicable, HQL parser will be used.
2026-05-11 20:10:37 [main] INFO  [IP:  | User Name:  | User ID:  |  ] o.s.s.c.a.a.c.InitializeAuthenticationProviderBeanManagerConfigurer$InitializeAuthenticationProviderManagerConfigurer - Global AuthenticationManager configured with AuthenticationProvider bean with name authenticationProvider
2026-05-11 20:10:37 [main] WARN  [IP:  | User Name:  | User ID:  |  ] o.s.s.c.a.a.c.InitializeUserDetailsBeanManagerConfigurer$InitializeUserDetailsManagerConfigurer - Global AuthenticationManager configured with an AuthenticationProvider bean. UserDetailsService beans will not be used by Spring Security for automatically configuring username/password login. Consider removing the AuthenticationProvider bean. Alternatively, consider using the UserDetailsService in a manually instantiated DaoAuthenticationProvider. If the current configuration is intentional, to turn off this warning, increase the logging level of 'org.springframework.security.config.annotation.authentication.configuration.InitializeUserDetailsBeanManagerConfigurer' to ERROR
2026-05-11 20:10:38 [main] INFO  [IP:  | User Name:  | User ID:  |  ] o.a.coyote.http11.Http11NioProtocol - Starting ProtocolHandler ["http-nio-8080"]
2026-05-11 20:10:38 [main] INFO  [IP:  | User Name:  | User ID:  |  ] o.s.b.w.e.tomcat.TomcatWebServer - Tomcat started on port 8080 (http) with context path '/'
2026-05-11 20:10:38 [main] INFO  [IP:  | User Name:  | User ID:  |  ] c.e.e.EventsphereApplication - Started EventsphereApplication in 19.431 seconds (process running for 21.099)
2026-05-11 20:10:39 [main] INFO  [IP:  | User Name:  | User ID:  |  ] c.e.eventsphere.config.AdminConfig - Default Admin already exists. Skipping seeding.
2026-05-11 20:11:20 [http-nio-8080-exec-1] INFO  [IP:  | User Name:  | User ID:  |  ] o.a.c.c.C.[Tomcat].[localhost].[/] - Initializing Spring DispatcherServlet 'dispatcherServlet'
2026-05-11 20:11:20 [http-nio-8080-exec-1] INFO  [IP:  | User Name:  | User ID:  |  ] o.s.web.servlet.DispatcherServlet - Initializing Servlet 'dispatcherServlet'
2026-05-11 20:11:20 [http-nio-8080-exec-1] INFO  [IP:  | User Name:  | User ID:  |  ] o.s.web.servlet.DispatcherServlet - Completed initialization in 1 ms
2026-05-11 20:11:20 [http-nio-8080-exec-1] INFO  [IP: 0:0:0:0:0:0:0:1 | User Name: anonymous_user | User ID: anonymous_id | GET /swagger-ui/index.html] c.e.e.filter.RequestLoggingFilter - Incoming Request
2026-05-11 20:11:20 [http-nio-8080-exec-1] INFO  [IP: 0:0:0:0:0:0:0:1 | User Name: anonymous_user | User ID: anonymous_id | GET /swagger-ui/index.html] c.e.e.filter.RequestLoggingFilter - Completed in 77 ms with status 200
2026-05-11 20:11:20 [http-nio-8080-exec-2] INFO  [IP: 0:0:0:0:0:0:0:1 | User Name: anonymous_user | User ID: anonymous_id | GET /swagger-ui/swagger-ui.css] c.e.e.filter.RequestLoggingFilter - Incoming Request
2026-05-11 20:11:20 [http-nio-8080-exec-2] INFO  [IP: 0:0:0:0:0:0:0:1 | User Name: anonymous_user | User ID: anonymous_id | GET /swagger-ui/swagger-ui.css] c.e.e.filter.RequestLoggingFilter - Completed in 8 ms with status 200
2026-05-11 20:11:20 [http-nio-8080-exec-3] INFO  [IP: 0:0:0:0:0:0:0:1 | User Name: anonymous_user | User ID: anonymous_id | GET /swagger-ui/index.css] c.e.e.filter.RequestLoggingFilter - Incoming Request
2026-05-11 20:11:20 [http-nio-8080-exec-4] INFO  [IP: 0:0:0:0:0:0:0:1 | User Name: anonymous_user | User ID: anonymous_id | GET /swagger-ui/swagger-ui-bundle.js] c.e.e.filter.RequestLoggingFilter - Incoming Request
2026-05-11 20:11:20 [http-nio-8080-exec-5] INFO  [IP: 0:0:0:0:0:0:0:1 | User Name: anonymous_user | User ID: anonymous_id | GET /swagger-ui/swagger-ui-standalone-preset.js] c.e.e.filter.RequestLoggingFilter - Incoming Request
2026-05-11 20:11:20 [http-nio-8080-exec-6] INFO  [IP: 0:0:0:0:0:0:0:1 | User Name: anonymous_user | User ID: anonymous_id | GET /swagger-ui/swagger-initializer.js] c.e.e.filter.RequestLoggingFilter - Incoming Request
2026-05-11 20:11:20 [http-nio-8080-exec-3] INFO  [IP: 0:0:0:0:0:0:0:1 | User Name: anonymous_user | User ID: anonymous_id | GET /swagger-ui/index.css] c.e.e.filter.RequestLoggingFilter - Completed in 5 ms with status 200
2026-05-11 20:11:20 [http-nio-8080-exec-5] INFO  [IP: 0:0:0:0:0:0:0:1 | User Name: anonymous_user | User ID: anonymous_id | GET /swagger-ui/swagger-ui-standalone-preset.js] c.e.e.filter.RequestLoggingFilter - Completed in 25 ms with status 200
2026-05-11 20:11:20 [http-nio-8080-exec-4] INFO  [IP: 0:0:0:0:0:0:0:1 | User Name: anonymous_user | User ID: anonymous_id | GET /swagger-ui/swagger-ui-bundle.js] c.e.e.filter.RequestLoggingFilter - Completed in 51 ms with status 200
2026-05-11 20:11:20 [http-nio-8080-exec-6] INFO  [IP: 0:0:0:0:0:0:0:1 | User Name: anonymous_user | User ID: anonymous_id | GET /swagger-ui/swagger-initializer.js] c.e.e.filter.RequestLoggingFilter - Completed in 72 ms with status 200
2026-05-11 20:11:20 [http-nio-8080-exec-7] INFO  [IP: 0:0:0:0:0:0:0:1 | User Name: anonymous_user | User ID: anonymous_id | GET /v3/api-docs/swagger-config] c.e.e.filter.RequestLoggingFilter - Incoming Request
2026-05-11 20:11:20 [http-nio-8080-exec-7] INFO  [IP: 0:0:0:0:0:0:0:1 | User Name: anonymous_user | User ID: anonymous_id | GET /v3/api-docs/swagger-config] c.e.e.filter.RequestLoggingFilter - Completed in 61 ms with status 200
2026-05-11 20:11:20 [http-nio-8080-exec-8] INFO  [IP: 0:0:0:0:0:0:0:1 | User Name: anonymous_user | User ID: anonymous_id | GET /v3/api-docs] c.e.e.filter.RequestLoggingFilter - Incoming Request
2026-05-11 20:11:22 [http-nio-8080-exec-8] INFO  [IP: 0:0:0:0:0:0:0:1 | User Name: anonymous_user | User ID: anonymous_id | GET /v3/api-docs] o.s.api.AbstractOpenApiResource - Init duration for springdoc-openapi is: 1405 ms
2026-05-11 20:11:22 [http-nio-8080-exec-8] INFO  [IP: 0:0:0:0:0:0:0:1 | User Name: anonymous_user | User ID: anonymous_id | GET /v3/api-docs] c.e.e.filter.RequestLoggingFilter - Completed in 1475 ms with status 200
2026-05-11 20:11:36 [http-nio-8080-exec-9] INFO  [IP: 0:0:0:0:0:0:0:1 | User Name: anonymous_user | User ID: anonymous_id | POST /api/auth/login] c.e.e.filter.RequestLoggingFilter - Incoming Request
2026-05-11 20:11:37 [http-nio-8080-exec-9] INFO  [IP: 0:0:0:0:0:0:0:1 | User Name: anonymous_user | User ID: anonymous_id | POST /api/auth/login] c.e.eventsphere.service.TokenService - Secure Refresh Token generated and hashed for user ID: 81ca140f-1ec2-4231-b15e-dffd7ec0e491
2026-05-11 20:11:37 [http-nio-8080-exec-9] INFO  [IP: 0:0:0:0:0:0:0:1 | User Name: anonymous_user | User ID: anonymous_id | POST /api/auth/login] c.e.eventsphere.service.AuthService - Successful login for user: ali.imran
2026-05-11 20:11:37 [http-nio-8080-exec-9] INFO  [IP: 0:0:0:0:0:0:0:1 | User Name: anonymous_user | User ID: anonymous_id | POST /api/auth/login] c.e.e.filter.RequestLoggingFilter - Completed in 1193 ms with status 200
2026-05-11 20:12:09 [http-nio-8080-exec-10] INFO  [IP: 0:0:0:0:0:0:0:1 | User Name: ali.imran | User ID: 81ca140f-1ec2-4231-b15e-dffd7ec0e491 | GET /api/organization/my-org] c.e.e.filter.RequestLoggingFilter - Incoming Request
2026-05-11 20:12:09 [http-nio-8080-exec-10] INFO  [IP: 0:0:0:0:0:0:0:1 | User Name: ali.imran | User ID: 81ca140f-1ec2-4231-b15e-dffd7ec0e491 | GET /api/organization/my-org] c.e.e.filter.RequestLoggingFilter - Completed in 421 ms with status 200
2026-05-11 20:13:10 [http-nio-8080-exec-4] INFO  [IP: 0:0:0:0:0:0:0:1 | User Name: ali.imran | User ID: 81ca140f-1ec2-4231-b15e-dffd7ec0e491 | GET /api/event/get-org-events/84c8d754-a76d-41ab-b974-cf25e19da1eb] c.e.e.filter.RequestLoggingFilter - Incoming Request
2026-05-11 20:13:11 [http-nio-8080-exec-4] INFO  [IP: 0:0:0:0:0:0:0:1 | User Name: ali.imran | User ID: 81ca140f-1ec2-4231-b15e-dffd7ec0e491 | GET /api/event/get-org-events/84c8d754-a76d-41ab-b974-cf25e19da1eb] c.e.e.filter.RequestLoggingFilter - Completed in 1204 ms with status 200
2026-05-11 20:14:14 [http-nio-8080-exec-7] INFO  [IP: 0:0:0:0:0:0:0:1 | User Name: ali.imran | User ID: 81ca140f-1ec2-4231-b15e-dffd7ec0e491 | GET /api/event/get-org-event-by-id/41699587-9f1a-4c51-bf6d-f0ccdaa8b4f8] c.e.e.filter.RequestLoggingFilter - Incoming Request
2026-05-11 20:14:15 [http-nio-8080-exec-7] INFO  [IP: 0:0:0:0:0:0:0:1 | User Name: ali.imran | User ID: 81ca140f-1ec2-4231-b15e-dffd7ec0e491 | GET /api/event/get-org-event-by-id/41699587-9f1a-4c51-bf6d-f0ccdaa8b4f8] c.e.e.filter.RequestLoggingFilter - Completed in 1054 ms with status 200
2026-05-11 20:16:42 [http-nio-8080-exec-9] INFO  [IP: 0:0:0:0:0:0:0:1 | User Name: ali.imran | User ID: 81ca140f-1ec2-4231-b15e-dffd7ec0e491 | PATCH /api/event/edit-event/41699587-9f1a-4c51-bf6d-f0ccdaa8b4f8] c.e.e.filter.RequestLoggingFilter - Incoming Request
2026-05-11 20:16:43 [http-nio-8080-exec-9] INFO  [IP: 0:0:0:0:0:0:0:1 | User Name: ali.imran | User ID: 81ca140f-1ec2-4231-b15e-dffd7ec0e491 | PATCH /api/event/edit-event/41699587-9f1a-4c51-bf6d-f0ccdaa8b4f8] c.e.eventsphere.service.EventService - Event 'AI Fest 2026' updated successfully by User ID: 81ca140f-1ec2-4231-b15e-dffd7ec0e491
2026-05-11 20:16:44 [http-nio-8080-exec-9] INFO  [IP: 0:0:0:0:0:0:0:1 | User Name: ali.imran | User ID: 81ca140f-1ec2-4231-b15e-dffd7ec0e491 | PATCH /api/event/edit-event/41699587-9f1a-4c51-bf6d-f0ccdaa8b4f8] c.e.e.filter.RequestLoggingFilter - Completed in 1126 ms with status 200
2026-05-11 20:17:50 [http-nio-8080-exec-1] INFO  [IP: 0:0:0:0:0:0:0:1 | User Name: ali.imran | User ID: 81ca140f-1ec2-4231-b15e-dffd7ec0e491 | PATCH /api/event/edit-event/41699587-9f1a-4c51-bf6d-f0ccdaa8b4f8] c.e.e.filter.RequestLoggingFilter - Incoming Request
2026-05-11 20:17:51 [http-nio-8080-exec-1] INFO  [IP: 0:0:0:0:0:0:0:1 | User Name: ali.imran | User ID: 81ca140f-1ec2-4231-b15e-dffd7ec0e491 | PATCH /api/event/edit-event/41699587-9f1a-4c51-bf6d-f0ccdaa8b4f8] c.e.eventsphere.service.EventService - Event 'AI Fest 2026' updated successfully by User ID: 81ca140f-1ec2-4231-b15e-dffd7ec0e491
2026-05-11 20:17:51 [http-nio-8080-exec-1] INFO  [IP: 0:0:0:0:0:0:0:1 | User Name: ali.imran | User ID: 81ca140f-1ec2-4231-b15e-dffd7ec0e491 | PATCH /api/event/edit-event/41699587-9f1a-4c51-bf6d-f0ccdaa8b4f8] c.e.e.filter.RequestLoggingFilter - Completed in 1381 ms with status 200
2026-05-11 20:18:02 [http-nio-8080-exec-3] INFO  [IP: 0:0:0:0:0:0:0:1 | User Name: ali.imran | User ID: 81ca140f-1ec2-4231-b15e-dffd7ec0e491 | PATCH /api/event/edit-event/41699587-9f1a-4c51-bf6d-f0ccdaa8b4f8] c.e.e.filter.RequestLoggingFilter - Incoming Request
2026-05-11 20:18:03 [http-nio-8080-exec-3] WARN  [IP: 0:0:0:0:0:0:0:1 | User Name: ali.imran | User ID: 81ca140f-1ec2-4231-b15e-dffd7ec0e491 | PATCH /api/event/edit-event/41699587-9f1a-4c51-bf6d-f0ccdaa8b4f8] c.e.e.e.GlobalExceptionHandler - Business rule violation at /api/event/edit-event/41699587-9f1a-4c51-bf6d-f0ccdaa8b4f8: An event with this title already exists in your organization.
2026-05-11 20:18:03 [http-nio-8080-exec-3] INFO  [IP: 0:0:0:0:0:0:0:1 | User Name: ali.imran | User ID: 81ca140f-1ec2-4231-b15e-dffd7ec0e491 | PATCH /api/event/edit-event/41699587-9f1a-4c51-bf6d-f0ccdaa8b4f8] c.e.e.filter.RequestLoggingFilter - Completed in 1108 ms with status 400
2026-05-11 20:18:27 [http-nio-8080-exec-2] INFO  [IP: 0:0:0:0:0:0:0:1 | User Name: ali.imran | User ID: 81ca140f-1ec2-4231-b15e-dffd7ec0e491 | PATCH /api/event/edit-event/41699587-9f1a-4c51-bf6d-f0ccdaa8b4f8] c.e.e.filter.RequestLoggingFilter - Incoming Request
2026-05-11 20:18:28 [http-nio-8080-exec-2] INFO  [IP: 0:0:0:0:0:0:0:1 | User Name: ali.imran | User ID: 81ca140f-1ec2-4231-b15e-dffd7ec0e491 | PATCH /api/event/edit-event/41699587-9f1a-4c51-bf6d-f0ccdaa8b4f8] c.e.eventsphere.service.EventService - Event 'AI Fest 2026' updated successfully by User ID: 81ca140f-1ec2-4231-b15e-dffd7ec0e491
2026-05-11 20:18:28 [http-nio-8080-exec-2] INFO  [IP: 0:0:0:0:0:0:0:1 | User Name: ali.imran | User ID: 81ca140f-1ec2-4231-b15e-dffd7ec0e491 | PATCH /api/event/edit-event/41699587-9f1a-4c51-bf6d-f0ccdaa8b4f8] c.e.e.filter.RequestLoggingFilter - Completed in 989 ms with status 200
2026-05-11 20:18:31 [http-nio-8080-exec-5] INFO  [IP: 0:0:0:0:0:0:0:1 | User Name: ali.imran | User ID: 81ca140f-1ec2-4231-b15e-dffd7ec0e491 | PATCH /api/event/edit-event/41699587-9f1a-4c51-bf6d-f0ccdaa8b4f8] c.e.e.filter.RequestLoggingFilter - Incoming Request
2026-05-11 20:18:32 [http-nio-8080-exec-5] INFO  [IP: 0:0:0:0:0:0:0:1 | User Name: ali.imran | User ID: 81ca140f-1ec2-4231-b15e-dffd7ec0e491 | PATCH /api/event/edit-event/41699587-9f1a-4c51-bf6d-f0ccdaa8b4f8] c.e.eventsphere.service.EventService - Event 'AI Fest 2026' updated successfully by User ID: 81ca140f-1ec2-4231-b15e-dffd7ec0e491
2026-05-11 20:18:32 [http-nio-8080-exec-5] INFO  [IP: 0:0:0:0:0:0:0:1 | User Name: ali.imran | User ID: 81ca140f-1ec2-4231-b15e-dffd7ec0e491 | PATCH /api/event/edit-event/41699587-9f1a-4c51-bf6d-f0ccdaa8b4f8] c.e.e.filter.RequestLoggingFilter - Completed in 1020 ms with status 200
2026-05-11 20:21:02 [http-nio-8080-exec-6] INFO  [IP: 0:0:0:0:0:0:0:1 | User Name: ali.imran | User ID: 81ca140f-1ec2-4231-b15e-dffd7ec0e491 | PATCH /api/event/edit-event/41699587-9f1a-4c51-bf6d-f0ccdaa8b4f8] c.e.e.filter.RequestLoggingFilter - Incoming Request
2026-05-11 20:21:03 [http-nio-8080-exec-6] INFO  [IP: 0:0:0:0:0:0:0:1 | User Name: ali.imran | User ID: 81ca140f-1ec2-4231-b15e-dffd7ec0e491 | PATCH /api/event/edit-event/41699587-9f1a-4c51-bf6d-f0ccdaa8b4f8] c.e.eventsphere.service.EventService - Event 'AI Fest 2026' updated successfully by User ID: 81ca140f-1ec2-4231-b15e-dffd7ec0e491
2026-05-11 20:21:03 [http-nio-8080-exec-6] INFO  [IP: 0:0:0:0:0:0:0:1 | User Name: ali.imran | User ID: 81ca140f-1ec2-4231-b15e-dffd7ec0e491 | PATCH /api/event/edit-event/41699587-9f1a-4c51-bf6d-f0ccdaa8b4f8] c.e.e.filter.RequestLoggingFilter - Completed in 880 ms with status 200
2026-05-11 20:24:02 [http-nio-8080-exec-8] WARN  [IP:  | User Name:  | User ID:  |  ] c.e.e.filter.JwtAuthenticationFilter - Expired JWT token intercepted
2026-05-11 20:24:11 [http-nio-8080-exec-9] INFO  [IP: 0:0:0:0:0:0:0:1 | User Name: anonymous_user | User ID: anonymous_id | POST /api/auth/login] c.e.e.filter.RequestLoggingFilter - Incoming Request
2026-05-11 20:24:12 [http-nio-8080-exec-9] INFO  [IP: 0:0:0:0:0:0:0:1 | User Name: anonymous_user | User ID: anonymous_id | POST /api/auth/login] c.e.eventsphere.service.TokenService - Secure Refresh Token generated and hashed for user ID: 81ca140f-1ec2-4231-b15e-dffd7ec0e491
2026-05-11 20:24:12 [http-nio-8080-exec-9] INFO  [IP: 0:0:0:0:0:0:0:1 | User Name: anonymous_user | User ID: anonymous_id | POST /api/auth/login] c.e.eventsphere.service.AuthService - Successful login for user: ali.imran
2026-05-11 20:24:12 [http-nio-8080-exec-9] INFO  [IP: 0:0:0:0:0:0:0:1 | User Name: anonymous_user | User ID: anonymous_id | POST /api/auth/login] c.e.e.filter.RequestLoggingFilter - Completed in 956 ms with status 200
2026-05-11 20:24:36 [http-nio-8080-exec-10] INFO  [IP: 0:0:0:0:0:0:0:1 | User Name: ali.imran | User ID: 81ca140f-1ec2-4231-b15e-dffd7ec0e491 | PATCH /api/event/edit-event/41699587-9f1a-4c51-bf6d-f0ccdaa8b4f8] c.e.e.filter.RequestLoggingFilter - Incoming Request
2026-05-11 20:24:40 [http-nio-8080-exec-10] WARN  [IP: 0:0:0:0:0:0:0:1 | User Name: ali.imran | User ID: 81ca140f-1ec2-4231-b15e-dffd7ec0e491 | PATCH /api/event/edit-event/41699587-9f1a-4c51-bf6d-f0ccdaa8b4f8] o.a.h.c.p.ResponseProcessCookies - Invalid cookie header: "set-cookie: __cf_bm=LP74Xkwq6kSv40C7kIIksZjF77Kn2hhyd.hGEfFJgRM-1778513119.7768216-1.0.1.1-yaeT.JCPOwi8AWuqMcpKs_X7wsLgKdwms1ACB8fSx_S_wDDfa05IQJVtdNjX8ftDsMXQqONO.o9xXMkvRdG2D8uzmAXcAfhue6b_n7aOaDkTaJcZxzbGUmX7j.9hP.0C; HttpOnly; Secure; Path=/; Domain=storage.supabase.co; Expires=Mon, 11 May 2026 15:55:20 GMT". Invalid 'expires' attribute: Mon, 11 May 2026 15:55:20 GMT
2026-05-11 20:24:40 [http-nio-8080-exec-10] INFO  [IP: 0:0:0:0:0:0:0:1 | User Name: ali.imran | User ID: 81ca140f-1ec2-4231-b15e-dffd7ec0e491 | PATCH /api/event/edit-event/41699587-9f1a-4c51-bf6d-f0ccdaa8b4f8] c.e.eventsphere.service.EventService - Event 'AI Fest 2026' updated successfully by User ID: 81ca140f-1ec2-4231-b15e-dffd7ec0e491
2026-05-11 20:24:41 [http-nio-8080-exec-10] WARN  [IP: 0:0:0:0:0:0:0:1 | User Name: ali.imran | User ID: 81ca140f-1ec2-4231-b15e-dffd7ec0e491 | PATCH /api/event/edit-event/41699587-9f1a-4c51-bf6d-f0ccdaa8b4f8] c.e.e.e.GlobalExceptionHandler - Business rule violation at /api/event/edit-event/41699587-9f1a-4c51-bf6d-f0ccdaa8b4f8: Could not write JSON: Document nesting depth (1001) exceeds the maximum allowed (1000, from `StreamWriteConstraints.getMaxNestingDepth()`)
2026-05-11 20:24:41 [http-nio-8080-exec-10] INFO  [IP: 0:0:0:0:0:0:0:1 | User Name: ali.imran | User ID: 81ca140f-1ec2-4231-b15e-dffd7ec0e491 | PATCH /api/event/edit-event/41699587-9f1a-4c51-bf6d-f0ccdaa8b4f8] c.e.e.filter.RequestLoggingFilter - Completed in 5327 ms with status 200
2026-05-11 20:26:02 [SpringApplicationShutdownHook] INFO  [IP:  | User Name:  | User ID:  |  ] o.s.b.w.e.tomcat.GracefulShutdown - Commencing graceful shutdown. Waiting for active requests to complete
2026-05-11 20:26:03 [tomcat-shutdown] INFO  [IP:  | User Name:  | User ID:  |  ] o.s.b.w.e.tomcat.GracefulShutdown - Graceful shutdown complete
2026-05-11 20:26:03 [SpringApplicationShutdownHook] INFO  [IP:  | User Name:  | User ID:  |  ] o.s.o.j.LocalContainerEntityManagerFactoryBean - Closing JPA EntityManagerFactory for persistence unit 'default'
2026-05-11 20:26:03 [SpringApplicationShutdownHook] INFO  [IP:  | User Name:  | User ID:  |  ] com.zaxxer.hikari.HikariDataSource - HikariPool-1 - Shutdown initiated...
2026-05-11 20:26:03 [SpringApplicationShutdownHook] INFO  [IP:  | User Name:  | User ID:  |  ] com.zaxxer.hikari.HikariDataSource - HikariPool-1 - Shutdown completed.
2026-05-11 20:44:42 [background-preinit] INFO  [IP:  | User Name:  | User ID:  |  ] o.h.validator.internal.util.Version - HV000001: Hibernate Validator 8.0.3.Final
2026-05-11 20:44:42 [main] INFO  [IP:  | User Name:  | User ID:  |  ] c.e.e.EventsphereApplication - Starting EventsphereApplication using Java 17.0.14 with PID 19856 (H:\Ali Imran\Softwares Ali Imran\SpringBoot\eventsphere\target\classes started by irkco in H:\Ali Imran\Softwares Ali Imran\SpringBoot\eventsphere)
2026-05-11 20:44:42 [main] INFO  [IP:  | User Name:  | User ID:  |  ] c.e.e.EventsphereApplication - No active profile set, falling back to 1 default profile: "default"
2026-05-11 20:44:44 [main] INFO  [IP:  | User Name:  | User ID:  |  ] o.s.d.r.c.RepositoryConfigurationDelegate - Multiple Spring Data modules found, entering strict repository configuration mode
2026-05-11 20:44:44 [main] INFO  [IP:  | User Name:  | User ID:  |  ] o.s.d.r.c.RepositoryConfigurationDelegate - Bootstrapping Spring Data JPA repositories in DEFAULT mode.
2026-05-11 20:44:44 [main] INFO  [IP:  | User Name:  | User ID:  |  ] o.s.d.r.c.RepositoryConfigurationDelegate - Finished Spring Data repository scanning in 233 ms. Found 6 JPA repository interfaces.
2026-05-11 20:44:44 [main] INFO  [IP:  | User Name:  | User ID:  |  ] o.s.d.r.c.RepositoryConfigurationDelegate - Multiple Spring Data modules found, entering strict repository configuration mode
2026-05-11 20:44:44 [main] INFO  [IP:  | User Name:  | User ID:  |  ] o.s.d.r.c.RepositoryConfigurationDelegate - Bootstrapping Spring Data Redis repositories in DEFAULT mode.
2026-05-11 20:44:44 [main] INFO  [IP:  | User Name:  | User ID:  |  ] o.s.d.r.c.RepositoryConfigurationExtensionSupport - Spring Data Redis - Could not safely identify store assignment for repository candidate interface com.example.eventsphere.repository.CategoryRepository; If you want this repository to be a Redis repository, consider annotating your entities with one of these annotations: org.springframework.data.redis.core.RedisHash (preferred), or consider extending one of the following types with your repository: org.springframework.data.keyvalue.repository.KeyValueRepository
2026-05-11 20:44:44 [main] INFO  [IP:  | User Name:  | User ID:  |  ] o.s.d.r.c.RepositoryConfigurationExtensionSupport - Spring Data Redis - Could not safely identify store assignment for repository candidate interface com.example.eventsphere.repository.EventRepository; If you want this repository to be a Redis repository, consider annotating your entities with one of these annotations: org.springframework.data.redis.core.RedisHash (preferred), or consider extending one of the following types with your repository: org.springframework.data.keyvalue.repository.KeyValueRepository
2026-05-11 20:44:44 [main] INFO  [IP:  | User Name:  | User ID:  |  ] o.s.d.r.c.RepositoryConfigurationExtensionSupport - Spring Data Redis - Could not safely identify store assignment for repository candidate interface com.example.eventsphere.repository.OrganizationMemberRepository; If you want this repository to be a Redis repository, consider annotating your entities with one of these annotations: org.springframework.data.redis.core.RedisHash (preferred), or consider extending one of the following types with your repository: org.springframework.data.keyvalue.repository.KeyValueRepository
2026-05-11 20:44:44 [main] INFO  [IP:  | User Name:  | User ID:  |  ] o.s.d.r.c.RepositoryConfigurationExtensionSupport - Spring Data Redis - Could not safely identify store assignment for repository candidate interface com.example.eventsphere.repository.OrganizationRepository; If you want this repository to be a Redis repository, consider annotating your entities with one of these annotations: org.springframework.data.redis.core.RedisHash (preferred), or consider extending one of the following types with your repository: org.springframework.data.keyvalue.repository.KeyValueRepository
2026-05-11 20:44:44 [main] INFO  [IP:  | User Name:  | User ID:  |  ] o.s.d.r.c.RepositoryConfigurationExtensionSupport - Spring Data Redis - Could not safely identify store assignment for repository candidate interface com.example.eventsphere.repository.TokenRepository; If you want this repository to be a Redis repository, consider annotating your entities with one of these annotations: org.springframework.data.redis.core.RedisHash (preferred), or consider extending one of the following types with your repository: org.springframework.data.keyvalue.repository.KeyValueRepository
2026-05-11 20:44:44 [main] INFO  [IP:  | User Name:  | User ID:  |  ] o.s.d.r.c.RepositoryConfigurationExtensionSupport - Spring Data Redis - Could not safely identify store assignment for repository candidate interface com.example.eventsphere.repository.UserRepository; If you want this repository to be a Redis repository, consider annotating your entities with one of these annotations: org.springframework.data.redis.core.RedisHash (preferred), or consider extending one of the following types with your repository: org.springframework.data.keyvalue.repository.KeyValueRepository
2026-05-11 20:44:44 [main] INFO  [IP:  | User Name:  | User ID:  |  ] o.s.d.r.c.RepositoryConfigurationDelegate - Finished Spring Data repository scanning in 17 ms. Found 0 Redis repository interfaces.
2026-05-11 20:44:45 [main] INFO  [IP:  | User Name:  | User ID:  |  ] o.s.b.w.e.tomcat.TomcatWebServer - Tomcat initialized with port 8080 (http)
2026-05-11 20:44:45 [main] INFO  [IP:  | User Name:  | User ID:  |  ] o.a.coyote.http11.Http11NioProtocol - Initializing ProtocolHandler ["http-nio-8080"]
2026-05-11 20:44:45 [main] INFO  [IP:  | User Name:  | User ID:  |  ] o.a.catalina.core.StandardService - Starting service [Tomcat]
2026-05-11 20:44:45 [main] INFO  [IP:  | User Name:  | User ID:  |  ] o.a.catalina.core.StandardEngine - Starting Servlet engine: [Apache Tomcat/10.1.53]
2026-05-11 20:44:45 [main] INFO  [IP:  | User Name:  | User ID:  |  ] o.a.c.c.C.[Tomcat].[localhost].[/] - Initializing Spring embedded WebApplicationContext
2026-05-11 20:44:45 [main] INFO  [IP:  | User Name:  | User ID:  |  ] o.s.b.w.s.c.ServletWebServerApplicationContext - Root WebApplicationContext: initialization completed in 3337 ms
2026-05-11 20:44:46 [main] INFO  [IP:  | User Name:  | User ID:  |  ] o.h.jpa.internal.util.LogHelper - HHH000204: Processing PersistenceUnitInfo [name: default]
2026-05-11 20:44:46 [main] INFO  [IP:  | User Name:  | User ID:  |  ] org.hibernate.Version - HHH000412: Hibernate ORM core version 6.6.45.Final
2026-05-11 20:44:46 [main] INFO  [IP:  | User Name:  | User ID:  |  ] o.h.s.integration.SpatialService - HHH80000001: hibernate-spatial integration enabled : true
2026-05-11 20:44:46 [main] INFO  [IP:  | User Name:  | User ID:  |  ] o.h.c.i.RegionFactoryInitiator - HHH000026: Second-level cache disabled
2026-05-11 20:44:46 [main] INFO  [IP:  | User Name:  | User ID:  |  ] com.zaxxer.hikari.HikariDataSource - HikariPool-1 - Starting...
2026-05-11 20:44:48 [main] INFO  [IP:  | User Name:  | User ID:  |  ] com.zaxxer.hikari.pool.HikariPool - HikariPool-1 - Added connection org.postgresql.jdbc.PgConnection@5be69f7e
2026-05-11 20:44:48 [main] INFO  [IP:  | User Name:  | User ID:  |  ] com.zaxxer.hikari.HikariDataSource - HikariPool-1 - Start completed.
2026-05-11 20:44:49 [main] WARN  [IP:  | User Name:  | User ID:  |  ] org.hibernate.orm.deprecation - HHH90000025: PostgreSQLDialect does not need to be specified explicitly using 'hibernate.dialect' (remove the property setting and it will be selected by default)
2026-05-11 20:44:49 [main] INFO  [IP:  | User Name:  | User ID:  |  ] o.hibernate.orm.connections.pooling - HHH10001005: Database info:
	Database JDBC URL [Connecting through datasource 'HikariDataSource (HikariPool-1)']
	Database driver: undefined/unknown
	Database version: 17.6
	Autocommit mode: undefined/unknown
	Isolation level: undefined/unknown
	Minimum pool size: undefined/unknown
	Maximum pool size: undefined/unknown
2026-05-11 20:44:49 [main] INFO  [IP:  | User Name:  | User ID:  |  ] org.hibernate.spatial - HHH80000003: hibernate-spatial adding type contributions from : org.hibernate.spatial.dialect.postgis.PostgisDialectContributor
2026-05-11 20:44:49 [main] INFO  [IP:  | User Name:  | User ID:  |  ] o.s.o.j.p.SpringPersistenceUnitInfo - No LoadTimeWeaver setup: ignoring JPA class transformer
2026-05-11 20:44:49 [main] INFO  [IP:  | User Name:  | User ID:  |  ] org.hibernate.spatial - HHH80000003: hibernate-spatial adding type contributions from : org.hibernate.spatial.dialect.postgis.PostgisDialectContributor
2026-05-11 20:44:50 [main] INFO  [IP:  | User Name:  | User ID:  |  ] org.hibernate.spatial - HHH80000004: hibernate-spatial adding function contributions from : org.hibernate.spatial.dialect.postgis.PostgisDialectContributor
2026-05-11 20:44:51 [main] INFO  [IP:  | User Name:  | User ID:  |  ] o.h.e.t.j.p.i.JtaPlatformInitiator - HHH000489: No JTA platform available (set 'hibernate.transaction.jta.platform' to enable JTA platform integration)
2026-05-11 20:44:51 [main] INFO  [IP:  | User Name:  | User ID:  |  ] o.s.o.j.LocalContainerEntityManagerFactoryBean - Initialized JPA EntityManagerFactory for persistence unit 'default'
2026-05-11 20:44:51 [main] INFO  [IP:  | User Name:  | User ID:  |  ] o.s.d.j.r.query.QueryEnhancerFactory - Hibernate is in classpath; If applicable, HQL parser will be used.
2026-05-11 20:44:54 [main] WARN  [IP:  | User Name:  | User ID:  |  ] o.s.b.w.s.c.AnnotationConfigServletWebServerApplicationContext - Exception encountered during context initialization - cancelling refresh attempt: org.springframework.beans.factory.UnsatisfiedDependencyException: Error creating bean with name 'adminController' defined in file [H:\Ali Imran\Softwares Ali Imran\SpringBoot\eventsphere\target\classes\com\example\eventsphere\controller\AdminController.class]: Unsatisfied dependency expressed through constructor parameter 1: Error creating bean with name 'adminService' defined in file [H:\Ali Imran\Softwares Ali Imran\SpringBoot\eventsphere\target\classes\com\example\eventsphere\service\AdminService.class]: Unsatisfied dependency expressed through constructor parameter 1: Error creating bean with name 'eventRepository' defined in com.example.eventsphere.repository.EventRepository defined in @EnableJpaRepositories declared on JpaRepositoriesRegistrar.EnableJpaRepositoriesConfiguration: Could not create query for public abstract java.util.Optional com.example.eventsphere.repository.EventRepository.findEventDetailsById(java.util.UUID); Reason: Query 'SELECT new com.example.eventsphere.dto.EventDTO(
    e.id,
    o.name,
    c.name,
    e.title,
    e.venue,
    e.imageUrl,
    e.address,
    e.city,
    e.state,
    e.country,
    e.location,
    e.layoutType,
    e.tags,
    e.typeSpecificData,
    e.startDateTime,
    e.endDateTime,
    e.status,
    e.createdAt,
    uc.username,
    e.modifiedAt,
    um.username
)
FROM Event e
JOIN Organization o ON e.organizationId = o.id
JOIN Category c ON e.categoryId = c.id
LEFT JOIN User uc ON e.createdBy = uc.id
LEFT JOIN User um ON e.modifiedBy = um.id
WHERE e.id = :eventId
' validation failed for method public abstract java.util.Optional com.example.eventsphere.repository.EventRepository.findEventDetailsById(java.util.UUID)
2026-05-11 20:44:54 [main] INFO  [IP:  | User Name:  | User ID:  |  ] o.s.o.j.LocalContainerEntityManagerFactoryBean - Closing JPA EntityManagerFactory for persistence unit 'default'
2026-05-11 20:44:54 [main] INFO  [IP:  | User Name:  | User ID:  |  ] com.zaxxer.hikari.HikariDataSource - HikariPool-1 - Shutdown initiated...
2026-05-11 20:44:54 [main] INFO  [IP:  | User Name:  | User ID:  |  ] com.zaxxer.hikari.HikariDataSource - HikariPool-1 - Shutdown completed.
2026-05-11 20:44:54 [main] INFO  [IP:  | User Name:  | User ID:  |  ] o.a.catalina.core.StandardService - Stopping service [Tomcat]
2026-05-11 20:44:54 [main] INFO  [IP:  | User Name:  | User ID:  |  ] o.s.b.a.l.ConditionEvaluationReportLogger - 

Error starting ApplicationContext. To display the condition evaluation report re-run your application with 'debug' enabled.
2026-05-11 20:44:54 [main] ERROR [IP:  | User Name:  | User ID:  |  ] o.s.boot.SpringApplication - Application run failed
org.springframework.beans.factory.UnsatisfiedDependencyException: Error creating bean with name 'adminController' defined in file [H:\Ali Imran\Softwares Ali Imran\SpringBoot\eventsphere\target\classes\com\example\eventsphere\controller\AdminController.class]: Unsatisfied dependency expressed through constructor parameter 1: Error creating bean with name 'adminService' defined in file [H:\Ali Imran\Softwares Ali Imran\SpringBoot\eventsphere\target\classes\com\example\eventsphere\service\AdminService.class]: Unsatisfied dependency expressed through constructor parameter 1: Error creating bean with name 'eventRepository' defined in com.example.eventsphere.repository.EventRepository defined in @EnableJpaRepositories declared on JpaRepositoriesRegistrar.EnableJpaRepositoriesConfiguration: Could not create query for public abstract java.util.Optional com.example.eventsphere.repository.EventRepository.findEventDetailsById(java.util.UUID); Reason: Query 'SELECT new com.example.eventsphere.dto.EventDTO(
    e.id,
    o.name,
    c.name,
    e.title,
    e.venue,
    e.imageUrl,
    e.address,
    e.city,
    e.state,
    e.country,
    e.location,
    e.layoutType,
    e.tags,
    e.typeSpecificData,
    e.startDateTime,
    e.endDateTime,
    e.status,
    e.createdAt,
    uc.username,
    e.modifiedAt,
    um.username
)
FROM Event e
JOIN Organization o ON e.organizationId = o.id
JOIN Category c ON e.categoryId = c.id
LEFT JOIN User uc ON e.createdBy = uc.id
LEFT JOIN User um ON e.modifiedBy = um.id
WHERE e.id = :eventId
' validation failed for method public abstract java.util.Optional com.example.eventsphere.repository.EventRepository.findEventDetailsById(java.util.UUID)
	at org.springframework.beans.factory.support.ConstructorResolver.createArgumentArray(ConstructorResolver.java:804)
	at org.springframework.beans.factory.support.ConstructorResolver.autowireConstructor(ConstructorResolver.java:240)
	at org.springframework.beans.factory.support.AbstractAutowireCapableBeanFactory.autowireConstructor(AbstractAutowireCapableBeanFactory.java:1395)
	at org.springframework.beans.factory.support.AbstractAutowireCapableBeanFactory.createBeanInstance(AbstractAutowireCapableBeanFactory.java:1232)
	at org.springframework.beans.factory.support.AbstractAutowireCapableBeanFactory.doCreateBean(AbstractAutowireCapableBeanFactory.java:569)
	at org.springframework.beans.factory.support.AbstractAutowireCapableBeanFactory.createBean(AbstractAutowireCapableBeanFactory.java:529)
	at org.springframework.beans.factory.support.AbstractBeanFactory.lambda$doGetBean$0(AbstractBeanFactory.java:339)
	at org.springframework.beans.factory.support.DefaultSingletonBeanRegistry.getSingleton(DefaultSingletonBeanRegistry.java:373)
	at org.springframework.beans.factory.support.AbstractBeanFactory.doGetBean(AbstractBeanFactory.java:337)
	at org.springframework.beans.factory.support.AbstractBeanFactory.getBean(AbstractBeanFactory.java:202)
	at org.springframework.beans.factory.support.DefaultListableBeanFactory.instantiateSingleton(DefaultListableBeanFactory.java:1228)
	at org.springframework.beans.factory.support.DefaultListableBeanFactory.preInstantiateSingleton(DefaultListableBeanFactory.java:1194)
	at org.springframework.beans.factory.support.DefaultListableBeanFactory.preInstantiateSingletons(DefaultListableBeanFactory.java:1130)
	at org.springframework.context.support.AbstractApplicationContext.finishBeanFactoryInitialization(AbstractApplicationContext.java:991)
	at org.springframework.context.support.AbstractApplicationContext.refresh(AbstractApplicationContext.java:628)
	at org.springframework.boot.web.servlet.context.ServletWebServerApplicationContext.refresh(ServletWebServerApplicationContext.java:146)
	at org.springframework.boot.SpringApplication.refresh(SpringApplication.java:752)
	at org.springframework.boot.SpringApplication.refreshContext(SpringApplication.java:439)
	at org.springframework.boot.SpringApplication.run(SpringApplication.java:318)
	at org.springframework.boot.SpringApplication.run(SpringApplication.java:1361)
	at org.springframework.boot.SpringApplication.run(SpringApplication.java:1350)
	at com.example.eventsphere.EventsphereApplication.main(EventsphereApplication.java:27)
Caused by: org.springframework.beans.factory.UnsatisfiedDependencyException: Error creating bean with name 'adminService' defined in file [H:\Ali Imran\Softwares Ali Imran\SpringBoot\eventsphere\target\classes\com\example\eventsphere\service\AdminService.class]: Unsatisfied dependency expressed through constructor parameter 1: Error creating bean with name 'eventRepository' defined in com.example.eventsphere.repository.EventRepository defined in @EnableJpaRepositories declared on JpaRepositoriesRegistrar.EnableJpaRepositoriesConfiguration: Could not create query for public abstract java.util.Optional com.example.eventsphere.repository.EventRepository.findEventDetailsById(java.util.UUID); Reason: Query 'SELECT new com.example.eventsphere.dto.EventDTO(
    e.id,
    o.name,
    c.name,
    e.title,
    e.venue,
    e.imageUrl,
    e.address,
    e.city,
    e.state,
    e.country,
    e.location,
    e.layoutType,
    e.tags,
    e.typeSpecificData,
    e.startDateTime,
    e.endDateTime,
    e.status,
    e.createdAt,
    uc.username,
    e.modifiedAt,
    um.username
)
FROM Event e
JOIN Organization o ON e.organizationId = o.id
JOIN Category c ON e.categoryId = c.id
LEFT JOIN User uc ON e.createdBy = uc.id
LEFT JOIN User um ON e.modifiedBy = um.id
WHERE e.id = :eventId
' validation failed for method public abstract java.util.Optional com.example.eventsphere.repository.EventRepository.findEventDetailsById(java.util.UUID)
	at org.springframework.beans.factory.support.ConstructorResolver.createArgumentArray(ConstructorResolver.java:804)
	at org.springframework.beans.factory.support.ConstructorResolver.autowireConstructor(ConstructorResolver.java:240)
	at org.springframework.beans.factory.support.AbstractAutowireCapableBeanFactory.autowireConstructor(AbstractAutowireCapableBeanFactory.java:1395)
	at org.springframework.beans.factory.support.AbstractAutowireCapableBeanFactory.createBeanInstance(AbstractAutowireCapableBeanFactory.java:1232)
	at org.springframework.beans.factory.support.AbstractAutowireCapableBeanFactory.doCreateBean(AbstractAutowireCapableBeanFactory.java:569)
	at org.springframework.beans.factory.support.AbstractAutowireCapableBeanFactory.createBean(AbstractAutowireCapableBeanFactory.java:529)
	at org.springframework.beans.factory.support.AbstractBeanFactory.lambda$doGetBean$0(AbstractBeanFactory.java:339)
	at org.springframework.beans.factory.support.DefaultSingletonBeanRegistry.getSingleton(DefaultSingletonBeanRegistry.java:373)
	at org.springframework.beans.factory.support.AbstractBeanFactory.doGetBean(AbstractBeanFactory.java:337)
	at org.springframework.beans.factory.support.AbstractBeanFactory.getBean(AbstractBeanFactory.java:202)
	at org.springframework.beans.factory.support.DefaultListableBeanFactory.doResolveDependency(DefaultListableBeanFactory.java:1708)
	at org.springframework.beans.factory.support.DefaultListableBeanFactory.resolveDependency(DefaultListableBeanFactory.java:1653)
	at org.springframework.beans.factory.support.ConstructorResolver.resolveAutowiredArgument(ConstructorResolver.java:913)
	at org.springframework.beans.factory.support.ConstructorResolver.createArgumentArray(ConstructorResolver.java:791)
	... 21 common frames omitted
Caused by: org.springframework.beans.factory.BeanCreationException: Error creating bean with name 'eventRepository' defined in com.example.eventsphere.repository.EventRepository defined in @EnableJpaRepositories declared on JpaRepositoriesRegistrar.EnableJpaRepositoriesConfiguration: Could not create query for public abstract java.util.Optional com.example.eventsphere.repository.EventRepository.findEventDetailsById(java.util.UUID); Reason: Query 'SELECT new com.example.eventsphere.dto.EventDTO(
    e.id,
    o.name,
    c.name,
    e.title,
    e.venue,
    e.imageUrl,
    e.address,
    e.city,
    e.state,
    e.country,
    e.location,
    e.layoutType,
    e.tags,
    e.typeSpecificData,
    e.startDateTime,
    e.endDateTime,
    e.status,
    e.createdAt,
    uc.username,
    e.modifiedAt,
    um.username
)
FROM Event e
JOIN Organization o ON e.organizationId = o.id
JOIN Category c ON e.categoryId = c.id
LEFT JOIN User uc ON e.createdBy = uc.id
LEFT JOIN User um ON e.modifiedBy = um.id
WHERE e.id = :eventId
' validation failed for method public abstract java.util.Optional com.example.eventsphere.repository.EventRepository.findEventDetailsById(java.util.UUID)
	at org.springframework.beans.factory.support.AbstractAutowireCapableBeanFactory.initializeBean(AbstractAutowireCapableBeanFactory.java:1826)
	at org.springframework.beans.factory.support.AbstractAutowireCapableBeanFactory.doCreateBean(AbstractAutowireCapableBeanFactory.java:607)
	at org.springframework.beans.factory.support.AbstractAutowireCapableBeanFactory.createBean(AbstractAutowireCapableBeanFactory.java:529)
	at org.springframework.beans.factory.support.AbstractBeanFactory.lambda$doGetBean$0(AbstractBeanFactory.java:339)
	at org.springframework.beans.factory.support.DefaultSingletonBeanRegistry.getSingleton(DefaultSingletonBeanRegistry.java:373)
	at org.springframework.beans.factory.support.AbstractBeanFactory.doGetBean(AbstractBeanFactory.java:337)
	at org.springframework.beans.factory.support.AbstractBeanFactory.getBean(AbstractBeanFactory.java:202)
	at org.springframework.beans.factory.support.DefaultListableBeanFactory.doResolveDependency(DefaultListableBeanFactory.java:1708)
	at org.springframework.beans.factory.support.DefaultListableBeanFactory.resolveDependency(DefaultListableBeanFactory.java:1653)
	at org.springframework.beans.factory.support.ConstructorResolver.resolveAutowiredArgument(ConstructorResolver.java:913)
	at org.springframework.beans.factory.support.ConstructorResolver.createArgumentArray(ConstructorResolver.java:791)
	... 34 common frames omitted
Caused by: org.springframework.data.repository.query.QueryCreationException: Could not create query for public abstract java.util.Optional com.example.eventsphere.repository.EventRepository.findEventDetailsById(java.util.UUID); Reason: Query 'SELECT new com.example.eventsphere.dto.EventDTO(
    e.id,
    o.name,
    c.name,
    e.title,
    e.venue,
    e.imageUrl,
    e.address,
    e.city,
    e.state,
    e.country,
    e.location,
    e.layoutType,
    e.tags,
    e.typeSpecificData,
    e.startDateTime,
    e.endDateTime,
    e.status,
    e.createdAt,
    uc.username,
    e.modifiedAt,
    um.username
)
FROM Event e
JOIN Organization o ON e.organizationId = o.id
JOIN Category c ON e.categoryId = c.id
LEFT JOIN User uc ON e.createdBy = uc.id
LEFT JOIN User um ON e.modifiedBy = um.id
WHERE e.id = :eventId
' validation failed for method public abstract java.util.Optional com.example.eventsphere.repository.EventRepository.findEventDetailsById(java.util.UUID)
	at org.springframework.data.repository.query.QueryCreationException.create(QueryCreationException.java:101)
	at org.springframework.data.repository.core.support.QueryExecutorMethodInterceptor.lookupQuery(QueryExecutorMethodInterceptor.java:120)
	at org.springframework.data.repository.core.support.QueryExecutorMethodInterceptor.mapMethodsToQuery(QueryExecutorMethodInterceptor.java:104)
	at org.springframework.data.repository.core.support.QueryExecutorMethodInterceptor.lambda$new$0(QueryExecutorMethodInterceptor.java:92)
	at java.base/java.util.Optional.map(Optional.java:260)
	at org.springframework.data.repository.core.support.QueryExecutorMethodInterceptor.<init>(QueryExecutorMethodInterceptor.java:92)
	at org.springframework.data.repository.core.support.RepositoryFactorySupport.getRepository(RepositoryFactorySupport.java:434)
	at org.springframework.data.repository.core.support.RepositoryFactoryBeanSupport.lambda$afterPropertiesSet$4(RepositoryFactoryBeanSupport.java:355)
	at org.springframework.data.util.Lazy.getNullable(Lazy.java:135)
	at org.springframework.data.util.Lazy.get(Lazy.java:113)
	at org.springframework.data.repository.core.support.RepositoryFactoryBeanSupport.afterPropertiesSet(RepositoryFactoryBeanSupport.java:361)
	at org.springframework.data.jpa.repository.support.JpaRepositoryFactoryBean.afterPropertiesSet(JpaRepositoryFactoryBean.java:132)
	at org.springframework.beans.factory.support.AbstractAutowireCapableBeanFactory.invokeInitMethods(AbstractAutowireCapableBeanFactory.java:1873)
	at org.springframework.beans.factory.support.AbstractAutowireCapableBeanFactory.initializeBean(AbstractAutowireCapableBeanFactory.java:1822)
	... 44 common frames omitted
Caused by: java.lang.IllegalArgumentException: Query 'SELECT new com.example.eventsphere.dto.EventDTO(
    e.id,
    o.name,
    c.name,
    e.title,
    e.venue,
    e.imageUrl,
    e.address,
    e.city,
    e.state,
    e.country,
    e.location,
    e.layoutType,
    e.tags,
    e.typeSpecificData,
    e.startDateTime,
    e.endDateTime,
    e.status,
    e.createdAt,
    uc.username,
    e.modifiedAt,
    um.username
)
FROM Event e
JOIN Organization o ON e.organizationId = o.id
JOIN Category c ON e.categoryId = c.id
LEFT JOIN User uc ON e.createdBy = uc.id
LEFT JOIN User um ON e.modifiedBy = um.id
WHERE e.id = :eventId
' validation failed for method public abstract java.util.Optional com.example.eventsphere.repository.EventRepository.findEventDetailsById(java.util.UUID)
	at org.springframework.data.jpa.repository.query.SimpleJpaQuery.validateQuery(SimpleJpaQuery.java:93)
	at org.springframework.data.jpa.repository.query.SimpleJpaQuery.<init>(SimpleJpaQuery.java:67)
	at org.springframework.data.jpa.repository.query.JpaQueryFactory.fromMethodWithQueryString(JpaQueryFactory.java:49)
	at org.springframework.data.jpa.repository.query.JpaQueryLookupStrategy$DeclaredQueryLookupStrategy.resolveQuery(JpaQueryLookupStrategy.java:174)
	at org.springframework.data.jpa.repository.query.JpaQueryLookupStrategy$CreateIfNotFoundQueryLookupStrategy.resolveQuery(JpaQueryLookupStrategy.java:254)
	at org.springframework.data.jpa.repository.query.JpaQueryLookupStrategy$AbstractQueryLookupStrategy.resolveQuery(JpaQueryLookupStrategy.java:99)
	at org.springframework.data.repository.core.support.QueryExecutorMethodInterceptor.lookupQuery(QueryExecutorMethodInterceptor.java:116)
	... 56 common frames omitted
Caused by: java.lang.IllegalArgumentException: org.hibernate.query.SemanticException: Missing constructor for type 'EventDTO' [SELECT new com.example.eventsphere.dto.EventDTO(
    e.id,
    o.name,
    c.name,
    e.title,
    e.venue,
    e.imageUrl,
    e.address,
    e.city,
    e.state,
    e.country,
    e.location,
    e.layoutType,
    e.tags,
    e.typeSpecificData,
    e.startDateTime,
    e.endDateTime,
    e.status,
    e.createdAt,
    uc.username,
    e.modifiedAt,
    um.username
)
FROM Event e
JOIN Organization o ON e.organizationId = o.id
JOIN Category c ON e.categoryId = c.id
LEFT JOIN User uc ON e.createdBy = uc.id
LEFT JOIN User um ON e.modifiedBy = um.id
WHERE e.id = :eventId
]
	at org.hibernate.internal.ExceptionConverterImpl.convert(ExceptionConverterImpl.java:143)
	at org.hibernate.internal.ExceptionConverterImpl.convert(ExceptionConverterImpl.java:167)
	at org.hibernate.internal.ExceptionConverterImpl.convert(ExceptionConverterImpl.java:173)
	at org.hibernate.internal.AbstractSharedSessionContract.createQuery(AbstractSharedSessionContract.java:886)
	at org.hibernate.internal.AbstractSharedSessionContract.createQuery(AbstractSharedSessionContract.java:796)
	at org.hibernate.internal.AbstractSharedSessionContract.createQuery(AbstractSharedSessionContract.java:143)
	at java.base/jdk.internal.reflect.NativeMethodAccessorImpl.invoke0(Native Method)
	at java.base/jdk.internal.reflect.NativeMethodAccessorImpl.invoke(NativeMethodAccessorImpl.java:77)
	at java.base/jdk.internal.reflect.DelegatingMethodAccessorImpl.invoke(DelegatingMethodAccessorImpl.java:43)
	at java.base/java.lang.reflect.Method.invoke(Method.java:569)
	at org.springframework.orm.jpa.ExtendedEntityManagerCreator$ExtendedEntityManagerInvocationHandler.invoke(ExtendedEntityManagerCreator.java:364)
	at jdk.proxy2/jdk.proxy2.$Proxy146.createQuery(Unknown Source)
	at org.springframework.data.jpa.repository.query.SimpleJpaQuery.validateQuery(SimpleJpaQuery.java:88)
	... 62 common frames omitted
Caused by: org.hibernate.query.SemanticException: Missing constructor for type 'EventDTO' [SELECT new com.example.eventsphere.dto.EventDTO(
    e.id,
    o.name,
    c.name,
    e.title,
    e.venue,
    e.imageUrl,
    e.address,
    e.city,
    e.state,
    e.country,
    e.location,
    e.layoutType,
    e.tags,
    e.typeSpecificData,
    e.startDateTime,
    e.endDateTime,
    e.status,
    e.createdAt,
    uc.username,
    e.modifiedAt,
    um.username
)
FROM Event e
JOIN Organization o ON e.organizationId = o.id
JOIN Category c ON e.categoryId = c.id
LEFT JOIN User uc ON e.createdBy = uc.id
LEFT JOIN User um ON e.modifiedBy = um.id
WHERE e.id = :eventId
]
	at org.hibernate.query.hql.internal.SemanticQueryBuilder.visitInstantiation(SemanticQueryBuilder.java:1504)
	at org.hibernate.query.hql.internal.SemanticQueryBuilder.visitInstantiation(SemanticQueryBuilder.java:278)
	at org.hibernate.grammars.hql.HqlParser$InstantiationContext.accept(HqlParser.java:3977)
	at org.hibernate.query.hql.internal.SemanticQueryBuilder.visitSelectableNode(SemanticQueryBuilder.java:1451)
	at org.hibernate.query.hql.internal.SemanticQueryBuilder.visitSelection(SemanticQueryBuilder.java:1405)
	at org.hibernate.query.hql.internal.SemanticQueryBuilder.visitSelectClause(SemanticQueryBuilder.java:1398)
	at org.hibernate.query.hql.internal.SemanticQueryBuilder.visitQuery(SemanticQueryBuilder.java:1247)
	at org.hibernate.query.hql.internal.SemanticQueryBuilder.visitQuerySpecExpression(SemanticQueryBuilder.java:1029)
	at org.hibernate.query.hql.internal.SemanticQueryBuilder.visitQuerySpecExpression(SemanticQueryBuilder.java:278)
	at org.hibernate.grammars.hql.HqlParser$QuerySpecExpressionContext.accept(HqlParser.java:2077)
	at org.hibernate.query.hql.internal.SemanticQueryBuilder.visitQueryExpression(SemanticQueryBuilder.java:1063)
	at org.hibernate.query.hql.internal.SemanticQueryBuilder.visitQueryExpression(SemanticQueryBuilder.java:278)
	at org.hibernate.grammars.hql.HqlParser$QueryExpressionContext.accept(HqlParser.java:1973)
	at org.hibernate.query.hql.internal.SemanticQueryBuilder.visitSelectStatement(SemanticQueryBuilder.java:493)
	at org.hibernate.query.hql.internal.SemanticQueryBuilder.visitStatement(SemanticQueryBuilder.java:452)
	at org.hibernate.query.hql.internal.SemanticQueryBuilder.buildSemanticModel(SemanticQueryBuilder.java:325)
	at org.hibernate.query.hql.internal.StandardHqlTranslator.translate(StandardHqlTranslator.java:71)
	at org.hibernate.query.internal.QueryInterpretationCacheStandardImpl.createHqlInterpretation(QueryInterpretationCacheStandardImpl.java:145)
	at org.hibernate.query.internal.QueryInterpretationCacheStandardImpl.resolveHqlInterpretation(QueryInterpretationCacheStandardImpl.java:132)
	at org.hibernate.query.spi.QueryEngine.interpretHql(QueryEngine.java:54)
	at org.hibernate.internal.AbstractSharedSessionContract.interpretHql(AbstractSharedSessionContract.java:832)
	at org.hibernate.internal.AbstractSharedSessionContract.createQuery(AbstractSharedSessionContract.java:878)
	... 71 common frames omitted
2026-05-11 20:48:54 [background-preinit] INFO  [IP:  | User Name:  | User ID:  |  ] o.h.validator.internal.util.Version - HV000001: Hibernate Validator 8.0.3.Final
2026-05-11 20:48:54 [main] INFO  [IP:  | User Name:  | User ID:  |  ] c.e.e.EventsphereApplication - Starting EventsphereApplication using Java 17.0.14 with PID 13404 (H:\Ali Imran\Softwares Ali Imran\SpringBoot\eventsphere\target\classes started by irkco in H:\Ali Imran\Softwares Ali Imran\SpringBoot\eventsphere)
2026-05-11 20:48:54 [main] INFO  [IP:  | User Name:  | User ID:  |  ] c.e.e.EventsphereApplication - No active profile set, falling back to 1 default profile: "default"
2026-05-11 20:48:56 [main] INFO  [IP:  | User Name:  | User ID:  |  ] o.s.d.r.c.RepositoryConfigurationDelegate - Multiple Spring Data modules found, entering strict repository configuration mode
2026-05-11 20:48:56 [main] INFO  [IP:  | User Name:  | User ID:  |  ] o.s.d.r.c.RepositoryConfigurationDelegate - Bootstrapping Spring Data JPA repositories in DEFAULT mode.
2026-05-11 20:48:56 [main] INFO  [IP:  | User Name:  | User ID:  |  ] o.s.d.r.c.RepositoryConfigurationDelegate - Finished Spring Data repository scanning in 211 ms. Found 6 JPA repository interfaces.
2026-05-11 20:48:56 [main] INFO  [IP:  | User Name:  | User ID:  |  ] o.s.d.r.c.RepositoryConfigurationDelegate - Multiple Spring Data modules found, entering strict repository configuration mode
2026-05-11 20:48:56 [main] INFO  [IP:  | User Name:  | User ID:  |  ] o.s.d.r.c.RepositoryConfigurationDelegate - Bootstrapping Spring Data Redis repositories in DEFAULT mode.
2026-05-11 20:48:56 [main] INFO  [IP:  | User Name:  | User ID:  |  ] o.s.d.r.c.RepositoryConfigurationExtensionSupport - Spring Data Redis - Could not safely identify store assignment for repository candidate interface com.example.eventsphere.repository.CategoryRepository; If you want this repository to be a Redis repository, consider annotating your entities with one of these annotations: org.springframework.data.redis.core.RedisHash (preferred), or consider extending one of the following types with your repository: org.springframework.data.keyvalue.repository.KeyValueRepository
2026-05-11 20:48:56 [main] INFO  [IP:  | User Name:  | User ID:  |  ] o.s.d.r.c.RepositoryConfigurationExtensionSupport - Spring Data Redis - Could not safely identify store assignment for repository candidate interface com.example.eventsphere.repository.EventRepository; If you want this repository to be a Redis repository, consider annotating your entities with one of these annotations: org.springframework.data.redis.core.RedisHash (preferred), or consider extending one of the following types with your repository: org.springframework.data.keyvalue.repository.KeyValueRepository
2026-05-11 20:48:56 [main] INFO  [IP:  | User Name:  | User ID:  |  ] o.s.d.r.c.RepositoryConfigurationExtensionSupport - Spring Data Redis - Could not safely identify store assignment for repository candidate interface com.example.eventsphere.repository.OrganizationMemberRepository; If you want this repository to be a Redis repository, consider annotating your entities with one of these annotations: org.springframework.data.redis.core.RedisHash (preferred), or consider extending one of the following types with your repository: org.springframework.data.keyvalue.repository.KeyValueRepository
2026-05-11 20:48:56 [main] INFO  [IP:  | User Name:  | User ID:  |  ] o.s.d.r.c.RepositoryConfigurationExtensionSupport - Spring Data Redis - Could not safely identify store assignment for repository candidate interface com.example.eventsphere.repository.OrganizationRepository; If you want this repository to be a Redis repository, consider annotating your entities with one of these annotations: org.springframework.data.redis.core.RedisHash (preferred), or consider extending one of the following types with your repository: org.springframework.data.keyvalue.repository.KeyValueRepository
2026-05-11 20:48:56 [main] INFO  [IP:  | User Name:  | User ID:  |  ] o.s.d.r.c.RepositoryConfigurationExtensionSupport - Spring Data Redis - Could not safely identify store assignment for repository candidate interface com.example.eventsphere.repository.TokenRepository; If you want this repository to be a Redis repository, consider annotating your entities with one of these annotations: org.springframework.data.redis.core.RedisHash (preferred), or consider extending one of the following types with your repository: org.springframework.data.keyvalue.repository.KeyValueRepository
2026-05-11 20:48:56 [main] INFO  [IP:  | User Name:  | User ID:  |  ] o.s.d.r.c.RepositoryConfigurationExtensionSupport - Spring Data Redis - Could not safely identify store assignment for repository candidate interface com.example.eventsphere.repository.UserRepository; If you want this repository to be a Redis repository, consider annotating your entities with one of these annotations: org.springframework.data.redis.core.RedisHash (preferred), or consider extending one of the following types with your repository: org.springframework.data.keyvalue.repository.KeyValueRepository
2026-05-11 20:48:56 [main] INFO  [IP:  | User Name:  | User ID:  |  ] o.s.d.r.c.RepositoryConfigurationDelegate - Finished Spring Data repository scanning in 22 ms. Found 0 Redis repository interfaces.
2026-05-11 20:48:57 [main] INFO  [IP:  | User Name:  | User ID:  |  ] o.s.b.w.e.tomcat.TomcatWebServer - Tomcat initialized with port 8080 (http)
2026-05-11 20:48:57 [main] INFO  [IP:  | User Name:  | User ID:  |  ] o.a.coyote.http11.Http11NioProtocol - Initializing ProtocolHandler ["http-nio-8080"]
2026-05-11 20:48:57 [main] INFO  [IP:  | User Name:  | User ID:  |  ] o.a.catalina.core.StandardService - Starting service [Tomcat]
2026-05-11 20:48:57 [main] INFO  [IP:  | User Name:  | User ID:  |  ] o.a.catalina.core.StandardEngine - Starting Servlet engine: [Apache Tomcat/10.1.53]
2026-05-11 20:48:58 [main] INFO  [IP:  | User Name:  | User ID:  |  ] o.a.c.c.C.[Tomcat].[localhost].[/] - Initializing Spring embedded WebApplicationContext
2026-05-11 20:48:58 [main] INFO  [IP:  | User Name:  | User ID:  |  ] o.s.b.w.s.c.ServletWebServerApplicationContext - Root WebApplicationContext: initialization completed in 3506 ms
2026-05-11 20:48:58 [main] INFO  [IP:  | User Name:  | User ID:  |  ] o.h.jpa.internal.util.LogHelper - HHH000204: Processing PersistenceUnitInfo [name: default]
2026-05-11 20:48:58 [main] INFO  [IP:  | User Name:  | User ID:  |  ] org.hibernate.Version - HHH000412: Hibernate ORM core version 6.6.45.Final
2026-05-11 20:48:58 [main] INFO  [IP:  | User Name:  | User ID:  |  ] o.h.s.integration.SpatialService - HHH80000001: hibernate-spatial integration enabled : true
2026-05-11 20:48:58 [main] INFO  [IP:  | User Name:  | User ID:  |  ] o.h.c.i.RegionFactoryInitiator - HHH000026: Second-level cache disabled
2026-05-11 20:48:58 [main] INFO  [IP:  | User Name:  | User ID:  |  ] com.zaxxer.hikari.HikariDataSource - HikariPool-1 - Starting...
2026-05-11 20:49:00 [main] INFO  [IP:  | User Name:  | User ID:  |  ] com.zaxxer.hikari.pool.HikariPool - HikariPool-1 - Added connection org.postgresql.jdbc.PgConnection@6cbbfe29
2026-05-11 20:49:00 [main] INFO  [IP:  | User Name:  | User ID:  |  ] com.zaxxer.hikari.HikariDataSource - HikariPool-1 - Start completed.
2026-05-11 20:49:01 [main] WARN  [IP:  | User Name:  | User ID:  |  ] org.hibernate.orm.deprecation - HHH90000025: PostgreSQLDialect does not need to be specified explicitly using 'hibernate.dialect' (remove the property setting and it will be selected by default)
2026-05-11 20:49:01 [main] INFO  [IP:  | User Name:  | User ID:  |  ] o.hibernate.orm.connections.pooling - HHH10001005: Database info:
	Database JDBC URL [Connecting through datasource 'HikariDataSource (HikariPool-1)']
	Database driver: undefined/unknown
	Database version: 17.6
	Autocommit mode: undefined/unknown
	Isolation level: undefined/unknown
	Minimum pool size: undefined/unknown
	Maximum pool size: undefined/unknown
2026-05-11 20:49:01 [main] INFO  [IP:  | User Name:  | User ID:  |  ] org.hibernate.spatial - HHH80000003: hibernate-spatial adding type contributions from : org.hibernate.spatial.dialect.postgis.PostgisDialectContributor
2026-05-11 20:49:02 [main] INFO  [IP:  | User Name:  | User ID:  |  ] o.s.o.j.p.SpringPersistenceUnitInfo - No LoadTimeWeaver setup: ignoring JPA class transformer
2026-05-11 20:49:02 [main] INFO  [IP:  | User Name:  | User ID:  |  ] org.hibernate.spatial - HHH80000003: hibernate-spatial adding type contributions from : org.hibernate.spatial.dialect.postgis.PostgisDialectContributor
2026-05-11 20:49:02 [main] INFO  [IP:  | User Name:  | User ID:  |  ] org.hibernate.spatial - HHH80000004: hibernate-spatial adding function contributions from : org.hibernate.spatial.dialect.postgis.PostgisDialectContributor
2026-05-11 20:49:03 [main] INFO  [IP:  | User Name:  | User ID:  |  ] o.h.e.t.j.p.i.JtaPlatformInitiator - HHH000489: No JTA platform available (set 'hibernate.transaction.jta.platform' to enable JTA platform integration)
2026-05-11 20:49:03 [main] INFO  [IP:  | User Name:  | User ID:  |  ] o.s.o.j.LocalContainerEntityManagerFactoryBean - Initialized JPA EntityManagerFactory for persistence unit 'default'
2026-05-11 20:49:03 [main] INFO  [IP:  | User Name:  | User ID:  |  ] o.s.d.j.r.query.QueryEnhancerFactory - Hibernate is in classpath; If applicable, HQL parser will be used.
2026-05-11 20:49:07 [main] INFO  [IP:  | User Name:  | User ID:  |  ] o.s.s.c.a.a.c.InitializeAuthenticationProviderBeanManagerConfigurer$InitializeAuthenticationProviderManagerConfigurer - Global AuthenticationManager configured with AuthenticationProvider bean with name authenticationProvider
2026-05-11 20:49:07 [main] WARN  [IP:  | User Name:  | User ID:  |  ] o.s.s.c.a.a.c.InitializeUserDetailsBeanManagerConfigurer$InitializeUserDetailsManagerConfigurer - Global AuthenticationManager configured with an AuthenticationProvider bean. UserDetailsService beans will not be used by Spring Security for automatically configuring username/password login. Consider removing the AuthenticationProvider bean. Alternatively, consider using the UserDetailsService in a manually instantiated DaoAuthenticationProvider. If the current configuration is intentional, to turn off this warning, increase the logging level of 'org.springframework.security.config.annotation.authentication.configuration.InitializeUserDetailsBeanManagerConfigurer' to ERROR
2026-05-11 20:49:08 [main] INFO  [IP:  | User Name:  | User ID:  |  ] o.a.coyote.http11.Http11NioProtocol - Starting ProtocolHandler ["http-nio-8080"]
2026-05-11 20:49:08 [main] INFO  [IP:  | User Name:  | User ID:  |  ] o.s.b.w.e.tomcat.TomcatWebServer - Tomcat started on port 8080 (http) with context path '/'
2026-05-11 20:49:08 [main] INFO  [IP:  | User Name:  | User ID:  |  ] c.e.e.EventsphereApplication - Started EventsphereApplication in 15.083 seconds (process running for 15.743)
2026-05-11 20:49:09 [main] INFO  [IP:  | User Name:  | User ID:  |  ] c.e.eventsphere.config.AdminConfig - Default Admin already exists. Skipping seeding.
2026-05-11 20:50:08 [http-nio-8080-exec-1] INFO  [IP:  | User Name:  | User ID:  |  ] o.a.c.c.C.[Tomcat].[localhost].[/] - Initializing Spring DispatcherServlet 'dispatcherServlet'
2026-05-11 20:50:08 [http-nio-8080-exec-1] INFO  [IP:  | User Name:  | User ID:  |  ] o.s.web.servlet.DispatcherServlet - Initializing Servlet 'dispatcherServlet'
2026-05-11 20:50:08 [http-nio-8080-exec-1] INFO  [IP:  | User Name:  | User ID:  |  ] o.s.web.servlet.DispatcherServlet - Completed initialization in 1 ms
2026-05-11 20:50:08 [http-nio-8080-exec-1] INFO  [IP: 0:0:0:0:0:0:0:1 | User Name: anonymous_user | User ID: anonymous_id | GET /swagger-ui/index.html] c.e.e.filter.RequestLoggingFilter - Incoming Request
2026-05-11 20:50:08 [http-nio-8080-exec-1] INFO  [IP: 0:0:0:0:0:0:0:1 | User Name: anonymous_user | User ID: anonymous_id | GET /swagger-ui/index.html] c.e.e.filter.RequestLoggingFilter - Completed in 46 ms with status 200
2026-05-11 20:50:08 [http-nio-8080-exec-2] INFO  [IP: 0:0:0:0:0:0:0:1 | User Name: anonymous_user | User ID: anonymous_id | GET /swagger-ui/swagger-ui.css] c.e.e.filter.RequestLoggingFilter - Incoming Request
2026-05-11 20:50:08 [http-nio-8080-exec-3] INFO  [IP: 0:0:0:0:0:0:0:1 | User Name: anonymous_user | User ID: anonymous_id | GET /swagger-ui/index.css] c.e.e.filter.RequestLoggingFilter - Incoming Request
2026-05-11 20:50:08 [http-nio-8080-exec-4] INFO  [IP: 0:0:0:0:0:0:0:1 | User Name: anonymous_user | User ID: anonymous_id | GET /swagger-ui/swagger-ui-bundle.js] c.e.e.filter.RequestLoggingFilter - Incoming Request
2026-05-11 20:50:08 [http-nio-8080-exec-5] INFO  [IP: 0:0:0:0:0:0:0:1 | User Name: anonymous_user | User ID: anonymous_id | GET /swagger-ui/swagger-ui-standalone-preset.js] c.e.e.filter.RequestLoggingFilter - Incoming Request
2026-05-11 20:50:08 [http-nio-8080-exec-6] INFO  [IP: 0:0:0:0:0:0:0:1 | User Name: anonymous_user | User ID: anonymous_id | GET /swagger-ui/swagger-initializer.js] c.e.e.filter.RequestLoggingFilter - Incoming Request
2026-05-11 20:50:08 [http-nio-8080-exec-3] INFO  [IP: 0:0:0:0:0:0:0:1 | User Name: anonymous_user | User ID: anonymous_id | GET /swagger-ui/index.css] c.e.e.filter.RequestLoggingFilter - Completed in 6 ms with status 200
2026-05-11 20:50:08 [http-nio-8080-exec-2] INFO  [IP: 0:0:0:0:0:0:0:1 | User Name: anonymous_user | User ID: anonymous_id | GET /swagger-ui/swagger-ui.css] c.e.e.filter.RequestLoggingFilter - Completed in 8 ms with status 200
2026-05-11 20:50:08 [http-nio-8080-exec-5] INFO  [IP: 0:0:0:0:0:0:0:1 | User Name: anonymous_user | User ID: anonymous_id | GET /swagger-ui/swagger-ui-standalone-preset.js] c.e.e.filter.RequestLoggingFilter - Completed in 10 ms with status 200
2026-05-11 20:50:08 [http-nio-8080-exec-4] INFO  [IP: 0:0:0:0:0:0:0:1 | User Name: anonymous_user | User ID: anonymous_id | GET /swagger-ui/swagger-ui-bundle.js] c.e.e.filter.RequestLoggingFilter - Completed in 32 ms with status 200
2026-05-11 20:50:08 [http-nio-8080-exec-6] INFO  [IP: 0:0:0:0:0:0:0:1 | User Name: anonymous_user | User ID: anonymous_id | GET /swagger-ui/swagger-initializer.js] c.e.e.filter.RequestLoggingFilter - Completed in 50 ms with status 200
2026-05-11 20:50:08 [http-nio-8080-exec-7] INFO  [IP: 0:0:0:0:0:0:0:1 | User Name: anonymous_user | User ID: anonymous_id | GET /v3/api-docs/swagger-config] c.e.e.filter.RequestLoggingFilter - Incoming Request
2026-05-11 20:50:08 [http-nio-8080-exec-8] INFO  [IP: 0:0:0:0:0:0:0:1 | User Name: anonymous_user | User ID: anonymous_id | GET /swagger-ui/favicon-32x32.png] c.e.e.filter.RequestLoggingFilter - Incoming Request
2026-05-11 20:50:08 [http-nio-8080-exec-8] INFO  [IP: 0:0:0:0:0:0:0:1 | User Name: anonymous_user | User ID: anonymous_id | GET /swagger-ui/favicon-32x32.png] c.e.e.filter.RequestLoggingFilter - Completed in 3 ms with status 200
2026-05-11 20:50:08 [http-nio-8080-exec-7] INFO  [IP: 0:0:0:0:0:0:0:1 | User Name: anonymous_user | User ID: anonymous_id | GET /v3/api-docs/swagger-config] c.e.e.filter.RequestLoggingFilter - Completed in 55 ms with status 200
2026-05-11 20:50:08 [http-nio-8080-exec-9] INFO  [IP: 0:0:0:0:0:0:0:1 | User Name: anonymous_user | User ID: anonymous_id | GET /v3/api-docs] c.e.e.filter.RequestLoggingFilter - Incoming Request
2026-05-11 20:50:09 [http-nio-8080-exec-9] INFO  [IP: 0:0:0:0:0:0:0:1 | User Name: anonymous_user | User ID: anonymous_id | GET /v3/api-docs] o.s.api.AbstractOpenApiResource - Init duration for springdoc-openapi is: 1037 ms
2026-05-11 20:50:09 [http-nio-8080-exec-9] INFO  [IP: 0:0:0:0:0:0:0:1 | User Name: anonymous_user | User ID: anonymous_id | GET /v3/api-docs] c.e.e.filter.RequestLoggingFilter - Completed in 1100 ms with status 200
2026-05-11 20:50:35 [http-nio-8080-exec-10] INFO  [IP: 0:0:0:0:0:0:0:1 | User Name: anonymous_user | User ID: anonymous_id | POST /api/auth/login] c.e.e.filter.RequestLoggingFilter - Incoming Request
2026-05-11 20:50:35 [http-nio-8080-exec-10] INFO  [IP: 0:0:0:0:0:0:0:1 | User Name: anonymous_user | User ID: anonymous_id | POST /api/auth/login] c.e.eventsphere.service.TokenService - Secure Refresh Token generated and hashed for user ID: 81ca140f-1ec2-4231-b15e-dffd7ec0e491
2026-05-11 20:50:36 [http-nio-8080-exec-10] INFO  [IP: 0:0:0:0:0:0:0:1 | User Name: anonymous_user | User ID: anonymous_id | POST /api/auth/login] c.e.eventsphere.service.AuthService - Successful login for user: ali.imran
2026-05-11 20:50:36 [http-nio-8080-exec-10] INFO  [IP: 0:0:0:0:0:0:0:1 | User Name: anonymous_user | User ID: anonymous_id | POST /api/auth/login] c.e.e.filter.RequestLoggingFilter - Completed in 1165 ms with status 200
2026-05-11 20:50:52 [http-nio-8080-exec-1] INFO  [IP: 0:0:0:0:0:0:0:1 | User Name: ali.imran | User ID: 81ca140f-1ec2-4231-b15e-dffd7ec0e491 | GET /api/organization/my-org] c.e.e.filter.RequestLoggingFilter - Incoming Request
2026-05-11 20:50:52 [http-nio-8080-exec-1] INFO  [IP: 0:0:0:0:0:0:0:1 | User Name: ali.imran | User ID: 81ca140f-1ec2-4231-b15e-dffd7ec0e491 | GET /api/organization/my-org] c.e.e.filter.RequestLoggingFilter - Completed in 384 ms with status 200
2026-05-11 20:51:15 [http-nio-8080-exec-6] INFO  [IP: 0:0:0:0:0:0:0:1 | User Name: ali.imran | User ID: 81ca140f-1ec2-4231-b15e-dffd7ec0e491 | GET /api/event/get-org-events/84c8d754-a76d-41ab-b974-cf25e19da1eb] c.e.e.filter.RequestLoggingFilter - Incoming Request
2026-05-11 20:51:18 [http-nio-8080-exec-6] INFO  [IP: 0:0:0:0:0:0:0:1 | User Name: ali.imran | User ID: 81ca140f-1ec2-4231-b15e-dffd7ec0e491 | GET /api/event/get-org-events/84c8d754-a76d-41ab-b974-cf25e19da1eb] c.e.e.filter.RequestLoggingFilter - Completed in 2126 ms with status 200
2026-05-11 20:52:11 [http-nio-8080-exec-8] INFO  [IP: 0:0:0:0:0:0:0:1 | User Name: ali.imran | User ID: 81ca140f-1ec2-4231-b15e-dffd7ec0e491 | PATCH /api/event/edit-event/b0ce73c7-29ed-4c8c-87d0-4ce9ac8d07be] c.e.e.filter.RequestLoggingFilter - Incoming Request
2026-05-11 20:52:11 [http-nio-8080-exec-8] WARN  [IP: 0:0:0:0:0:0:0:1 | User Name: ali.imran | User ID: 81ca140f-1ec2-4231-b15e-dffd7ec0e491 | PATCH /api/event/edit-event/b0ce73c7-29ed-4c8c-87d0-4ce9ac8d07be] c.e.e.e.GlobalExceptionHandler - Validation failed at /api/event/edit-event/b0ce73c7-29ed-4c8c-87d0-4ce9ac8d07be: Validation failed for argument [1] in public org.springframework.http.ResponseEntity<com.example.eventsphere.entity.Event> com.example.eventsphere.controller.EventController.updateEventDetails(java.util.UUID,com.example.eventsphere.dto.UpdateEventRequest) with 2 errors: [Field error in object 'updateEventRequest' on field 'endDatetime': rejected value [2026-05-11T15:52:00.457Z]; codes [typeMismatch.updateEventRequest.endDatetime,typeMismatch.endDatetime,typeMismatch.java.time.LocalDateTime,typeMismatch]; arguments [org.springframework.context.support.DefaultMessageSourceResolvable: codes [updateEventRequest.endDatetime,endDatetime]; arguments []; default message [endDatetime]]; default message [Failed to convert property value of type 'java.lang.String' to required type 'java.time.LocalDateTime' for property 'endDatetime'; Failed to convert from type [java.lang.String] to type [java.time.LocalDateTime] for value [2026-05-11T15:52:00.457Z]]] [Field error in object 'updateEventRequest' on field 'startDatetime': rejected value [2026-05-11T15:52:00.457Z]; codes [typeMismatch.updateEventRequest.startDatetime,typeMismatch.startDatetime,typeMismatch.java.time.LocalDateTime,typeMismatch]; arguments [org.springframework.context.support.DefaultMessageSourceResolvable: codes [updateEventRequest.startDatetime,startDatetime]; arguments []; default message [startDatetime]]; default message [Failed to convert property value of type 'java.lang.String' to required type 'java.time.LocalDateTime' for property 'startDatetime'; Failed to convert from type [java.lang.String] to type [java.time.LocalDateTime] for value [2026-05-11T15:52:00.457Z]]] 
2026-05-11 20:52:11 [http-nio-8080-exec-8] INFO  [IP: 0:0:0:0:0:0:0:1 | User Name: ali.imran | User ID: 81ca140f-1ec2-4231-b15e-dffd7ec0e491 | PATCH /api/event/edit-event/b0ce73c7-29ed-4c8c-87d0-4ce9ac8d07be] c.e.e.filter.RequestLoggingFilter - Completed in 189 ms with status 400
2026-05-11 20:52:48 [http-nio-8080-exec-7] INFO  [IP: 0:0:0:0:0:0:0:1 | User Name: ali.imran | User ID: 81ca140f-1ec2-4231-b15e-dffd7ec0e491 | PATCH /api/event/edit-event/b0ce73c7-29ed-4c8c-87d0-4ce9ac8d07be] c.e.e.filter.RequestLoggingFilter - Incoming Request
2026-05-11 20:52:49 [http-nio-8080-exec-7] INFO  [IP: 0:0:0:0:0:0:0:1 | User Name: ali.imran | User ID: 81ca140f-1ec2-4231-b15e-dffd7ec0e491 | PATCH /api/event/edit-event/b0ce73c7-29ed-4c8c-87d0-4ce9ac8d07be] c.e.eventsphere.service.EventService - Event 'string' updated successfully by User ID: 81ca140f-1ec2-4231-b15e-dffd7ec0e491
2026-05-11 20:52:50 [http-nio-8080-exec-7] WARN  [IP: 0:0:0:0:0:0:0:1 | User Name: ali.imran | User ID: 81ca140f-1ec2-4231-b15e-dffd7ec0e491 | PATCH /api/event/edit-event/b0ce73c7-29ed-4c8c-87d0-4ce9ac8d07be] o.h.e.jdbc.spi.SqlExceptionHelper - SQL Error: 0, SQLState: 22P02
2026-05-11 20:52:50 [http-nio-8080-exec-7] ERROR [IP: 0:0:0:0:0:0:0:1 | User Name: ali.imran | User ID: 81ca140f-1ec2-4231-b15e-dffd7ec0e491 | PATCH /api/event/edit-event/b0ce73c7-29ed-4c8c-87d0-4ce9ac8d07be] o.h.e.jdbc.spi.SqlExceptionHelper - ERROR: invalid input syntax for type json
  Detail: Token "string" is invalid.
  Where: JSON data, line 1: string
unnamed portal parameter $20 = '...'
2026-05-11 20:52:50 [http-nio-8080-exec-7] WARN  [IP: 0:0:0:0:0:0:0:1 | User Name: ali.imran | User ID: 81ca140f-1ec2-4231-b15e-dffd7ec0e491 | PATCH /api/event/edit-event/b0ce73c7-29ed-4c8c-87d0-4ce9ac8d07be] c.e.e.e.GlobalExceptionHandler - Database constraint violation at /api/event/edit-event/b0ce73c7-29ed-4c8c-87d0-4ce9ac8d07be: could not execute statement [ERROR: invalid input syntax for type json
  Detail: Token "string" is invalid.
  Where: JSON data, line 1: string
unnamed portal parameter $20 = '...'] [update events set formatted_address=?,category_id=?,city=?,country=?,created_at=?,created_by=?,description=?,end_datetime=?,image_url=?,layout_type=?,location=?,modified_at=?,modified_by=?,organization_id=?,start_datetime=?,state_region=?,status=?,search_tags=?,title=?,type_specific_data=?,venue_name=? where event_id=?]; SQL [update events set formatted_address=?,category_id=?,city=?,country=?,created_at=?,created_by=?,description=?,end_datetime=?,image_url=?,layout_type=?,location=?,modified_at=?,modified_by=?,organization_id=?,start_datetime=?,state_region=?,status=?,search_tags=?,title=?,type_specific_data=?,venue_name=? where event_id=?]
2026-05-11 20:52:50 [http-nio-8080-exec-7] INFO  [IP: 0:0:0:0:0:0:0:1 | User Name: ali.imran | User ID: 81ca140f-1ec2-4231-b15e-dffd7ec0e491 | PATCH /api/event/edit-event/b0ce73c7-29ed-4c8c-87d0-4ce9ac8d07be] c.e.e.filter.RequestLoggingFilter - Completed in 1727 ms with status 409
2026-05-11 20:53:21 [http-nio-8080-exec-9] INFO  [IP: 0:0:0:0:0:0:0:1 | User Name: ali.imran | User ID: 81ca140f-1ec2-4231-b15e-dffd7ec0e491 | PATCH /api/event/edit-event/b0ce73c7-29ed-4c8c-87d0-4ce9ac8d07be] c.e.e.filter.RequestLoggingFilter - Incoming Request
2026-05-11 20:53:22 [http-nio-8080-exec-9] INFO  [IP: 0:0:0:0:0:0:0:1 | User Name: ali.imran | User ID: 81ca140f-1ec2-4231-b15e-dffd7ec0e491 | PATCH /api/event/edit-event/b0ce73c7-29ed-4c8c-87d0-4ce9ac8d07be] c.e.eventsphere.service.EventService - Event 'string' updated successfully by User ID: 81ca140f-1ec2-4231-b15e-dffd7ec0e491
2026-05-11 20:53:22 [http-nio-8080-exec-9] WARN  [IP: 0:0:0:0:0:0:0:1 | User Name: ali.imran | User ID: 81ca140f-1ec2-4231-b15e-dffd7ec0e491 | PATCH /api/event/edit-event/b0ce73c7-29ed-4c8c-87d0-4ce9ac8d07be] c.e.e.e.GlobalExceptionHandler - Business rule violation at /api/event/edit-event/b0ce73c7-29ed-4c8c-87d0-4ce9ac8d07be: Could not write JSON: Document nesting depth (1001) exceeds the maximum allowed (1000, from `StreamWriteConstraints.getMaxNestingDepth()`)
2026-05-11 20:53:22 [http-nio-8080-exec-9] INFO  [IP: 0:0:0:0:0:0:0:1 | User Name: ali.imran | User ID: 81ca140f-1ec2-4231-b15e-dffd7ec0e491 | PATCH /api/event/edit-event/b0ce73c7-29ed-4c8c-87d0-4ce9ac8d07be] c.e.e.filter.RequestLoggingFilter - Completed in 1275 ms with status 200
2026-05-11 20:56:22 [SpringApplicationShutdownHook] INFO  [IP:  | User Name:  | User ID:  |  ] o.s.b.w.e.tomcat.GracefulShutdown - Commencing graceful shutdown. Waiting for active requests to complete
2026-05-11 20:56:22 [tomcat-shutdown] INFO  [IP:  | User Name:  | User ID:  |  ] o.s.b.w.e.tomcat.GracefulShutdown - Graceful shutdown complete
2026-05-11 20:56:22 [SpringApplicationShutdownHook] INFO  [IP:  | User Name:  | User ID:  |  ] o.s.o.j.LocalContainerEntityManagerFactoryBean - Closing JPA EntityManagerFactory for persistence unit 'default'
2026-05-11 20:56:22 [SpringApplicationShutdownHook] INFO  [IP:  | User Name:  | User ID:  |  ] com.zaxxer.hikari.HikariDataSource - HikariPool-1 - Shutdown initiated...
2026-05-11 20:56:22 [SpringApplicationShutdownHook] INFO  [IP:  | User Name:  | User ID:  |  ] com.zaxxer.hikari.HikariDataSource - HikariPool-1 - Shutdown completed.
2026-05-11 20:56:28 [background-preinit] INFO  [IP:  | User Name:  | User ID:  |  ] o.h.validator.internal.util.Version - HV000001: Hibernate Validator 8.0.3.Final
2026-05-11 20:56:28 [main] INFO  [IP:  | User Name:  | User ID:  |  ] c.e.e.EventsphereApplication - Starting EventsphereApplication using Java 17.0.14 with PID 17944 (H:\Ali Imran\Softwares Ali Imran\SpringBoot\eventsphere\target\classes started by irkco in H:\Ali Imran\Softwares Ali Imran\SpringBoot\eventsphere)
2026-05-11 20:56:28 [main] INFO  [IP:  | User Name:  | User ID:  |  ] c.e.e.EventsphereApplication - No active profile set, falling back to 1 default profile: "default"
2026-05-11 20:56:30 [main] INFO  [IP:  | User Name:  | User ID:  |  ] o.s.d.r.c.RepositoryConfigurationDelegate - Multiple Spring Data modules found, entering strict repository configuration mode
2026-05-11 20:56:30 [main] INFO  [IP:  | User Name:  | User ID:  |  ] o.s.d.r.c.RepositoryConfigurationDelegate - Bootstrapping Spring Data JPA repositories in DEFAULT mode.
2026-05-11 20:56:30 [main] INFO  [IP:  | User Name:  | User ID:  |  ] o.s.d.r.c.RepositoryConfigurationDelegate - Finished Spring Data repository scanning in 188 ms. Found 6 JPA repository interfaces.
2026-05-11 20:56:30 [main] INFO  [IP:  | User Name:  | User ID:  |  ] o.s.d.r.c.RepositoryConfigurationDelegate - Multiple Spring Data modules found, entering strict repository configuration mode
2026-05-11 20:56:30 [main] INFO  [IP:  | User Name:  | User ID:  |  ] o.s.d.r.c.RepositoryConfigurationDelegate - Bootstrapping Spring Data Redis repositories in DEFAULT mode.
2026-05-11 20:56:30 [main] INFO  [IP:  | User Name:  | User ID:  |  ] o.s.d.r.c.RepositoryConfigurationExtensionSupport - Spring Data Redis - Could not safely identify store assignment for repository candidate interface com.example.eventsphere.repository.CategoryRepository; If you want this repository to be a Redis repository, consider annotating your entities with one of these annotations: org.springframework.data.redis.core.RedisHash (preferred), or consider extending one of the following types with your repository: org.springframework.data.keyvalue.repository.KeyValueRepository
2026-05-11 20:56:30 [main] INFO  [IP:  | User Name:  | User ID:  |  ] o.s.d.r.c.RepositoryConfigurationExtensionSupport - Spring Data Redis - Could not safely identify store assignment for repository candidate interface com.example.eventsphere.repository.EventRepository; If you want this repository to be a Redis repository, consider annotating your entities with one of these annotations: org.springframework.data.redis.core.RedisHash (preferred), or consider extending one of the following types with your repository: org.springframework.data.keyvalue.repository.KeyValueRepository
2026-05-11 20:56:30 [main] INFO  [IP:  | User Name:  | User ID:  |  ] o.s.d.r.c.RepositoryConfigurationExtensionSupport - Spring Data Redis - Could not safely identify store assignment for repository candidate interface com.example.eventsphere.repository.OrganizationMemberRepository; If you want this repository to be a Redis repository, consider annotating your entities with one of these annotations: org.springframework.data.redis.core.RedisHash (preferred), or consider extending one of the following types with your repository: org.springframework.data.keyvalue.repository.KeyValueRepository
2026-05-11 20:56:30 [main] INFO  [IP:  | User Name:  | User ID:  |  ] o.s.d.r.c.RepositoryConfigurationExtensionSupport - Spring Data Redis - Could not safely identify store assignment for repository candidate interface com.example.eventsphere.repository.OrganizationRepository; If you want this repository to be a Redis repository, consider annotating your entities with one of these annotations: org.springframework.data.redis.core.RedisHash (preferred), or consider extending one of the following types with your repository: org.springframework.data.keyvalue.repository.KeyValueRepository
2026-05-11 20:56:30 [main] INFO  [IP:  | User Name:  | User ID:  |  ] o.s.d.r.c.RepositoryConfigurationExtensionSupport - Spring Data Redis - Could not safely identify store assignment for repository candidate interface com.example.eventsphere.repository.TokenRepository; If you want this repository to be a Redis repository, consider annotating your entities with one of these annotations: org.springframework.data.redis.core.RedisHash (preferred), or consider extending one of the following types with your repository: org.springframework.data.keyvalue.repository.KeyValueRepository
2026-05-11 20:56:30 [main] INFO  [IP:  | User Name:  | User ID:  |  ] o.s.d.r.c.RepositoryConfigurationExtensionSupport - Spring Data Redis - Could not safely identify store assignment for repository candidate interface com.example.eventsphere.repository.UserRepository; If you want this repository to be a Redis repository, consider annotating your entities with one of these annotations: org.springframework.data.redis.core.RedisHash (preferred), or consider extending one of the following types with your repository: org.springframework.data.keyvalue.repository.KeyValueRepository
2026-05-11 20:56:30 [main] INFO  [IP:  | User Name:  | User ID:  |  ] o.s.d.r.c.RepositoryConfigurationDelegate - Finished Spring Data repository scanning in 20 ms. Found 0 Redis repository interfaces.
2026-05-11 20:56:32 [main] INFO  [IP:  | User Name:  | User ID:  |  ] o.s.b.w.e.tomcat.TomcatWebServer - Tomcat initialized with port 8080 (http)
2026-05-11 20:56:32 [main] INFO  [IP:  | User Name:  | User ID:  |  ] o.a.coyote.http11.Http11NioProtocol - Initializing ProtocolHandler ["http-nio-8080"]
2026-05-11 20:56:32 [main] INFO  [IP:  | User Name:  | User ID:  |  ] o.a.catalina.core.StandardService - Starting service [Tomcat]
2026-05-11 20:56:32 [main] INFO  [IP:  | User Name:  | User ID:  |  ] o.a.catalina.core.StandardEngine - Starting Servlet engine: [Apache Tomcat/10.1.53]
2026-05-11 20:56:32 [main] INFO  [IP:  | User Name:  | User ID:  |  ] o.a.c.c.C.[Tomcat].[localhost].[/] - Initializing Spring embedded WebApplicationContext
2026-05-11 20:56:32 [main] INFO  [IP:  | User Name:  | User ID:  |  ] o.s.b.w.s.c.ServletWebServerApplicationContext - Root WebApplicationContext: initialization completed in 3272 ms
2026-05-11 20:56:32 [main] INFO  [IP:  | User Name:  | User ID:  |  ] o.h.jpa.internal.util.LogHelper - HHH000204: Processing PersistenceUnitInfo [name: default]
2026-05-11 20:56:32 [main] INFO  [IP:  | User Name:  | User ID:  |  ] org.hibernate.Version - HHH000412: Hibernate ORM core version 6.6.45.Final
2026-05-11 20:56:32 [main] INFO  [IP:  | User Name:  | User ID:  |  ] o.h.s.integration.SpatialService - HHH80000001: hibernate-spatial integration enabled : true
2026-05-11 20:56:32 [main] INFO  [IP:  | User Name:  | User ID:  |  ] o.h.c.i.RegionFactoryInitiator - HHH000026: Second-level cache disabled
2026-05-11 20:56:32 [main] INFO  [IP:  | User Name:  | User ID:  |  ] com.zaxxer.hikari.HikariDataSource - HikariPool-1 - Starting...
2026-05-11 20:56:35 [main] INFO  [IP:  | User Name:  | User ID:  |  ] com.zaxxer.hikari.pool.HikariPool - HikariPool-1 - Added connection org.postgresql.jdbc.PgConnection@294ebe11
2026-05-11 20:56:35 [main] INFO  [IP:  | User Name:  | User ID:  |  ] com.zaxxer.hikari.HikariDataSource - HikariPool-1 - Start completed.
2026-05-11 20:56:35 [main] WARN  [IP:  | User Name:  | User ID:  |  ] org.hibernate.orm.deprecation - HHH90000025: PostgreSQLDialect does not need to be specified explicitly using 'hibernate.dialect' (remove the property setting and it will be selected by default)
2026-05-11 20:56:36 [main] INFO  [IP:  | User Name:  | User ID:  |  ] o.hibernate.orm.connections.pooling - HHH10001005: Database info:
	Database JDBC URL [Connecting through datasource 'HikariDataSource (HikariPool-1)']
	Database driver: undefined/unknown
	Database version: 17.6
	Autocommit mode: undefined/unknown
	Isolation level: undefined/unknown
	Minimum pool size: undefined/unknown
	Maximum pool size: undefined/unknown
2026-05-11 20:56:36 [main] INFO  [IP:  | User Name:  | User ID:  |  ] org.hibernate.spatial - HHH80000003: hibernate-spatial adding type contributions from : org.hibernate.spatial.dialect.postgis.PostgisDialectContributor
2026-05-11 20:56:36 [main] INFO  [IP:  | User Name:  | User ID:  |  ] o.s.o.j.p.SpringPersistenceUnitInfo - No LoadTimeWeaver setup: ignoring JPA class transformer
2026-05-11 20:56:36 [main] INFO  [IP:  | User Name:  | User ID:  |  ] org.hibernate.spatial - HHH80000003: hibernate-spatial adding type contributions from : org.hibernate.spatial.dialect.postgis.PostgisDialectContributor
2026-05-11 20:56:36 [main] INFO  [IP:  | User Name:  | User ID:  |  ] org.hibernate.spatial - HHH80000004: hibernate-spatial adding function contributions from : org.hibernate.spatial.dialect.postgis.PostgisDialectContributor
2026-05-11 20:56:37 [main] INFO  [IP:  | User Name:  | User ID:  |  ] o.h.e.t.j.p.i.JtaPlatformInitiator - HHH000489: No JTA platform available (set 'hibernate.transaction.jta.platform' to enable JTA platform integration)
2026-05-11 20:56:37 [main] INFO  [IP:  | User Name:  | User ID:  |  ] o.s.o.j.LocalContainerEntityManagerFactoryBean - Initialized JPA EntityManagerFactory for persistence unit 'default'
2026-05-11 20:56:38 [main] INFO  [IP:  | User Name:  | User ID:  |  ] o.s.d.j.r.query.QueryEnhancerFactory - Hibernate is in classpath; If applicable, HQL parser will be used.
2026-05-11 20:56:42 [main] INFO  [IP:  | User Name:  | User ID:  |  ] o.s.s.c.a.a.c.InitializeAuthenticationProviderBeanManagerConfigurer$InitializeAuthenticationProviderManagerConfigurer - Global AuthenticationManager configured with AuthenticationProvider bean with name authenticationProvider
2026-05-11 20:56:42 [main] WARN  [IP:  | User Name:  | User ID:  |  ] o.s.s.c.a.a.c.InitializeUserDetailsBeanManagerConfigurer$InitializeUserDetailsManagerConfigurer - Global AuthenticationManager configured with an AuthenticationProvider bean. UserDetailsService beans will not be used by Spring Security for automatically configuring username/password login. Consider removing the AuthenticationProvider bean. Alternatively, consider using the UserDetailsService in a manually instantiated DaoAuthenticationProvider. If the current configuration is intentional, to turn off this warning, increase the logging level of 'org.springframework.security.config.annotation.authentication.configuration.InitializeUserDetailsBeanManagerConfigurer' to ERROR
2026-05-11 20:56:42 [main] INFO  [IP:  | User Name:  | User ID:  |  ] o.a.coyote.http11.Http11NioProtocol - Starting ProtocolHandler ["http-nio-8080"]
2026-05-11 20:56:42 [main] INFO  [IP:  | User Name:  | User ID:  |  ] o.s.b.w.e.tomcat.TomcatWebServer - Tomcat started on port 8080 (http) with context path '/'
2026-05-11 20:56:42 [main] INFO  [IP:  | User Name:  | User ID:  |  ] c.e.e.EventsphereApplication - Started EventsphereApplication in 14.832 seconds (process running for 15.489)
2026-05-11 20:56:43 [main] INFO  [IP:  | User Name:  | User ID:  |  ] c.e.eventsphere.config.AdminConfig - Default Admin already exists. Skipping seeding.
2026-05-11 20:56:56 [http-nio-8080-exec-1] INFO  [IP:  | User Name:  | User ID:  |  ] o.a.c.c.C.[Tomcat].[localhost].[/] - Initializing Spring DispatcherServlet 'dispatcherServlet'
2026-05-11 20:56:56 [http-nio-8080-exec-1] INFO  [IP:  | User Name:  | User ID:  |  ] o.s.web.servlet.DispatcherServlet - Initializing Servlet 'dispatcherServlet'
2026-05-11 20:56:56 [http-nio-8080-exec-1] INFO  [IP:  | User Name:  | User ID:  |  ] o.s.web.servlet.DispatcherServlet - Completed initialization in 2 ms
2026-05-11 20:56:56 [http-nio-8080-exec-1] INFO  [IP: 0:0:0:0:0:0:0:1 | User Name: anonymous_user | User ID: anonymous_id | POST /api/auth/login] c.e.e.filter.RequestLoggingFilter - Incoming Request
2026-05-11 20:56:57 [http-nio-8080-exec-1] INFO  [IP: 0:0:0:0:0:0:0:1 | User Name: anonymous_user | User ID: anonymous_id | POST /api/auth/login] c.e.eventsphere.service.TokenService - Secure Refresh Token generated and hashed for user ID: 81ca140f-1ec2-4231-b15e-dffd7ec0e491
2026-05-11 20:56:57 [http-nio-8080-exec-1] INFO  [IP: 0:0:0:0:0:0:0:1 | User Name: anonymous_user | User ID: anonymous_id | POST /api/auth/login] c.e.eventsphere.service.AuthService - Successful login for user: ali.imran
2026-05-11 20:56:57 [http-nio-8080-exec-1] INFO  [IP: 0:0:0:0:0:0:0:1 | User Name: anonymous_user | User ID: anonymous_id | POST /api/auth/login] c.e.e.filter.RequestLoggingFilter - Completed in 1317 ms with status 200
2026-05-11 20:57:30 [http-nio-8080-exec-2] INFO  [IP: 0:0:0:0:0:0:0:1 | User Name: ali.imran | User ID: 81ca140f-1ec2-4231-b15e-dffd7ec0e491 | GET /api/organization/my-org] c.e.e.filter.RequestLoggingFilter - Incoming Request
2026-05-11 20:57:30 [http-nio-8080-exec-2] INFO  [IP: 0:0:0:0:0:0:0:1 | User Name: ali.imran | User ID: 81ca140f-1ec2-4231-b15e-dffd7ec0e491 | GET /api/organization/my-org] c.e.e.filter.RequestLoggingFilter - Completed in 405 ms with status 200
2026-05-11 20:57:49 [http-nio-8080-exec-3] INFO  [IP: 0:0:0:0:0:0:0:1 | User Name: ali.imran | User ID: 81ca140f-1ec2-4231-b15e-dffd7ec0e491 | GET /api/event/get-org-events/84c8d754-a76d-41ab-b974-cf25e19da1eb] c.e.e.filter.RequestLoggingFilter - Incoming Request
2026-05-11 20:57:51 [http-nio-8080-exec-3] INFO  [IP: 0:0:0:0:0:0:0:1 | User Name: ali.imran | User ID: 81ca140f-1ec2-4231-b15e-dffd7ec0e491 | GET /api/event/get-org-events/84c8d754-a76d-41ab-b974-cf25e19da1eb] c.e.e.filter.RequestLoggingFilter - Completed in 2465 ms with status 200
2026-05-11 20:58:08 [http-nio-8080-exec-4] INFO  [IP: 0:0:0:0:0:0:0:1 | User Name: ali.imran | User ID: 81ca140f-1ec2-4231-b15e-dffd7ec0e491 | GET /api/event/get-org-event-by-id/b0ce73c7-29ed-4c8c-87d0-4ce9ac8d07be] c.e.e.filter.RequestLoggingFilter - Incoming Request
2026-05-11 20:58:09 [http-nio-8080-exec-4] INFO  [IP: 0:0:0:0:0:0:0:1 | User Name: ali.imran | User ID: 81ca140f-1ec2-4231-b15e-dffd7ec0e491 | GET /api/event/get-org-event-by-id/b0ce73c7-29ed-4c8c-87d0-4ce9ac8d07be] c.e.e.filter.RequestLoggingFilter - Completed in 1357 ms with status 200
2026-05-11 20:58:56 [http-nio-8080-exec-5] INFO  [IP: 0:0:0:0:0:0:0:1 | User Name: ali.imran | User ID: 81ca140f-1ec2-4231-b15e-dffd7ec0e491 | PATCH /api/event/edit-event/b0ce73c7-29ed-4c8c-87d0-4ce9ac8d07be] c.e.e.filter.RequestLoggingFilter - Incoming Request
2026-05-11 20:58:56 [http-nio-8080-exec-5] ERROR [IP: 0:0:0:0:0:0:0:1 | User Name: ali.imran | User ID: 81ca140f-1ec2-4231-b15e-dffd7ec0e491 | PATCH /api/event/edit-event/b0ce73c7-29ed-4c8c-87d0-4ce9ac8d07be] c.e.e.e.GlobalExceptionHandler - CRITICAL: Unhandled exception at /api/event/edit-event/b0ce73c7-29ed-4c8c-87d0-4ce9ac8d07be
org.springframework.web.servlet.resource.NoResourceFoundException: No static resource api/event/edit-event/b0ce73c7-29ed-4c8c-87d0-4ce9ac8d07be.
	at org.springframework.web.servlet.resource.ResourceHttpRequestHandler.handleRequest(ResourceHttpRequestHandler.java:585)
	at org.springframework.web.servlet.mvc.HttpRequestHandlerAdapter.handle(HttpRequestHandlerAdapter.java:52)
	at org.springframework.web.servlet.DispatcherServlet.doDispatch(DispatcherServlet.java:1089)
	at org.springframework.web.servlet.DispatcherServlet.doService(DispatcherServlet.java:979)
	at org.springframework.web.servlet.FrameworkServlet.processRequest(FrameworkServlet.java:1014)
	at org.springframework.web.servlet.FrameworkServlet.service(FrameworkServlet.java:888)
	at jakarta.servlet.http.HttpServlet.service(HttpServlet.java:658)
	at org.apache.catalina.core.ApplicationFilterChain.internalDoFilter(ApplicationFilterChain.java:193)
	at org.apache.catalina.core.ApplicationFilterChain.doFilter(ApplicationFilterChain.java:138)
	at org.apache.tomcat.websocket.server.WsFilter.doFilter(WsFilter.java:51)
	at org.apache.catalina.core.ApplicationFilterChain.internalDoFilter(ApplicationFilterChain.java:162)
	at org.apache.catalina.core.ApplicationFilterChain.doFilter(ApplicationFilterChain.java:138)
	at org.springframework.web.filter.OncePerRequestFilter.doFilter(OncePerRequestFilter.java:110)
	at org.apache.catalina.core.ApplicationFilterChain.internalDoFilter(ApplicationFilterChain.java:162)
	at org.apache.catalina.core.ApplicationFilterChain.doFilter(ApplicationFilterChain.java:138)
	at org.springframework.web.filter.OncePerRequestFilter.doFilter(OncePerRequestFilter.java:110)
	at org.apache.catalina.core.ApplicationFilterChain.internalDoFilter(ApplicationFilterChain.java:162)
	at org.apache.catalina.core.ApplicationFilterChain.doFilter(ApplicationFilterChain.java:138)
	at org.springframework.web.filter.CompositeFilter$VirtualFilterChain.doFilter(CompositeFilter.java:108)
	at org.springframework.web.filter.CompositeFilter$VirtualFilterChain.doFilter(CompositeFilter.java:108)
	at org.springframework.security.web.FilterChainProxy.lambda$doFilterInternal$3(FilterChainProxy.java:231)
	at org.springframework.security.web.FilterChainProxy$VirtualFilterChain.doFilter(FilterChainProxy.java:365)
	at org.springframework.security.web.access.intercept.AuthorizationFilter.doFilter(AuthorizationFilter.java:101)
	at org.springframework.security.web.FilterChainProxy$VirtualFilterChain.doFilter(FilterChainProxy.java:374)
	at org.springframework.security.web.access.ExceptionTranslationFilter.doFilter(ExceptionTranslationFilter.java:125)
	at org.springframework.security.web.access.ExceptionTranslationFilter.doFilter(ExceptionTranslationFilter.java:119)
	at org.springframework.security.web.FilterChainProxy$VirtualFilterChain.doFilter(FilterChainProxy.java:374)
	at org.springframework.security.web.session.SessionManagementFilter.doFilter(SessionManagementFilter.java:131)
	at org.springframework.security.web.session.SessionManagementFilter.doFilter(SessionManagementFilter.java:85)
	at org.springframework.security.web.FilterChainProxy$VirtualFilterChain.doFilter(FilterChainProxy.java:374)
	at org.springframework.security.web.authentication.AnonymousAuthenticationFilter.doFilter(AnonymousAuthenticationFilter.java:100)
	at org.springframework.security.web.FilterChainProxy$VirtualFilterChain.doFilter(FilterChainProxy.java:374)
	at org.springframework.security.web.servletapi.SecurityContextHolderAwareRequestFilter.doFilter(SecurityContextHolderAwareRequestFilter.java:179)
	at org.springframework.security.web.FilterChainProxy$VirtualFilterChain.doFilter(FilterChainProxy.java:374)
	at org.springframework.security.web.savedrequest.RequestCacheAwareFilter.doFilter(RequestCacheAwareFilter.java:63)
	at org.springframework.security.web.FilterChainProxy$VirtualFilterChain.doFilter(FilterChainProxy.java:374)
	at com.example.eventsphere.filter.RequestLoggingFilter.doFilterInternal(RequestLoggingFilter.java:56)
	at org.springframework.web.filter.OncePerRequestFilter.doFilter(OncePerRequestFilter.java:116)
	at org.springframework.security.web.FilterChainProxy$VirtualFilterChain.doFilter(FilterChainProxy.java:374)
	at com.example.eventsphere.filter.JwtAuthenticationFilter.doFilterInternal(JwtAuthenticationFilter.java:77)
	at org.springframework.web.filter.OncePerRequestFilter.doFilter(OncePerRequestFilter.java:116)
	at org.springframework.security.web.FilterChainProxy$VirtualFilterChain.doFilter(FilterChainProxy.java:374)
	at org.springframework.security.web.authentication.logout.LogoutFilter.doFilter(LogoutFilter.java:107)
	at org.springframework.security.web.authentication.logout.LogoutFilter.doFilter(LogoutFilter.java:93)
	at org.springframework.security.web.FilterChainProxy$VirtualFilterChain.doFilter(FilterChainProxy.java:374)
	at org.springframework.web.filter.CorsFilter.doFilterInternal(CorsFilter.java:91)
	at org.springframework.web.filter.OncePerRequestFilter.doFilter(OncePerRequestFilter.java:116)
	at org.springframework.security.web.FilterChainProxy$VirtualFilterChain.doFilter(FilterChainProxy.java:374)
	at org.springframework.security.web.header.HeaderWriterFilter.doHeadersAfter(HeaderWriterFilter.java:90)
	at org.springframework.security.web.header.HeaderWriterFilter.doFilterInternal(HeaderWriterFilter.java:75)
	at org.springframework.web.filter.OncePerRequestFilter.doFilter(OncePerRequestFilter.java:116)
	at org.springframework.security.web.FilterChainProxy$VirtualFilterChain.doFilter(FilterChainProxy.java:374)
	at org.springframework.security.web.context.SecurityContextHolderFilter.doFilter(SecurityContextHolderFilter.java:82)
	at org.springframework.security.web.context.SecurityContextHolderFilter.doFilter(SecurityContextHolderFilter.java:69)
	at org.springframework.security.web.FilterChainProxy$VirtualFilterChain.doFilter(FilterChainProxy.java:374)
	at org.springframework.security.web.context.request.async.WebAsyncManagerIntegrationFilter.doFilterInternal(WebAsyncManagerIntegrationFilter.java:62)
	at org.springframework.web.filter.OncePerRequestFilter.doFilter(OncePerRequestFilter.java:116)
	at org.springframework.security.web.FilterChainProxy$VirtualFilterChain.doFilter(FilterChainProxy.java:374)
	at org.springframework.security.web.session.DisableEncodeUrlFilter.doFilterInternal(DisableEncodeUrlFilter.java:42)
	at org.springframework.web.filter.OncePerRequestFilter.doFilter(OncePerRequestFilter.java:116)
	at org.springframework.security.web.FilterChainProxy$VirtualFilterChain.doFilter(FilterChainProxy.java:374)
	at org.springframework.security.web.FilterChainProxy.doFilterInternal(FilterChainProxy.java:233)
	at org.springframework.security.web.FilterChainProxy.doFilter(FilterChainProxy.java:191)
	at org.springframework.web.filter.CompositeFilter$VirtualFilterChain.doFilter(CompositeFilter.java:113)
	at org.springframework.web.filter.ServletRequestPathFilter.doFilter(ServletRequestPathFilter.java:52)
	at org.springframework.web.filter.CompositeFilter$VirtualFilterChain.doFilter(CompositeFilter.java:113)
	at org.springframework.web.filter.CompositeFilter.doFilter(CompositeFilter.java:74)
	at org.springframework.security.config.annotation.web.configuration.WebSecurityConfiguration$CompositeFilterChainProxy.doFilter(WebSecurityConfiguration.java:319)
	at org.springframework.web.filter.CompositeFilter$VirtualFilterChain.doFilter(CompositeFilter.java:113)
	at org.springframework.web.servlet.handler.HandlerMappingIntrospector.lambda$createCacheFilter$4(HandlerMappingIntrospector.java:267)
	at org.springframework.web.filter.CompositeFilter$VirtualFilterChain.doFilter(CompositeFilter.java:113)
	at org.springframework.web.filter.CompositeFilter.doFilter(CompositeFilter.java:74)
	at org.springframework.security.config.annotation.web.configuration.WebMvcSecurityConfiguration$CompositeFilterChainProxy.doFilter(WebMvcSecurityConfiguration.java:240)
	at org.springframework.web.filter.DelegatingFilterProxy.invokeDelegate(DelegatingFilterProxy.java:362)
	at org.springframework.web.filter.DelegatingFilterProxy.doFilter(DelegatingFilterProxy.java:278)
	at org.apache.catalina.core.ApplicationFilterChain.internalDoFilter(ApplicationFilterChain.java:162)
	at org.apache.catalina.core.ApplicationFilterChain.doFilter(ApplicationFilterChain.java:138)
	at org.springframework.web.filter.RequestContextFilter.doFilterInternal(RequestContextFilter.java:100)
	at org.springframework.web.filter.OncePerRequestFilter.doFilter(OncePerRequestFilter.java:116)
	at org.apache.catalina.core.ApplicationFilterChain.internalDoFilter(ApplicationFilterChain.java:162)
	at org.apache.catalina.core.ApplicationFilterChain.doFilter(ApplicationFilterChain.java:138)
	at org.springframework.web.filter.FormContentFilter.doFilterInternal(FormContentFilter.java:93)
	at org.springframework.web.filter.OncePerRequestFilter.doFilter(OncePerRequestFilter.java:116)
	at org.apache.catalina.core.ApplicationFilterChain.internalDoFilter(ApplicationFilterChain.java:162)
	at org.apache.catalina.core.ApplicationFilterChain.doFilter(ApplicationFilterChain.java:138)
	at org.springframework.web.filter.CharacterEncodingFilter.doFilterInternal(CharacterEncodingFilter.java:201)
	at org.springframework.web.filter.OncePerRequestFilter.doFilter(OncePerRequestFilter.java:116)
	at org.apache.catalina.core.ApplicationFilterChain.internalDoFilter(ApplicationFilterChain.java:162)
	at org.apache.catalina.core.ApplicationFilterChain.doFilter(ApplicationFilterChain.java:138)
	at org.apache.catalina.core.StandardWrapperValve.invoke(StandardWrapperValve.java:165)
	at org.apache.catalina.core.StandardContextValve.invoke(StandardContextValve.java:88)
	at org.apache.catalina.authenticator.AuthenticatorBase.invoke(AuthenticatorBase.java:492)
	at org.apache.catalina.core.StandardHostValve.invoke(StandardHostValve.java:113)
	at org.apache.catalina.valves.ErrorReportValve.invoke(ErrorReportValve.java:83)
	at org.apache.catalina.core.StandardEngineValve.invoke(StandardEngineValve.java:72)
	at org.apache.catalina.connector.CoyoteAdapter.service(CoyoteAdapter.java:342)
	at org.apache.coyote.http11.Http11Processor.service(Http11Processor.java:399)
	at org.apache.coyote.AbstractProcessorLight.process(AbstractProcessorLight.java:63)
	at org.apache.coyote.AbstractProtocol$ConnectionHandler.process(AbstractProtocol.java:903)
	at org.apache.tomcat.util.net.NioEndpoint$SocketProcessor.doRun(NioEndpoint.java:1775)
	at org.apache.tomcat.util.net.SocketProcessorBase.run(SocketProcessorBase.java:52)
	at org.apache.tomcat.util.threads.ThreadPoolExecutor.runWorker(ThreadPoolExecutor.java:973)
	at org.apache.tomcat.util.threads.ThreadPoolExecutor$Worker.run(ThreadPoolExecutor.java:491)
	at org.apache.tomcat.util.threads.TaskThread$WrappingRunnable.run(TaskThread.java:63)
	at java.base/java.lang.Thread.run(Thread.java:840)
2026-05-11 20:58:56 [http-nio-8080-exec-5] INFO  [IP: 0:0:0:0:0:0:0:1 | User Name: ali.imran | User ID: 81ca140f-1ec2-4231-b15e-dffd7ec0e491 | PATCH /api/event/edit-event/b0ce73c7-29ed-4c8c-87d0-4ce9ac8d07be] c.e.e.filter.RequestLoggingFilter - Completed in 93 ms with status 500
2026-05-11 20:59:50 [SpringApplicationShutdownHook] INFO  [IP:  | User Name:  | User ID:  |  ] o.s.b.w.e.tomcat.GracefulShutdown - Commencing graceful shutdown. Waiting for active requests to complete
2026-05-11 20:59:50 [tomcat-shutdown] INFO  [IP:  | User Name:  | User ID:  |  ] o.s.b.w.e.tomcat.GracefulShutdown - Graceful shutdown complete
2026-05-11 20:59:50 [SpringApplicationShutdownHook] INFO  [IP:  | User Name:  | User ID:  |  ] o.s.o.j.LocalContainerEntityManagerFactoryBean - Closing JPA EntityManagerFactory for persistence unit 'default'
2026-05-11 20:59:50 [SpringApplicationShutdownHook] INFO  [IP:  | User Name:  | User ID:  |  ] com.zaxxer.hikari.HikariDataSource - HikariPool-1 - Shutdown initiated...
2026-05-11 20:59:50 [SpringApplicationShutdownHook] INFO  [IP:  | User Name:  | User ID:  |  ] com.zaxxer.hikari.HikariDataSource - HikariPool-1 - Shutdown completed.
