2026-05-17 03:49:47 [background-preinit] INFO  [IP:  | User Name:  | User ID:  |  ] o.h.validator.internal.util.Version - HV000001: Hibernate Validator 8.0.3.Final
2026-05-17 03:49:47 [main] INFO  [IP:  | User Name:  | User ID:  |  ] c.e.e.EventsphereApplication - Starting EventsphereApplication using Java 17.0.14 with PID 18588 (H:\Ali Imran\Softwares Ali Imran\SpringBoot\eventsphere\target\classes started by irkco in H:\Ali Imran\Softwares Ali Imran\SpringBoot\eventsphere)
2026-05-17 03:49:47 [main] INFO  [IP:  | User Name:  | User ID:  |  ] c.e.e.EventsphereApplication - No active profile set, falling back to 1 default profile: "default"
2026-05-17 03:49:50 [main] INFO  [IP:  | User Name:  | User ID:  |  ] o.s.d.r.c.RepositoryConfigurationDelegate - Multiple Spring Data modules found, entering strict repository configuration mode
2026-05-17 03:49:50 [main] INFO  [IP:  | User Name:  | User ID:  |  ] o.s.d.r.c.RepositoryConfigurationDelegate - Bootstrapping Spring Data JPA repositories in DEFAULT mode.
2026-05-17 03:49:50 [main] INFO  [IP:  | User Name:  | User ID:  |  ] o.s.d.r.c.RepositoryConfigurationDelegate - Finished Spring Data repository scanning in 231 ms. Found 9 JPA repository interfaces.
2026-05-17 03:49:50 [main] INFO  [IP:  | User Name:  | User ID:  |  ] o.s.d.r.c.RepositoryConfigurationDelegate - Multiple Spring Data modules found, entering strict repository configuration mode
2026-05-17 03:49:50 [main] INFO  [IP:  | User Name:  | User ID:  |  ] o.s.d.r.c.RepositoryConfigurationDelegate - Bootstrapping Spring Data Redis repositories in DEFAULT mode.
2026-05-17 03:49:50 [main] INFO  [IP:  | User Name:  | User ID:  |  ] o.s.d.r.c.RepositoryConfigurationExtensionSupport - Spring Data Redis - Could not safely identify store assignment for repository candidate interface com.example.eventsphere.repository.CategoryRepository; If you want this repository to be a Redis repository, consider annotating your entities with one of these annotations: org.springframework.data.redis.core.RedisHash (preferred), or consider extending one of the following types with your repository: org.springframework.data.keyvalue.repository.KeyValueRepository
2026-05-17 03:49:50 [main] INFO  [IP:  | User Name:  | User ID:  |  ] o.s.d.r.c.RepositoryConfigurationExtensionSupport - Spring Data Redis - Could not safely identify store assignment for repository candidate interface com.example.eventsphere.repository.EventRepository; If you want this repository to be a Redis repository, consider annotating your entities with one of these annotations: org.springframework.data.redis.core.RedisHash (preferred), or consider extending one of the following types with your repository: org.springframework.data.keyvalue.repository.KeyValueRepository
2026-05-17 03:49:50 [main] INFO  [IP:  | User Name:  | User ID:  |  ] o.s.d.r.c.RepositoryConfigurationExtensionSupport - Spring Data Redis - Could not safely identify store assignment for repository candidate interface com.example.eventsphere.repository.LandingPageRepository; If you want this repository to be a Redis repository, consider annotating your entities with one of these annotations: org.springframework.data.redis.core.RedisHash (preferred), or consider extending one of the following types with your repository: org.springframework.data.keyvalue.repository.KeyValueRepository
2026-05-17 03:49:50 [main] INFO  [IP:  | User Name:  | User ID:  |  ] o.s.d.r.c.RepositoryConfigurationExtensionSupport - Spring Data Redis - Could not safely identify store assignment for repository candidate interface com.example.eventsphere.repository.OrganizationMemberRepository; If you want this repository to be a Redis repository, consider annotating your entities with one of these annotations: org.springframework.data.redis.core.RedisHash (preferred), or consider extending one of the following types with your repository: org.springframework.data.keyvalue.repository.KeyValueRepository
2026-05-17 03:49:50 [main] INFO  [IP:  | User Name:  | User ID:  |  ] o.s.d.r.c.RepositoryConfigurationExtensionSupport - Spring Data Redis - Could not safely identify store assignment for repository candidate interface com.example.eventsphere.repository.OrganizationRepository; If you want this repository to be a Redis repository, consider annotating your entities with one of these annotations: org.springframework.data.redis.core.RedisHash (preferred), or consider extending one of the following types with your repository: org.springframework.data.keyvalue.repository.KeyValueRepository
2026-05-17 03:49:50 [main] INFO  [IP:  | User Name:  | User ID:  |  ] o.s.d.r.c.RepositoryConfigurationExtensionSupport - Spring Data Redis - Could not safely identify store assignment for repository candidate interface com.example.eventsphere.repository.SubEventRepository; If you want this repository to be a Redis repository, consider annotating your entities with one of these annotations: org.springframework.data.redis.core.RedisHash (preferred), or consider extending one of the following types with your repository: org.springframework.data.keyvalue.repository.KeyValueRepository
2026-05-17 03:49:50 [main] INFO  [IP:  | User Name:  | User ID:  |  ] o.s.d.r.c.RepositoryConfigurationExtensionSupport - Spring Data Redis - Could not safely identify store assignment for repository candidate interface com.example.eventsphere.repository.TicketTierRepository; If you want this repository to be a Redis repository, consider annotating your entities with one of these annotations: org.springframework.data.redis.core.RedisHash (preferred), or consider extending one of the following types with your repository: org.springframework.data.keyvalue.repository.KeyValueRepository
2026-05-17 03:49:50 [main] INFO  [IP:  | User Name:  | User ID:  |  ] o.s.d.r.c.RepositoryConfigurationExtensionSupport - Spring Data Redis - Could not safely identify store assignment for repository candidate interface com.example.eventsphere.repository.TokenRepository; If you want this repository to be a Redis repository, consider annotating your entities with one of these annotations: org.springframework.data.redis.core.RedisHash (preferred), or consider extending one of the following types with your repository: org.springframework.data.keyvalue.repository.KeyValueRepository
2026-05-17 03:49:50 [main] INFO  [IP:  | User Name:  | User ID:  |  ] o.s.d.r.c.RepositoryConfigurationExtensionSupport - Spring Data Redis - Could not safely identify store assignment for repository candidate interface com.example.eventsphere.repository.UserRepository; If you want this repository to be a Redis repository, consider annotating your entities with one of these annotations: org.springframework.data.redis.core.RedisHash (preferred), or consider extending one of the following types with your repository: org.springframework.data.keyvalue.repository.KeyValueRepository
2026-05-17 03:49:50 [main] INFO  [IP:  | User Name:  | User ID:  |  ] o.s.d.r.c.RepositoryConfigurationDelegate - Finished Spring Data repository scanning in 16 ms. Found 0 Redis repository interfaces.
2026-05-17 03:49:51 [main] INFO  [IP:  | User Name:  | User ID:  |  ] o.s.b.w.e.tomcat.TomcatWebServer - Tomcat initialized with port 8080 (http)
2026-05-17 03:49:51 [main] INFO  [IP:  | User Name:  | User ID:  |  ] o.a.coyote.http11.Http11NioProtocol - Initializing ProtocolHandler ["http-nio-8080"]
2026-05-17 03:49:51 [main] INFO  [IP:  | User Name:  | User ID:  |  ] o.a.catalina.core.StandardService - Starting service [Tomcat]
2026-05-17 03:49:51 [main] INFO  [IP:  | User Name:  | User ID:  |  ] o.a.catalina.core.StandardEngine - Starting Servlet engine: [Apache Tomcat/10.1.53]
2026-05-17 03:49:51 [main] INFO  [IP:  | User Name:  | User ID:  |  ] o.a.c.c.C.[Tomcat].[localhost].[/] - Initializing Spring embedded WebApplicationContext
2026-05-17 03:49:51 [main] INFO  [IP:  | User Name:  | User ID:  |  ] o.s.b.w.s.c.ServletWebServerApplicationContext - Root WebApplicationContext: initialization completed in 4261 ms
2026-05-17 03:49:52 [main] INFO  [IP:  | User Name:  | User ID:  |  ] o.h.jpa.internal.util.LogHelper - HHH000204: Processing PersistenceUnitInfo [name: default]
2026-05-17 03:49:52 [main] INFO  [IP:  | User Name:  | User ID:  |  ] org.hibernate.Version - HHH000412: Hibernate ORM core version 6.6.45.Final
2026-05-17 03:49:52 [main] INFO  [IP:  | User Name:  | User ID:  |  ] o.h.s.integration.SpatialService - HHH80000001: hibernate-spatial integration enabled : true
2026-05-17 03:49:52 [main] INFO  [IP:  | User Name:  | User ID:  |  ] o.h.c.i.RegionFactoryInitiator - HHH000026: Second-level cache disabled
2026-05-17 03:49:52 [main] INFO  [IP:  | User Name:  | User ID:  |  ] com.zaxxer.hikari.HikariDataSource - HikariPool-1 - Starting...
2026-05-17 03:49:55 [main] INFO  [IP:  | User Name:  | User ID:  |  ] com.zaxxer.hikari.pool.HikariPool - HikariPool-1 - Added connection org.postgresql.jdbc.PgConnection@46188a89
2026-05-17 03:49:55 [main] INFO  [IP:  | User Name:  | User ID:  |  ] com.zaxxer.hikari.HikariDataSource - HikariPool-1 - Start completed.
2026-05-17 03:49:55 [main] WARN  [IP:  | User Name:  | User ID:  |  ] org.hibernate.orm.deprecation - HHH90000025: PostgreSQLDialect does not need to be specified explicitly using 'hibernate.dialect' (remove the property setting and it will be selected by default)
2026-05-17 03:49:56 [main] INFO  [IP:  | User Name:  | User ID:  |  ] o.hibernate.orm.connections.pooling - HHH10001005: Database info:
	Database JDBC URL [Connecting through datasource 'HikariDataSource (HikariPool-1)']
	Database driver: undefined/unknown
	Database version: 17.6
	Autocommit mode: undefined/unknown
	Isolation level: undefined/unknown
	Minimum pool size: undefined/unknown
	Maximum pool size: undefined/unknown
2026-05-17 03:49:56 [main] INFO  [IP:  | User Name:  | User ID:  |  ] org.hibernate.spatial - HHH80000003: hibernate-spatial adding type contributions from : org.hibernate.spatial.dialect.postgis.PostgisDialectContributor
2026-05-17 03:49:56 [main] INFO  [IP:  | User Name:  | User ID:  |  ] o.s.o.j.p.SpringPersistenceUnitInfo - No LoadTimeWeaver setup: ignoring JPA class transformer
2026-05-17 03:49:56 [main] INFO  [IP:  | User Name:  | User ID:  |  ] org.hibernate.spatial - HHH80000003: hibernate-spatial adding type contributions from : org.hibernate.spatial.dialect.postgis.PostgisDialectContributor
2026-05-17 03:49:57 [main] INFO  [IP:  | User Name:  | User ID:  |  ] org.hibernate.spatial - HHH80000004: hibernate-spatial adding function contributions from : org.hibernate.spatial.dialect.postgis.PostgisDialectContributor
2026-05-17 03:49:57 [main] INFO  [IP:  | User Name:  | User ID:  |  ] o.h.e.t.j.p.i.JtaPlatformInitiator - HHH000489: No JTA platform available (set 'hibernate.transaction.jta.platform' to enable JTA platform integration)
2026-05-17 03:49:57 [main] INFO  [IP:  | User Name:  | User ID:  |  ] o.s.o.j.LocalContainerEntityManagerFactoryBean - Initialized JPA EntityManagerFactory for persistence unit 'default'
2026-05-17 03:49:58 [main] INFO  [IP:  | User Name:  | User ID:  |  ] o.s.d.j.r.query.QueryEnhancerFactory - Hibernate is in classpath; If applicable, HQL parser will be used.
2026-05-17 03:50:01 [main] WARN  [IP:  | User Name:  | User ID:  |  ] o.s.b.w.s.c.AnnotationConfigServletWebServerApplicationContext - Exception encountered during context initialization - cancelling refresh attempt: org.springframework.beans.factory.UnsatisfiedDependencyException: Error creating bean with name 'eventController' defined in file [H:\Ali Imran\Softwares Ali Imran\SpringBoot\eventsphere\target\classes\com\example\eventsphere\controller\EventController.class]: Unsatisfied dependency expressed through constructor parameter 0: Error creating bean with name 'eventService' defined in file [H:\Ali Imran\Softwares Ali Imran\SpringBoot\eventsphere\target\classes\com\example\eventsphere\service\EventService.class]: Unsatisfied dependency expressed through constructor parameter 8: Error creating bean with name 'landingPageRepository' defined in com.example.eventsphere.repository.LandingPageRepository defined in @EnableJpaRepositories declared on JpaRepositoriesRegistrar.EnableJpaRepositoriesConfiguration: Could not create query for public abstract boolean com.example.eventsphere.repository.LandingPageRepository.existsByCustomSlug(java.lang.String); Reason: Failed to create query for method public abstract boolean com.example.eventsphere.repository.LandingPageRepository.existsByCustomSlug(java.lang.String); No property 'customSlug' found for type 'LandingPage'
2026-05-17 03:50:01 [main] INFO  [IP:  | User Name:  | User ID:  |  ] o.s.o.j.LocalContainerEntityManagerFactoryBean - Closing JPA EntityManagerFactory for persistence unit 'default'
2026-05-17 03:50:02 [main] INFO  [IP:  | User Name:  | User ID:  |  ] com.zaxxer.hikari.HikariDataSource - HikariPool-1 - Shutdown initiated...
2026-05-17 03:50:02 [main] INFO  [IP:  | User Name:  | User ID:  |  ] com.zaxxer.hikari.HikariDataSource - HikariPool-1 - Shutdown completed.
2026-05-17 03:50:02 [main] INFO  [IP:  | User Name:  | User ID:  |  ] o.a.catalina.core.StandardService - Stopping service [Tomcat]
2026-05-17 03:50:02 [main] INFO  [IP:  | User Name:  | User ID:  |  ] o.s.b.a.l.ConditionEvaluationReportLogger - 

Error starting ApplicationContext. To display the condition evaluation report re-run your application with 'debug' enabled.
2026-05-17 03:50:02 [main] ERROR [IP:  | User Name:  | User ID:  |  ] o.s.boot.SpringApplication - Application run failed
org.springframework.beans.factory.UnsatisfiedDependencyException: Error creating bean with name 'eventController' defined in file [H:\Ali Imran\Softwares Ali Imran\SpringBoot\eventsphere\target\classes\com\example\eventsphere\controller\EventController.class]: Unsatisfied dependency expressed through constructor parameter 0: Error creating bean with name 'eventService' defined in file [H:\Ali Imran\Softwares Ali Imran\SpringBoot\eventsphere\target\classes\com\example\eventsphere\service\EventService.class]: Unsatisfied dependency expressed through constructor parameter 8: Error creating bean with name 'landingPageRepository' defined in com.example.eventsphere.repository.LandingPageRepository defined in @EnableJpaRepositories declared on JpaRepositoriesRegistrar.EnableJpaRepositoriesConfiguration: Could not create query for public abstract boolean com.example.eventsphere.repository.LandingPageRepository.existsByCustomSlug(java.lang.String); Reason: Failed to create query for method public abstract boolean com.example.eventsphere.repository.LandingPageRepository.existsByCustomSlug(java.lang.String); No property 'customSlug' found for type 'LandingPage'
	at org.springframework.beans.factory.support.ConstructorResolver.createArgumentArray(ConstructorResolver.java:804)
	at org.springframework.beans.factory.support.ConstructorResolver.autowireConstructor(ConstructorResolver.java:240)
	at org.springframework.beans.factory.support.AbstractAutowireCapableBeanFactory.autowireConstructor(AbstractAutowireCapableBeanFactory.java:1395)
	at org.springframework.beans.factory.support.AbstractAutowireCapableBeanFactory.createBeanInstance(AbstractAutowireCapableBeanFactory.java:1232)
	at org.springframework.beans.factory.support.AbstractAutowireCapableBeanFactory.doCreateBean(AbstractAutowireCapableBeanFactory.java:569)
	at org.springframework.beans.factory.support.AbstractAutowireCapableBeanFactory.createBean(AbstractAutowireCapableBeanFactory.java:529)
	at org.springframework.beans.factory.support.AbstractBeanFactory.lambda$doGetBean$0(AbstractBeanFactory.java:339)
	at org.springframework.beans.factory.support.DefaultSingletonBeanRegistry.getSingleton(DefaultSingletonBeanRegistry.java:373)
	at org.springframework.beans.factory.support.AbstractBeanFactory.doGetBean(AbstractBeanFactory.java:337)
	at org.springframework.beans.factory.support.AbstractBeanFactory.getBean(AbstractBeanFactory.java:202)
	at org.springframework.beans.factory.support.DefaultListableBeanFactory.instantiateSingleton(DefaultListableBeanFactory.java:1228)
	at org.springframework.beans.factory.support.DefaultListableBeanFactory.preInstantiateSingleton(DefaultListableBeanFactory.java:1194)
	at org.springframework.beans.factory.support.DefaultListableBeanFactory.preInstantiateSingletons(DefaultListableBeanFactory.java:1130)
	at org.springframework.context.support.AbstractApplicationContext.finishBeanFactoryInitialization(AbstractApplicationContext.java:991)
	at org.springframework.context.support.AbstractApplicationContext.refresh(AbstractApplicationContext.java:628)
	at org.springframework.boot.web.servlet.context.ServletWebServerApplicationContext.refresh(ServletWebServerApplicationContext.java:146)
	at org.springframework.boot.SpringApplication.refresh(SpringApplication.java:752)
	at org.springframework.boot.SpringApplication.refreshContext(SpringApplication.java:439)
	at org.springframework.boot.SpringApplication.run(SpringApplication.java:318)
	at org.springframework.boot.SpringApplication.run(SpringApplication.java:1361)
	at org.springframework.boot.SpringApplication.run(SpringApplication.java:1350)
	at com.example.eventsphere.EventsphereApplication.main(EventsphereApplication.java:27)
Caused by: org.springframework.beans.factory.UnsatisfiedDependencyException: Error creating bean with name 'eventService' defined in file [H:\Ali Imran\Softwares Ali Imran\SpringBoot\eventsphere\target\classes\com\example\eventsphere\service\EventService.class]: Unsatisfied dependency expressed through constructor parameter 8: Error creating bean with name 'landingPageRepository' defined in com.example.eventsphere.repository.LandingPageRepository defined in @EnableJpaRepositories declared on JpaRepositoriesRegistrar.EnableJpaRepositoriesConfiguration: Could not create query for public abstract boolean com.example.eventsphere.repository.LandingPageRepository.existsByCustomSlug(java.lang.String); Reason: Failed to create query for method public abstract boolean com.example.eventsphere.repository.LandingPageRepository.existsByCustomSlug(java.lang.String); No property 'customSlug' found for type 'LandingPage'
	at org.springframework.beans.factory.support.ConstructorResolver.createArgumentArray(ConstructorResolver.java:804)
	at org.springframework.beans.factory.support.ConstructorResolver.autowireConstructor(ConstructorResolver.java:240)
	at org.springframework.beans.factory.support.AbstractAutowireCapableBeanFactory.autowireConstructor(AbstractAutowireCapableBeanFactory.java:1395)
	at org.springframework.beans.factory.support.AbstractAutowireCapableBeanFactory.createBeanInstance(AbstractAutowireCapableBeanFactory.java:1232)
	at org.springframework.beans.factory.support.AbstractAutowireCapableBeanFactory.doCreateBean(AbstractAutowireCapableBeanFactory.java:569)
	at org.springframework.beans.factory.support.AbstractAutowireCapableBeanFactory.createBean(AbstractAutowireCapableBeanFactory.java:529)
	at org.springframework.beans.factory.support.AbstractBeanFactory.lambda$doGetBean$0(AbstractBeanFactory.java:339)
	at org.springframework.beans.factory.support.DefaultSingletonBeanRegistry.getSingleton(DefaultSingletonBeanRegistry.java:373)
	at org.springframework.beans.factory.support.AbstractBeanFactory.doGetBean(AbstractBeanFactory.java:337)
	at org.springframework.beans.factory.support.AbstractBeanFactory.getBean(AbstractBeanFactory.java:202)
	at org.springframework.beans.factory.support.DefaultListableBeanFactory.doResolveDependency(DefaultListableBeanFactory.java:1708)
	at org.springframework.beans.factory.support.DefaultListableBeanFactory.resolveDependency(DefaultListableBeanFactory.java:1653)
	at org.springframework.beans.factory.support.ConstructorResolver.resolveAutowiredArgument(ConstructorResolver.java:913)
	at org.springframework.beans.factory.support.ConstructorResolver.createArgumentArray(ConstructorResolver.java:791)
	... 21 common frames omitted
Caused by: org.springframework.beans.factory.BeanCreationException: Error creating bean with name 'landingPageRepository' defined in com.example.eventsphere.repository.LandingPageRepository defined in @EnableJpaRepositories declared on JpaRepositoriesRegistrar.EnableJpaRepositoriesConfiguration: Could not create query for public abstract boolean com.example.eventsphere.repository.LandingPageRepository.existsByCustomSlug(java.lang.String); Reason: Failed to create query for method public abstract boolean com.example.eventsphere.repository.LandingPageRepository.existsByCustomSlug(java.lang.String); No property 'customSlug' found for type 'LandingPage'
	at org.springframework.beans.factory.support.AbstractAutowireCapableBeanFactory.initializeBean(AbstractAutowireCapableBeanFactory.java:1826)
	at org.springframework.beans.factory.support.AbstractAutowireCapableBeanFactory.doCreateBean(AbstractAutowireCapableBeanFactory.java:607)
	at org.springframework.beans.factory.support.AbstractAutowireCapableBeanFactory.createBean(AbstractAutowireCapableBeanFactory.java:529)
	at org.springframework.beans.factory.support.AbstractBeanFactory.lambda$doGetBean$0(AbstractBeanFactory.java:339)
	at org.springframework.beans.factory.support.DefaultSingletonBeanRegistry.getSingleton(DefaultSingletonBeanRegistry.java:373)
	at org.springframework.beans.factory.support.AbstractBeanFactory.doGetBean(AbstractBeanFactory.java:337)
	at org.springframework.beans.factory.support.AbstractBeanFactory.getBean(AbstractBeanFactory.java:202)
	at org.springframework.beans.factory.support.DefaultListableBeanFactory.doResolveDependency(DefaultListableBeanFactory.java:1708)
	at org.springframework.beans.factory.support.DefaultListableBeanFactory.resolveDependency(DefaultListableBeanFactory.java:1653)
	at org.springframework.beans.factory.support.ConstructorResolver.resolveAutowiredArgument(ConstructorResolver.java:913)
	at org.springframework.beans.factory.support.ConstructorResolver.createArgumentArray(ConstructorResolver.java:791)
	... 34 common frames omitted
Caused by: org.springframework.data.repository.query.QueryCreationException: Could not create query for public abstract boolean com.example.eventsphere.repository.LandingPageRepository.existsByCustomSlug(java.lang.String); Reason: Failed to create query for method public abstract boolean com.example.eventsphere.repository.LandingPageRepository.existsByCustomSlug(java.lang.String); No property 'customSlug' found for type 'LandingPage'
	at org.springframework.data.repository.query.QueryCreationException.create(QueryCreationException.java:101)
	at org.springframework.data.repository.core.support.QueryExecutorMethodInterceptor.lookupQuery(QueryExecutorMethodInterceptor.java:120)
	at org.springframework.data.repository.core.support.QueryExecutorMethodInterceptor.mapMethodsToQuery(QueryExecutorMethodInterceptor.java:104)
	at org.springframework.data.repository.core.support.QueryExecutorMethodInterceptor.lambda$new$0(QueryExecutorMethodInterceptor.java:92)
	at java.base/java.util.Optional.map(Optional.java:260)
	at org.springframework.data.repository.core.support.QueryExecutorMethodInterceptor.<init>(QueryExecutorMethodInterceptor.java:92)
	at org.springframework.data.repository.core.support.RepositoryFactorySupport.getRepository(RepositoryFactorySupport.java:434)
	at org.springframework.data.repository.core.support.RepositoryFactoryBeanSupport.lambda$afterPropertiesSet$4(RepositoryFactoryBeanSupport.java:355)
	at org.springframework.data.util.Lazy.getNullable(Lazy.java:135)
	at org.springframework.data.util.Lazy.get(Lazy.java:113)
	at org.springframework.data.repository.core.support.RepositoryFactoryBeanSupport.afterPropertiesSet(RepositoryFactoryBeanSupport.java:361)
	at org.springframework.data.jpa.repository.support.JpaRepositoryFactoryBean.afterPropertiesSet(JpaRepositoryFactoryBean.java:132)
	at org.springframework.beans.factory.support.AbstractAutowireCapableBeanFactory.invokeInitMethods(AbstractAutowireCapableBeanFactory.java:1873)
	at org.springframework.beans.factory.support.AbstractAutowireCapableBeanFactory.initializeBean(AbstractAutowireCapableBeanFactory.java:1822)
	... 44 common frames omitted
Caused by: java.lang.IllegalArgumentException: Failed to create query for method public abstract boolean com.example.eventsphere.repository.LandingPageRepository.existsByCustomSlug(java.lang.String); No property 'customSlug' found for type 'LandingPage'
	at org.springframework.data.jpa.repository.query.PartTreeJpaQuery.<init>(PartTreeJpaQuery.java:107)
	at org.springframework.data.jpa.repository.query.JpaQueryLookupStrategy$CreateQueryLookupStrategy.resolveQuery(JpaQueryLookupStrategy.java:128)
	at org.springframework.data.jpa.repository.query.JpaQueryLookupStrategy$CreateIfNotFoundQueryLookupStrategy.resolveQuery(JpaQueryLookupStrategy.java:260)
	at org.springframework.data.jpa.repository.query.JpaQueryLookupStrategy$AbstractQueryLookupStrategy.resolveQuery(JpaQueryLookupStrategy.java:99)
	at org.springframework.data.repository.core.support.QueryExecutorMethodInterceptor.lookupQuery(QueryExecutorMethodInterceptor.java:116)
	... 56 common frames omitted
Caused by: org.springframework.data.mapping.PropertyReferenceException: No property 'customSlug' found for type 'LandingPage'
	at org.springframework.data.mapping.PropertyPath.<init>(PropertyPath.java:94)
	at org.springframework.data.mapping.PropertyPath.create(PropertyPath.java:455)
	at org.springframework.data.mapping.PropertyPath.create(PropertyPath.java:431)
	at org.springframework.data.mapping.PropertyPath.lambda$from$0(PropertyPath.java:384)
	at org.springframework.util.ConcurrentReferenceHashMap$6.execute(ConcurrentReferenceHashMap.java:402)
	at org.springframework.util.ConcurrentReferenceHashMap$Segment.doTask(ConcurrentReferenceHashMap.java:702)
	at org.springframework.util.ConcurrentReferenceHashMap.doTask(ConcurrentReferenceHashMap.java:584)
	at org.springframework.util.ConcurrentReferenceHashMap.computeIfAbsent(ConcurrentReferenceHashMap.java:396)
	at org.springframework.data.mapping.PropertyPath.from(PropertyPath.java:366)
	at org.springframework.data.mapping.PropertyPath.from(PropertyPath.java:344)
	at org.springframework.data.repository.query.parser.Part.<init>(Part.java:81)
	at org.springframework.data.repository.query.parser.PartTree$OrPart.lambda$new$0(PartTree.java:259)
	at java.base/java.util.stream.ReferencePipeline$3$1.accept(ReferencePipeline.java:197)
	at java.base/java.util.stream.ReferencePipeline$2$1.accept(ReferencePipeline.java:179)
	at java.base/java.util.Spliterators$ArraySpliterator.forEachRemaining(Spliterators.java:992)
	at java.base/java.util.stream.AbstractPipeline.copyInto(AbstractPipeline.java:509)
	at java.base/java.util.stream.AbstractPipeline.wrapAndCopyInto(AbstractPipeline.java:499)
	at java.base/java.util.stream.ReduceOps$ReduceOp.evaluateSequential(ReduceOps.java:921)
	at java.base/java.util.stream.AbstractPipeline.evaluate(AbstractPipeline.java:234)
	at java.base/java.util.stream.ReferencePipeline.collect(ReferencePipeline.java:682)
	at org.springframework.data.repository.query.parser.PartTree$OrPart.<init>(PartTree.java:260)
	at org.springframework.data.repository.query.parser.PartTree$Predicate.lambda$new$0(PartTree.java:389)
	at java.base/java.util.stream.ReferencePipeline$3$1.accept(ReferencePipeline.java:197)
	at java.base/java.util.stream.ReferencePipeline$2$1.accept(ReferencePipeline.java:179)
	at java.base/java.util.Spliterators$ArraySpliterator.forEachRemaining(Spliterators.java:992)
	at java.base/java.util.stream.AbstractPipeline.copyInto(AbstractPipeline.java:509)
	at java.base/java.util.stream.AbstractPipeline.wrapAndCopyInto(AbstractPipeline.java:499)
	at java.base/java.util.stream.ReduceOps$ReduceOp.evaluateSequential(ReduceOps.java:921)
	at java.base/java.util.stream.AbstractPipeline.evaluate(AbstractPipeline.java:234)
	at java.base/java.util.stream.ReferencePipeline.collect(ReferencePipeline.java:682)
	at org.springframework.data.repository.query.parser.PartTree$Predicate.<init>(PartTree.java:390)
	at org.springframework.data.repository.query.parser.PartTree.<init>(PartTree.java:103)
	at org.springframework.data.jpa.repository.query.PartTreeJpaQuery.<init>(PartTreeJpaQuery.java:101)
	... 60 common frames omitted
2026-05-17 03:52:42 [background-preinit] INFO  [IP:  | User Name:  | User ID:  |  ] o.h.validator.internal.util.Version - HV000001: Hibernate Validator 8.0.3.Final
2026-05-17 03:52:43 [main] INFO  [IP:  | User Name:  | User ID:  |  ] c.e.e.EventsphereApplication - Starting EventsphereApplication using Java 17.0.14 with PID 13408 (H:\Ali Imran\Softwares Ali Imran\SpringBoot\eventsphere\target\classes started by irkco in H:\Ali Imran\Softwares Ali Imran\SpringBoot\eventsphere)
2026-05-17 03:52:43 [main] INFO  [IP:  | User Name:  | User ID:  |  ] c.e.e.EventsphereApplication - No active profile set, falling back to 1 default profile: "default"
2026-05-17 03:52:44 [main] INFO  [IP:  | User Name:  | User ID:  |  ] o.s.d.r.c.RepositoryConfigurationDelegate - Multiple Spring Data modules found, entering strict repository configuration mode
2026-05-17 03:52:44 [main] INFO  [IP:  | User Name:  | User ID:  |  ] o.s.d.r.c.RepositoryConfigurationDelegate - Bootstrapping Spring Data JPA repositories in DEFAULT mode.
2026-05-17 03:52:45 [main] INFO  [IP:  | User Name:  | User ID:  |  ] o.s.d.r.c.RepositoryConfigurationDelegate - Finished Spring Data repository scanning in 268 ms. Found 9 JPA repository interfaces.
2026-05-17 03:52:45 [main] INFO  [IP:  | User Name:  | User ID:  |  ] o.s.d.r.c.RepositoryConfigurationDelegate - Multiple Spring Data modules found, entering strict repository configuration mode
2026-05-17 03:52:45 [main] INFO  [IP:  | User Name:  | User ID:  |  ] o.s.d.r.c.RepositoryConfigurationDelegate - Bootstrapping Spring Data Redis repositories in DEFAULT mode.
2026-05-17 03:52:45 [main] INFO  [IP:  | User Name:  | User ID:  |  ] o.s.d.r.c.RepositoryConfigurationExtensionSupport - Spring Data Redis - Could not safely identify store assignment for repository candidate interface com.example.eventsphere.repository.CategoryRepository; If you want this repository to be a Redis repository, consider annotating your entities with one of these annotations: org.springframework.data.redis.core.RedisHash (preferred), or consider extending one of the following types with your repository: org.springframework.data.keyvalue.repository.KeyValueRepository
2026-05-17 03:52:45 [main] INFO  [IP:  | User Name:  | User ID:  |  ] o.s.d.r.c.RepositoryConfigurationExtensionSupport - Spring Data Redis - Could not safely identify store assignment for repository candidate interface com.example.eventsphere.repository.EventRepository; If you want this repository to be a Redis repository, consider annotating your entities with one of these annotations: org.springframework.data.redis.core.RedisHash (preferred), or consider extending one of the following types with your repository: org.springframework.data.keyvalue.repository.KeyValueRepository
2026-05-17 03:52:45 [main] INFO  [IP:  | User Name:  | User ID:  |  ] o.s.d.r.c.RepositoryConfigurationExtensionSupport - Spring Data Redis - Could not safely identify store assignment for repository candidate interface com.example.eventsphere.repository.LandingPageRepository; If you want this repository to be a Redis repository, consider annotating your entities with one of these annotations: org.springframework.data.redis.core.RedisHash (preferred), or consider extending one of the following types with your repository: org.springframework.data.keyvalue.repository.KeyValueRepository
2026-05-17 03:52:45 [main] INFO  [IP:  | User Name:  | User ID:  |  ] o.s.d.r.c.RepositoryConfigurationExtensionSupport - Spring Data Redis - Could not safely identify store assignment for repository candidate interface com.example.eventsphere.repository.OrganizationMemberRepository; If you want this repository to be a Redis repository, consider annotating your entities with one of these annotations: org.springframework.data.redis.core.RedisHash (preferred), or consider extending one of the following types with your repository: org.springframework.data.keyvalue.repository.KeyValueRepository
2026-05-17 03:52:45 [main] INFO  [IP:  | User Name:  | User ID:  |  ] o.s.d.r.c.RepositoryConfigurationExtensionSupport - Spring Data Redis - Could not safely identify store assignment for repository candidate interface com.example.eventsphere.repository.OrganizationRepository; If you want this repository to be a Redis repository, consider annotating your entities with one of these annotations: org.springframework.data.redis.core.RedisHash (preferred), or consider extending one of the following types with your repository: org.springframework.data.keyvalue.repository.KeyValueRepository
2026-05-17 03:52:45 [main] INFO  [IP:  | User Name:  | User ID:  |  ] o.s.d.r.c.RepositoryConfigurationExtensionSupport - Spring Data Redis - Could not safely identify store assignment for repository candidate interface com.example.eventsphere.repository.SubEventRepository; If you want this repository to be a Redis repository, consider annotating your entities with one of these annotations: org.springframework.data.redis.core.RedisHash (preferred), or consider extending one of the following types with your repository: org.springframework.data.keyvalue.repository.KeyValueRepository
2026-05-17 03:52:45 [main] INFO  [IP:  | User Name:  | User ID:  |  ] o.s.d.r.c.RepositoryConfigurationExtensionSupport - Spring Data Redis - Could not safely identify store assignment for repository candidate interface com.example.eventsphere.repository.TicketTierRepository; If you want this repository to be a Redis repository, consider annotating your entities with one of these annotations: org.springframework.data.redis.core.RedisHash (preferred), or consider extending one of the following types with your repository: org.springframework.data.keyvalue.repository.KeyValueRepository
2026-05-17 03:52:45 [main] INFO  [IP:  | User Name:  | User ID:  |  ] o.s.d.r.c.RepositoryConfigurationExtensionSupport - Spring Data Redis - Could not safely identify store assignment for repository candidate interface com.example.eventsphere.repository.TokenRepository; If you want this repository to be a Redis repository, consider annotating your entities with one of these annotations: org.springframework.data.redis.core.RedisHash (preferred), or consider extending one of the following types with your repository: org.springframework.data.keyvalue.repository.KeyValueRepository
2026-05-17 03:52:45 [main] INFO  [IP:  | User Name:  | User ID:  |  ] o.s.d.r.c.RepositoryConfigurationExtensionSupport - Spring Data Redis - Could not safely identify store assignment for repository candidate interface com.example.eventsphere.repository.UserRepository; If you want this repository to be a Redis repository, consider annotating your entities with one of these annotations: org.springframework.data.redis.core.RedisHash (preferred), or consider extending one of the following types with your repository: org.springframework.data.keyvalue.repository.KeyValueRepository
2026-05-17 03:52:45 [main] INFO  [IP:  | User Name:  | User ID:  |  ] o.s.d.r.c.RepositoryConfigurationDelegate - Finished Spring Data repository scanning in 17 ms. Found 0 Redis repository interfaces.
2026-05-17 03:52:46 [main] INFO  [IP:  | User Name:  | User ID:  |  ] o.s.b.w.e.tomcat.TomcatWebServer - Tomcat initialized with port 8080 (http)
2026-05-17 03:52:46 [main] INFO  [IP:  | User Name:  | User ID:  |  ] o.a.coyote.http11.Http11NioProtocol - Initializing ProtocolHandler ["http-nio-8080"]
2026-05-17 03:52:46 [main] INFO  [IP:  | User Name:  | User ID:  |  ] o.a.catalina.core.StandardService - Starting service [Tomcat]
2026-05-17 03:52:46 [main] INFO  [IP:  | User Name:  | User ID:  |  ] o.a.catalina.core.StandardEngine - Starting Servlet engine: [Apache Tomcat/10.1.53]
2026-05-17 03:52:46 [main] INFO  [IP:  | User Name:  | User ID:  |  ] o.a.c.c.C.[Tomcat].[localhost].[/] - Initializing Spring embedded WebApplicationContext
2026-05-17 03:52:46 [main] INFO  [IP:  | User Name:  | User ID:  |  ] o.s.b.w.s.c.ServletWebServerApplicationContext - Root WebApplicationContext: initialization completed in 3456 ms
2026-05-17 03:52:46 [main] INFO  [IP:  | User Name:  | User ID:  |  ] o.h.jpa.internal.util.LogHelper - HHH000204: Processing PersistenceUnitInfo [name: default]
2026-05-17 03:52:46 [main] INFO  [IP:  | User Name:  | User ID:  |  ] org.hibernate.Version - HHH000412: Hibernate ORM core version 6.6.45.Final
2026-05-17 03:52:46 [main] INFO  [IP:  | User Name:  | User ID:  |  ] o.h.s.integration.SpatialService - HHH80000001: hibernate-spatial integration enabled : true
2026-05-17 03:52:47 [main] INFO  [IP:  | User Name:  | User ID:  |  ] o.h.c.i.RegionFactoryInitiator - HHH000026: Second-level cache disabled
2026-05-17 03:52:47 [main] INFO  [IP:  | User Name:  | User ID:  |  ] com.zaxxer.hikari.HikariDataSource - HikariPool-1 - Starting...
2026-05-17 03:52:49 [main] INFO  [IP:  | User Name:  | User ID:  |  ] com.zaxxer.hikari.pool.HikariPool - HikariPool-1 - Added connection org.postgresql.jdbc.PgConnection@405603b6
2026-05-17 03:52:49 [main] INFO  [IP:  | User Name:  | User ID:  |  ] com.zaxxer.hikari.HikariDataSource - HikariPool-1 - Start completed.
2026-05-17 03:52:49 [main] WARN  [IP:  | User Name:  | User ID:  |  ] org.hibernate.orm.deprecation - HHH90000025: PostgreSQLDialect does not need to be specified explicitly using 'hibernate.dialect' (remove the property setting and it will be selected by default)
2026-05-17 03:52:50 [main] INFO  [IP:  | User Name:  | User ID:  |  ] o.hibernate.orm.connections.pooling - HHH10001005: Database info:
	Database JDBC URL [Connecting through datasource 'HikariDataSource (HikariPool-1)']
	Database driver: undefined/unknown
	Database version: 17.6
	Autocommit mode: undefined/unknown
	Isolation level: undefined/unknown
	Minimum pool size: undefined/unknown
	Maximum pool size: undefined/unknown
2026-05-17 03:52:50 [main] INFO  [IP:  | User Name:  | User ID:  |  ] org.hibernate.spatial - HHH80000003: hibernate-spatial adding type contributions from : org.hibernate.spatial.dialect.postgis.PostgisDialectContributor
2026-05-17 03:52:50 [main] INFO  [IP:  | User Name:  | User ID:  |  ] o.s.o.j.p.SpringPersistenceUnitInfo - No LoadTimeWeaver setup: ignoring JPA class transformer
2026-05-17 03:52:50 [main] INFO  [IP:  | User Name:  | User ID:  |  ] org.hibernate.spatial - HHH80000003: hibernate-spatial adding type contributions from : org.hibernate.spatial.dialect.postgis.PostgisDialectContributor
2026-05-17 03:52:51 [main] INFO  [IP:  | User Name:  | User ID:  |  ] org.hibernate.spatial - HHH80000004: hibernate-spatial adding function contributions from : org.hibernate.spatial.dialect.postgis.PostgisDialectContributor
2026-05-17 03:52:52 [main] INFO  [IP:  | User Name:  | User ID:  |  ] o.h.e.t.j.p.i.JtaPlatformInitiator - HHH000489: No JTA platform available (set 'hibernate.transaction.jta.platform' to enable JTA platform integration)
2026-05-17 03:52:52 [main] INFO  [IP:  | User Name:  | User ID:  |  ] o.s.o.j.LocalContainerEntityManagerFactoryBean - Initialized JPA EntityManagerFactory for persistence unit 'default'
2026-05-17 03:52:52 [main] INFO  [IP:  | User Name:  | User ID:  |  ] o.s.d.j.r.query.QueryEnhancerFactory - Hibernate is in classpath; If applicable, HQL parser will be used.
2026-05-17 03:52:56 [main] INFO  [IP:  | User Name:  | User ID:  |  ] o.s.s.c.a.a.c.InitializeAuthenticationProviderBeanManagerConfigurer$InitializeAuthenticationProviderManagerConfigurer - Global AuthenticationManager configured with AuthenticationProvider bean with name authenticationProvider
2026-05-17 03:52:56 [main] WARN  [IP:  | User Name:  | User ID:  |  ] o.s.s.c.a.a.c.InitializeUserDetailsBeanManagerConfigurer$InitializeUserDetailsManagerConfigurer - Global AuthenticationManager configured with an AuthenticationProvider bean. UserDetailsService beans will not be used by Spring Security for automatically configuring username/password login. Consider removing the AuthenticationProvider bean. Alternatively, consider using the UserDetailsService in a manually instantiated DaoAuthenticationProvider. If the current configuration is intentional, to turn off this warning, increase the logging level of 'org.springframework.security.config.annotation.authentication.configuration.InitializeUserDetailsBeanManagerConfigurer' to ERROR
2026-05-17 03:52:57 [main] INFO  [IP:  | User Name:  | User ID:  |  ] o.a.coyote.http11.Http11NioProtocol - Starting ProtocolHandler ["http-nio-8080"]
2026-05-17 03:52:57 [main] INFO  [IP:  | User Name:  | User ID:  |  ] o.s.b.w.e.tomcat.TomcatWebServer - Tomcat started on port 8080 (http) with context path '/'
2026-05-17 03:52:57 [main] INFO  [IP:  | User Name:  | User ID:  |  ] c.e.e.EventsphereApplication - Started EventsphereApplication in 15.038 seconds (process running for 15.692)
2026-05-17 03:52:57 [main] INFO  [IP:  | User Name:  | User ID:  |  ] c.e.eventsphere.config.AdminConfig - Default Admin already exists. Skipping seeding.
2026-05-17 03:53:55 [http-nio-8080-exec-1] INFO  [IP:  | User Name:  | User ID:  |  ] o.a.c.c.C.[Tomcat].[localhost].[/] - Initializing Spring DispatcherServlet 'dispatcherServlet'
2026-05-17 03:53:55 [http-nio-8080-exec-1] INFO  [IP:  | User Name:  | User ID:  |  ] o.s.web.servlet.DispatcherServlet - Initializing Servlet 'dispatcherServlet'
2026-05-17 03:53:55 [http-nio-8080-exec-1] INFO  [IP:  | User Name:  | User ID:  |  ] o.s.web.servlet.DispatcherServlet - Completed initialization in 1 ms
2026-05-17 03:53:55 [http-nio-8080-exec-1] INFO  [IP: 0:0:0:0:0:0:0:1 | User Name: anonymous_user | User ID: anonymous_id | GET /v3/api-docs] c.e.e.filter.RequestLoggingFilter - Incoming Request
2026-05-17 03:53:56 [http-nio-8080-exec-1] INFO  [IP: 0:0:0:0:0:0:0:1 | User Name: anonymous_user | User ID: anonymous_id | GET /v3/api-docs] o.s.api.AbstractOpenApiResource - Init duration for springdoc-openapi is: 1328 ms
2026-05-17 03:53:57 [http-nio-8080-exec-1] INFO  [IP: 0:0:0:0:0:0:0:1 | User Name: anonymous_user | User ID: anonymous_id | GET /v3/api-docs] c.e.e.filter.RequestLoggingFilter - Completed in 1436 ms with status 200
2026-05-17 03:53:57 [http-nio-8080-exec-2] INFO  [IP: 0:0:0:0:0:0:0:1 | User Name: anonymous_user | User ID: anonymous_id | GET /favicon.ico] c.e.e.filter.RequestLoggingFilter - Incoming Request
2026-05-17 03:53:57 [http-nio-8080-exec-2] INFO  [IP: 0:0:0:0:0:0:0:1 | User Name: anonymous_user | User ID: anonymous_id | GET /favicon.ico] c.e.e.filter.RequestLoggingFilter - Completed in 3 ms with status 403
2026-05-17 03:54:01 [http-nio-8080-exec-3] INFO  [IP: 0:0:0:0:0:0:0:1 | User Name: anonymous_user | User ID: anonymous_id | GET /swagger-ui/index.html] c.e.e.filter.RequestLoggingFilter - Incoming Request
2026-05-17 03:54:01 [http-nio-8080-exec-3] INFO  [IP: 0:0:0:0:0:0:0:1 | User Name: anonymous_user | User ID: anonymous_id | GET /swagger-ui/index.html] c.e.e.filter.RequestLoggingFilter - Completed in 16 ms with status 200
2026-05-17 03:54:01 [http-nio-8080-exec-4] INFO  [IP: 0:0:0:0:0:0:0:1 | User Name: anonymous_user | User ID: anonymous_id | GET /swagger-ui/swagger-ui.css] c.e.e.filter.RequestLoggingFilter - Incoming Request
2026-05-17 03:54:01 [http-nio-8080-exec-5] INFO  [IP: 0:0:0:0:0:0:0:1 | User Name: anonymous_user | User ID: anonymous_id | GET /swagger-ui/index.css] c.e.e.filter.RequestLoggingFilter - Incoming Request
2026-05-17 03:54:01 [http-nio-8080-exec-4] INFO  [IP: 0:0:0:0:0:0:0:1 | User Name: anonymous_user | User ID: anonymous_id | GET /swagger-ui/swagger-ui.css] c.e.e.filter.RequestLoggingFilter - Completed in 6 ms with status 200
2026-05-17 03:54:01 [http-nio-8080-exec-7] INFO  [IP: 0:0:0:0:0:0:0:1 | User Name: anonymous_user | User ID: anonymous_id | GET /swagger-ui/swagger-ui-standalone-preset.js] c.e.e.filter.RequestLoggingFilter - Incoming Request
2026-05-17 03:54:01 [http-nio-8080-exec-6] INFO  [IP: 0:0:0:0:0:0:0:1 | User Name: anonymous_user | User ID: anonymous_id | GET /swagger-ui/swagger-ui-bundle.js] c.e.e.filter.RequestLoggingFilter - Incoming Request
2026-05-17 03:54:01 [http-nio-8080-exec-4] INFO  [IP: 0:0:0:0:0:0:0:1 | User Name: anonymous_user | User ID: anonymous_id | GET /swagger-ui/swagger-initializer.js] c.e.e.filter.RequestLoggingFilter - Incoming Request
2026-05-17 03:54:01 [http-nio-8080-exec-5] INFO  [IP: 0:0:0:0:0:0:0:1 | User Name: anonymous_user | User ID: anonymous_id | GET /swagger-ui/index.css] c.e.e.filter.RequestLoggingFilter - Completed in 5 ms with status 200
2026-05-17 03:54:01 [http-nio-8080-exec-7] INFO  [IP: 0:0:0:0:0:0:0:1 | User Name: anonymous_user | User ID: anonymous_id | GET /swagger-ui/swagger-ui-standalone-preset.js] c.e.e.filter.RequestLoggingFilter - Completed in 12 ms with status 200
2026-05-17 03:54:01 [http-nio-8080-exec-4] INFO  [IP: 0:0:0:0:0:0:0:1 | User Name: anonymous_user | User ID: anonymous_id | GET /swagger-ui/swagger-initializer.js] c.e.e.filter.RequestLoggingFilter - Completed in 16 ms with status 200
2026-05-17 03:54:01 [http-nio-8080-exec-6] INFO  [IP: 0:0:0:0:0:0:0:1 | User Name: anonymous_user | User ID: anonymous_id | GET /swagger-ui/swagger-ui-bundle.js] c.e.e.filter.RequestLoggingFilter - Completed in 29 ms with status 200
2026-05-17 03:54:02 [http-nio-8080-exec-9] INFO  [IP: 0:0:0:0:0:0:0:1 | User Name: anonymous_user | User ID: anonymous_id | GET /v3/api-docs/swagger-config] c.e.e.filter.RequestLoggingFilter - Incoming Request
2026-05-17 03:54:02 [http-nio-8080-exec-9] INFO  [IP: 0:0:0:0:0:0:0:1 | User Name: anonymous_user | User ID: anonymous_id | GET /v3/api-docs/swagger-config] c.e.e.filter.RequestLoggingFilter - Completed in 52 ms with status 200
2026-05-17 03:54:02 [http-nio-8080-exec-10] INFO  [IP: 0:0:0:0:0:0:0:1 | User Name: anonymous_user | User ID: anonymous_id | GET /v3/api-docs] c.e.e.filter.RequestLoggingFilter - Incoming Request
2026-05-17 03:54:02 [http-nio-8080-exec-10] INFO  [IP: 0:0:0:0:0:0:0:1 | User Name: anonymous_user | User ID: anonymous_id | GET /v3/api-docs] c.e.e.filter.RequestLoggingFilter - Completed in 9 ms with status 200
2026-05-17 04:05:25 [http-nio-8080-exec-7] INFO  [IP: 0:0:0:0:0:0:0:1 | User Name: anonymous_user | User ID: anonymous_id | GET /api/public/get-published-events] c.e.e.filter.RequestLoggingFilter - Incoming Request
2026-05-17 04:05:26 [http-nio-8080-exec-7] INFO  [IP: 0:0:0:0:0:0:0:1 | User Name: anonymous_user | User ID: anonymous_id | GET /api/public/get-published-events] c.e.e.filter.RequestLoggingFilter - Completed in 766 ms with status 200
2026-05-17 04:05:56 [SpringApplicationShutdownHook] INFO  [IP:  | User Name:  | User ID:  |  ] o.s.b.w.e.tomcat.GracefulShutdown - Commencing graceful shutdown. Waiting for active requests to complete
2026-05-17 04:05:57 [tomcat-shutdown] INFO  [IP:  | User Name:  | User ID:  |  ] o.s.b.w.e.tomcat.GracefulShutdown - Graceful shutdown complete
2026-05-17 04:05:57 [SpringApplicationShutdownHook] INFO  [IP:  | User Name:  | User ID:  |  ] o.s.o.j.LocalContainerEntityManagerFactoryBean - Closing JPA EntityManagerFactory for persistence unit 'default'
2026-05-17 04:05:57 [SpringApplicationShutdownHook] INFO  [IP:  | User Name:  | User ID:  |  ] com.zaxxer.hikari.HikariDataSource - HikariPool-1 - Shutdown initiated...
2026-05-17 04:05:57 [SpringApplicationShutdownHook] INFO  [IP:  | User Name:  | User ID:  |  ] com.zaxxer.hikari.HikariDataSource - HikariPool-1 - Shutdown completed.
2026-05-17 14:35:49 [background-preinit] INFO  [IP:  | User Name:  | User ID:  |  ] o.h.validator.internal.util.Version - HV000001: Hibernate Validator 8.0.3.Final
2026-05-17 14:35:49 [main] INFO  [IP:  | User Name:  | User ID:  |  ] c.e.e.EventsphereApplication - Starting EventsphereApplication using Java 17.0.14 with PID 21416 (H:\Ali Imran\Softwares Ali Imran\SpringBoot\eventsphere\target\classes started by irkco in H:\Ali Imran\Softwares Ali Imran\SpringBoot\eventsphere)
2026-05-17 14:35:49 [main] INFO  [IP:  | User Name:  | User ID:  |  ] c.e.e.EventsphereApplication - No active profile set, falling back to 1 default profile: "default"
2026-05-17 14:35:52 [main] INFO  [IP:  | User Name:  | User ID:  |  ] o.s.d.r.c.RepositoryConfigurationDelegate - Multiple Spring Data modules found, entering strict repository configuration mode
2026-05-17 14:35:52 [main] INFO  [IP:  | User Name:  | User ID:  |  ] o.s.d.r.c.RepositoryConfigurationDelegate - Bootstrapping Spring Data JPA repositories in DEFAULT mode.
2026-05-17 14:35:53 [main] INFO  [IP:  | User Name:  | User ID:  |  ] o.s.d.r.c.RepositoryConfigurationDelegate - Finished Spring Data repository scanning in 329 ms. Found 9 JPA repository interfaces.
2026-05-17 14:35:53 [main] INFO  [IP:  | User Name:  | User ID:  |  ] o.s.d.r.c.RepositoryConfigurationDelegate - Multiple Spring Data modules found, entering strict repository configuration mode
2026-05-17 14:35:53 [main] INFO  [IP:  | User Name:  | User ID:  |  ] o.s.d.r.c.RepositoryConfigurationDelegate - Bootstrapping Spring Data Redis repositories in DEFAULT mode.
2026-05-17 14:35:53 [main] INFO  [IP:  | User Name:  | User ID:  |  ] o.s.d.r.c.RepositoryConfigurationExtensionSupport - Spring Data Redis - Could not safely identify store assignment for repository candidate interface com.example.eventsphere.repository.CategoryRepository; If you want this repository to be a Redis repository, consider annotating your entities with one of these annotations: org.springframework.data.redis.core.RedisHash (preferred), or consider extending one of the following types with your repository: org.springframework.data.keyvalue.repository.KeyValueRepository
2026-05-17 14:35:53 [main] INFO  [IP:  | User Name:  | User ID:  |  ] o.s.d.r.c.RepositoryConfigurationExtensionSupport - Spring Data Redis - Could not safely identify store assignment for repository candidate interface com.example.eventsphere.repository.EventRepository; If you want this repository to be a Redis repository, consider annotating your entities with one of these annotations: org.springframework.data.redis.core.RedisHash (preferred), or consider extending one of the following types with your repository: org.springframework.data.keyvalue.repository.KeyValueRepository
2026-05-17 14:35:53 [main] INFO  [IP:  | User Name:  | User ID:  |  ] o.s.d.r.c.RepositoryConfigurationExtensionSupport - Spring Data Redis - Could not safely identify store assignment for repository candidate interface com.example.eventsphere.repository.LandingPageRepository; If you want this repository to be a Redis repository, consider annotating your entities with one of these annotations: org.springframework.data.redis.core.RedisHash (preferred), or consider extending one of the following types with your repository: org.springframework.data.keyvalue.repository.KeyValueRepository
2026-05-17 14:35:53 [main] INFO  [IP:  | User Name:  | User ID:  |  ] o.s.d.r.c.RepositoryConfigurationExtensionSupport - Spring Data Redis - Could not safely identify store assignment for repository candidate interface com.example.eventsphere.repository.OrganizationMemberRepository; If you want this repository to be a Redis repository, consider annotating your entities with one of these annotations: org.springframework.data.redis.core.RedisHash (preferred), or consider extending one of the following types with your repository: org.springframework.data.keyvalue.repository.KeyValueRepository
2026-05-17 14:35:53 [main] INFO  [IP:  | User Name:  | User ID:  |  ] o.s.d.r.c.RepositoryConfigurationExtensionSupport - Spring Data Redis - Could not safely identify store assignment for repository candidate interface com.example.eventsphere.repository.OrganizationRepository; If you want this repository to be a Redis repository, consider annotating your entities with one of these annotations: org.springframework.data.redis.core.RedisHash (preferred), or consider extending one of the following types with your repository: org.springframework.data.keyvalue.repository.KeyValueRepository
2026-05-17 14:35:53 [main] INFO  [IP:  | User Name:  | User ID:  |  ] o.s.d.r.c.RepositoryConfigurationExtensionSupport - Spring Data Redis - Could not safely identify store assignment for repository candidate interface com.example.eventsphere.repository.SubEventRepository; If you want this repository to be a Redis repository, consider annotating your entities with one of these annotations: org.springframework.data.redis.core.RedisHash (preferred), or consider extending one of the following types with your repository: org.springframework.data.keyvalue.repository.KeyValueRepository
2026-05-17 14:35:53 [main] INFO  [IP:  | User Name:  | User ID:  |  ] o.s.d.r.c.RepositoryConfigurationExtensionSupport - Spring Data Redis - Could not safely identify store assignment for repository candidate interface com.example.eventsphere.repository.TicketTierRepository; If you want this repository to be a Redis repository, consider annotating your entities with one of these annotations: org.springframework.data.redis.core.RedisHash (preferred), or consider extending one of the following types with your repository: org.springframework.data.keyvalue.repository.KeyValueRepository
2026-05-17 14:35:53 [main] INFO  [IP:  | User Name:  | User ID:  |  ] o.s.d.r.c.RepositoryConfigurationExtensionSupport - Spring Data Redis - Could not safely identify store assignment for repository candidate interface com.example.eventsphere.repository.TokenRepository; If you want this repository to be a Redis repository, consider annotating your entities with one of these annotations: org.springframework.data.redis.core.RedisHash (preferred), or consider extending one of the following types with your repository: org.springframework.data.keyvalue.repository.KeyValueRepository
2026-05-17 14:35:53 [main] INFO  [IP:  | User Name:  | User ID:  |  ] o.s.d.r.c.RepositoryConfigurationExtensionSupport - Spring Data Redis - Could not safely identify store assignment for repository candidate interface com.example.eventsphere.repository.UserRepository; If you want this repository to be a Redis repository, consider annotating your entities with one of these annotations: org.springframework.data.redis.core.RedisHash (preferred), or consider extending one of the following types with your repository: org.springframework.data.keyvalue.repository.KeyValueRepository
2026-05-17 14:35:53 [main] INFO  [IP:  | User Name:  | User ID:  |  ] o.s.d.r.c.RepositoryConfigurationDelegate - Finished Spring Data repository scanning in 18 ms. Found 0 Redis repository interfaces.
2026-05-17 14:35:54 [main] INFO  [IP:  | User Name:  | User ID:  |  ] o.s.b.w.e.tomcat.TomcatWebServer - Tomcat initialized with port 8080 (http)
2026-05-17 14:35:54 [main] INFO  [IP:  | User Name:  | User ID:  |  ] o.a.coyote.http11.Http11NioProtocol - Initializing ProtocolHandler ["http-nio-8080"]
2026-05-17 14:35:54 [main] INFO  [IP:  | User Name:  | User ID:  |  ] o.a.catalina.core.StandardService - Starting service [Tomcat]
2026-05-17 14:35:54 [main] INFO  [IP:  | User Name:  | User ID:  |  ] o.a.catalina.core.StandardEngine - Starting Servlet engine: [Apache Tomcat/10.1.53]
2026-05-17 14:35:55 [main] INFO  [IP:  | User Name:  | User ID:  |  ] o.a.c.c.C.[Tomcat].[localhost].[/] - Initializing Spring embedded WebApplicationContext
2026-05-17 14:35:55 [main] INFO  [IP:  | User Name:  | User ID:  |  ] o.s.b.w.s.c.ServletWebServerApplicationContext - Root WebApplicationContext: initialization completed in 5030 ms
2026-05-17 14:35:55 [main] INFO  [IP:  | User Name:  | User ID:  |  ] o.h.jpa.internal.util.LogHelper - HHH000204: Processing PersistenceUnitInfo [name: default]
2026-05-17 14:35:55 [main] INFO  [IP:  | User Name:  | User ID:  |  ] org.hibernate.Version - HHH000412: Hibernate ORM core version 6.6.45.Final
2026-05-17 14:35:55 [main] INFO  [IP:  | User Name:  | User ID:  |  ] o.h.s.integration.SpatialService - HHH80000001: hibernate-spatial integration enabled : true
2026-05-17 14:35:55 [main] INFO  [IP:  | User Name:  | User ID:  |  ] o.h.c.i.RegionFactoryInitiator - HHH000026: Second-level cache disabled
2026-05-17 14:35:55 [main] INFO  [IP:  | User Name:  | User ID:  |  ] com.zaxxer.hikari.HikariDataSource - HikariPool-1 - Starting...
2026-05-17 14:35:58 [main] INFO  [IP:  | User Name:  | User ID:  |  ] com.zaxxer.hikari.pool.HikariPool - HikariPool-1 - Added connection org.postgresql.jdbc.PgConnection@48d31d25
2026-05-17 14:35:58 [main] INFO  [IP:  | User Name:  | User ID:  |  ] com.zaxxer.hikari.HikariDataSource - HikariPool-1 - Start completed.
2026-05-17 14:35:58 [main] WARN  [IP:  | User Name:  | User ID:  |  ] org.hibernate.orm.deprecation - HHH90000025: PostgreSQLDialect does not need to be specified explicitly using 'hibernate.dialect' (remove the property setting and it will be selected by default)
2026-05-17 14:35:59 [main] INFO  [IP:  | User Name:  | User ID:  |  ] o.hibernate.orm.connections.pooling - HHH10001005: Database info:
	Database JDBC URL [Connecting through datasource 'HikariDataSource (HikariPool-1)']
	Database driver: undefined/unknown
	Database version: 17.6
	Autocommit mode: undefined/unknown
	Isolation level: undefined/unknown
	Minimum pool size: undefined/unknown
	Maximum pool size: undefined/unknown
2026-05-17 14:35:59 [main] INFO  [IP:  | User Name:  | User ID:  |  ] org.hibernate.spatial - HHH80000003: hibernate-spatial adding type contributions from : org.hibernate.spatial.dialect.postgis.PostgisDialectContributor
2026-05-17 14:35:59 [main] INFO  [IP:  | User Name:  | User ID:  |  ] o.s.o.j.p.SpringPersistenceUnitInfo - No LoadTimeWeaver setup: ignoring JPA class transformer
2026-05-17 14:35:59 [main] INFO  [IP:  | User Name:  | User ID:  |  ] org.hibernate.spatial - HHH80000003: hibernate-spatial adding type contributions from : org.hibernate.spatial.dialect.postgis.PostgisDialectContributor
2026-05-17 14:36:00 [main] INFO  [IP:  | User Name:  | User ID:  |  ] org.hibernate.spatial - HHH80000004: hibernate-spatial adding function contributions from : org.hibernate.spatial.dialect.postgis.PostgisDialectContributor
2026-05-17 14:36:01 [main] INFO  [IP:  | User Name:  | User ID:  |  ] o.h.e.t.j.p.i.JtaPlatformInitiator - HHH000489: No JTA platform available (set 'hibernate.transaction.jta.platform' to enable JTA platform integration)
2026-05-17 14:36:01 [main] INFO  [IP:  | User Name:  | User ID:  |  ] o.s.o.j.LocalContainerEntityManagerFactoryBean - Initialized JPA EntityManagerFactory for persistence unit 'default'
2026-05-17 14:36:01 [main] INFO  [IP:  | User Name:  | User ID:  |  ] o.s.d.j.r.query.QueryEnhancerFactory - Hibernate is in classpath; If applicable, HQL parser will be used.
2026-05-17 14:36:06 [main] INFO  [IP:  | User Name:  | User ID:  |  ] o.s.s.c.a.a.c.InitializeAuthenticationProviderBeanManagerConfigurer$InitializeAuthenticationProviderManagerConfigurer - Global AuthenticationManager configured with AuthenticationProvider bean with name authenticationProvider
2026-05-17 14:36:06 [main] WARN  [IP:  | User Name:  | User ID:  |  ] o.s.s.c.a.a.c.InitializeUserDetailsBeanManagerConfigurer$InitializeUserDetailsManagerConfigurer - Global AuthenticationManager configured with an AuthenticationProvider bean. UserDetailsService beans will not be used by Spring Security for automatically configuring username/password login. Consider removing the AuthenticationProvider bean. Alternatively, consider using the UserDetailsService in a manually instantiated DaoAuthenticationProvider. If the current configuration is intentional, to turn off this warning, increase the logging level of 'org.springframework.security.config.annotation.authentication.configuration.InitializeUserDetailsBeanManagerConfigurer' to ERROR
2026-05-17 14:36:07 [main] INFO  [IP:  | User Name:  | User ID:  |  ] o.a.coyote.http11.Http11NioProtocol - Starting ProtocolHandler ["http-nio-8080"]
2026-05-17 14:36:07 [main] INFO  [IP:  | User Name:  | User ID:  |  ] o.s.b.w.e.tomcat.TomcatWebServer - Tomcat started on port 8080 (http) with context path '/'
2026-05-17 14:36:07 [main] INFO  [IP:  | User Name:  | User ID:  |  ] c.e.e.EventsphereApplication - Started EventsphereApplication in 18.392 seconds (process running for 20.042)
2026-05-17 14:36:07 [main] INFO  [IP:  | User Name:  | User ID:  |  ] c.e.eventsphere.config.AdminConfig - Default Admin already exists. Skipping seeding.
2026-05-17 14:36:13 [http-nio-8080-exec-1] INFO  [IP:  | User Name:  | User ID:  |  ] o.a.c.c.C.[Tomcat].[localhost].[/] - Initializing Spring DispatcherServlet 'dispatcherServlet'
2026-05-17 14:36:13 [http-nio-8080-exec-1] INFO  [IP:  | User Name:  | User ID:  |  ] o.s.web.servlet.DispatcherServlet - Initializing Servlet 'dispatcherServlet'
2026-05-17 14:36:13 [http-nio-8080-exec-1] INFO  [IP:  | User Name:  | User ID:  |  ] o.s.web.servlet.DispatcherServlet - Completed initialization in 1 ms
2026-05-17 14:36:13 [http-nio-8080-exec-1] INFO  [IP: 0:0:0:0:0:0:0:1 | User Name: anonymous_user | User ID: anonymous_id | GET /v3/api-docs] c.e.e.filter.RequestLoggingFilter - Incoming Request
2026-05-17 14:36:14 [http-nio-8080-exec-1] INFO  [IP: 0:0:0:0:0:0:0:1 | User Name: anonymous_user | User ID: anonymous_id | GET /v3/api-docs] o.s.api.AbstractOpenApiResource - Init duration for springdoc-openapi is: 1456 ms
2026-05-17 14:36:14 [http-nio-8080-exec-1] INFO  [IP: 0:0:0:0:0:0:0:1 | User Name: anonymous_user | User ID: anonymous_id | GET /v3/api-docs] c.e.e.filter.RequestLoggingFilter - Completed in 1581 ms with status 200
2026-05-17 14:36:14 [http-nio-8080-exec-2] INFO  [IP: 0:0:0:0:0:0:0:1 | User Name: anonymous_user | User ID: anonymous_id | GET /favicon.ico] c.e.e.filter.RequestLoggingFilter - Incoming Request
2026-05-17 14:36:14 [http-nio-8080-exec-2] INFO  [IP: 0:0:0:0:0:0:0:1 | User Name: anonymous_user | User ID: anonymous_id | GET /favicon.ico] c.e.e.filter.RequestLoggingFilter - Completed in 2 ms with status 403
2026-05-17 14:36:26 [http-nio-8080-exec-3] INFO  [IP: 0:0:0:0:0:0:0:1 | User Name: anonymous_user | User ID: anonymous_id | GET /swagger-ui/index.html] c.e.e.filter.RequestLoggingFilter - Incoming Request
2026-05-17 14:36:26 [http-nio-8080-exec-3] INFO  [IP: 0:0:0:0:0:0:0:1 | User Name: anonymous_user | User ID: anonymous_id | GET /swagger-ui/index.html] c.e.e.filter.RequestLoggingFilter - Completed in 20 ms with status 200
2026-05-17 14:36:26 [http-nio-8080-exec-4] INFO  [IP: 0:0:0:0:0:0:0:1 | User Name: anonymous_user | User ID: anonymous_id | GET /swagger-ui/swagger-ui.css] c.e.e.filter.RequestLoggingFilter - Incoming Request
2026-05-17 14:36:26 [http-nio-8080-exec-5] INFO  [IP: 0:0:0:0:0:0:0:1 | User Name: anonymous_user | User ID: anonymous_id | GET /swagger-ui/index.css] c.e.e.filter.RequestLoggingFilter - Incoming Request
2026-05-17 14:36:26 [http-nio-8080-exec-4] INFO  [IP: 0:0:0:0:0:0:0:1 | User Name: anonymous_user | User ID: anonymous_id | GET /swagger-ui/swagger-ui.css] c.e.e.filter.RequestLoggingFilter - Completed in 8 ms with status 200
2026-05-17 14:36:26 [http-nio-8080-exec-7] INFO  [IP: 0:0:0:0:0:0:0:1 | User Name: anonymous_user | User ID: anonymous_id | GET /swagger-ui/swagger-ui-standalone-preset.js] c.e.e.filter.RequestLoggingFilter - Incoming Request
2026-05-17 14:36:26 [http-nio-8080-exec-6] INFO  [IP: 0:0:0:0:0:0:0:1 | User Name: anonymous_user | User ID: anonymous_id | GET /swagger-ui/swagger-ui-bundle.js] c.e.e.filter.RequestLoggingFilter - Incoming Request
2026-05-17 14:36:26 [http-nio-8080-exec-8] INFO  [IP: 0:0:0:0:0:0:0:1 | User Name: anonymous_user | User ID: anonymous_id | GET /swagger-ui/swagger-initializer.js] c.e.e.filter.RequestLoggingFilter - Incoming Request
2026-05-17 14:36:26 [http-nio-8080-exec-5] INFO  [IP: 0:0:0:0:0:0:0:1 | User Name: anonymous_user | User ID: anonymous_id | GET /swagger-ui/index.css] c.e.e.filter.RequestLoggingFilter - Completed in 4 ms with status 200
2026-05-17 14:36:26 [http-nio-8080-exec-7] INFO  [IP: 0:0:0:0:0:0:0:1 | User Name: anonymous_user | User ID: anonymous_id | GET /swagger-ui/swagger-ui-standalone-preset.js] c.e.e.filter.RequestLoggingFilter - Completed in 11 ms with status 200
2026-05-17 14:36:26 [http-nio-8080-exec-6] INFO  [IP: 0:0:0:0:0:0:0:1 | User Name: anonymous_user | User ID: anonymous_id | GET /swagger-ui/swagger-ui-bundle.js] c.e.e.filter.RequestLoggingFilter - Completed in 30 ms with status 200
2026-05-17 14:36:26 [http-nio-8080-exec-8] INFO  [IP: 0:0:0:0:0:0:0:1 | User Name: anonymous_user | User ID: anonymous_id | GET /swagger-ui/swagger-initializer.js] c.e.e.filter.RequestLoggingFilter - Completed in 54 ms with status 200
2026-05-17 14:36:26 [http-nio-8080-exec-9] INFO  [IP: 0:0:0:0:0:0:0:1 | User Name: anonymous_user | User ID: anonymous_id | GET /v3/api-docs/swagger-config] c.e.e.filter.RequestLoggingFilter - Incoming Request
2026-05-17 14:36:26 [http-nio-8080-exec-9] INFO  [IP: 0:0:0:0:0:0:0:1 | User Name: anonymous_user | User ID: anonymous_id | GET /v3/api-docs/swagger-config] c.e.e.filter.RequestLoggingFilter - Completed in 16 ms with status 200
2026-05-17 14:36:27 [http-nio-8080-exec-10] INFO  [IP: 0:0:0:0:0:0:0:1 | User Name: anonymous_user | User ID: anonymous_id | GET /v3/api-docs] c.e.e.filter.RequestLoggingFilter - Incoming Request
2026-05-17 14:36:27 [http-nio-8080-exec-10] INFO  [IP: 0:0:0:0:0:0:0:1 | User Name: anonymous_user | User ID: anonymous_id | GET /v3/api-docs] c.e.e.filter.RequestLoggingFilter - Completed in 12 ms with status 200
2026-05-17 14:36:43 [http-nio-8080-exec-1] INFO  [IP: 0:0:0:0:0:0:0:1 | User Name: anonymous_user | User ID: anonymous_id | POST /api/auth/login] c.e.e.filter.RequestLoggingFilter - Incoming Request
2026-05-17 14:36:44 [http-nio-8080-exec-1] INFO  [IP: 0:0:0:0:0:0:0:1 | User Name: anonymous_user | User ID: anonymous_id | POST /api/auth/login] c.e.eventsphere.service.TokenService - Secure Refresh Token generated and hashed for user ID: 81ca140f-1ec2-4231-b15e-dffd7ec0e491
2026-05-17 14:36:45 [http-nio-8080-exec-1] INFO  [IP: 0:0:0:0:0:0:0:1 | User Name: anonymous_user | User ID: anonymous_id | POST /api/auth/login] c.e.eventsphere.service.AuthService - Successful login for user: ali.imran
2026-05-17 14:36:45 [http-nio-8080-exec-1] INFO  [IP: 0:0:0:0:0:0:0:1 | User Name: anonymous_user | User ID: anonymous_id | POST /api/auth/login] c.e.e.filter.RequestLoggingFilter - Completed in 1194 ms with status 200
2026-05-17 14:37:03 [http-nio-8080-exec-2] INFO  [IP: 0:0:0:0:0:0:0:1 | User Name: ali.imran | User ID: 81ca140f-1ec2-4231-b15e-dffd7ec0e491 | GET /api/organization/my-org] c.e.e.filter.RequestLoggingFilter - Incoming Request
2026-05-17 14:37:03 [http-nio-8080-exec-2] INFO  [IP: 0:0:0:0:0:0:0:1 | User Name: ali.imran | User ID: 81ca140f-1ec2-4231-b15e-dffd7ec0e491 | GET /api/organization/my-org] c.e.e.filter.RequestLoggingFilter - Completed in 402 ms with status 200
2026-05-17 14:37:35 [http-nio-8080-exec-6] INFO  [IP: 0:0:0:0:0:0:0:1 | User Name: ali.imran | User ID: 81ca140f-1ec2-4231-b15e-dffd7ec0e491 | GET /api/event/get-event-by-id/84c8d754-a76d-41ab-b974-cf25e19da1eb] c.e.e.filter.RequestLoggingFilter - Incoming Request
2026-05-17 14:37:35 [http-nio-8080-exec-6] WARN  [IP: 0:0:0:0:0:0:0:1 | User Name: ali.imran | User ID: 81ca140f-1ec2-4231-b15e-dffd7ec0e491 | GET /api/event/get-event-by-id/84c8d754-a76d-41ab-b974-cf25e19da1eb] c.e.e.e.GlobalExceptionHandler - Access denied at /api/event/get-event-by-id/84c8d754-a76d-41ab-b974-cf25e19da1eb: Access Denied
2026-05-17 14:37:35 [http-nio-8080-exec-6] INFO  [IP: 0:0:0:0:0:0:0:1 | User Name: ali.imran | User ID: 81ca140f-1ec2-4231-b15e-dffd7ec0e491 | GET /api/event/get-event-by-id/84c8d754-a76d-41ab-b974-cf25e19da1eb] c.e.e.filter.RequestLoggingFilter - Completed in 16 ms with status 403
2026-05-17 14:37:44 [http-nio-8080-exec-8] INFO  [IP: 0:0:0:0:0:0:0:1 | User Name: ali.imran | User ID: 81ca140f-1ec2-4231-b15e-dffd7ec0e491 | GET /api/event/get-org-event-by-id/84c8d754-a76d-41ab-b974-cf25e19da1eb] c.e.e.filter.RequestLoggingFilter - Incoming Request
2026-05-17 14:37:45 [http-nio-8080-exec-8] WARN  [IP: 0:0:0:0:0:0:0:1 | User Name: ali.imran | User ID: 81ca140f-1ec2-4231-b15e-dffd7ec0e491 | GET /api/event/get-org-event-by-id/84c8d754-a76d-41ab-b974-cf25e19da1eb] c.e.e.e.GlobalExceptionHandler - Business rule violation at /api/event/get-org-event-by-id/84c8d754-a76d-41ab-b974-cf25e19da1eb: Event not found
2026-05-17 14:37:45 [http-nio-8080-exec-8] INFO  [IP: 0:0:0:0:0:0:0:1 | User Name: ali.imran | User ID: 81ca140f-1ec2-4231-b15e-dffd7ec0e491 | GET /api/event/get-org-event-by-id/84c8d754-a76d-41ab-b974-cf25e19da1eb] c.e.e.filter.RequestLoggingFilter - Completed in 569 ms with status 400
2026-05-17 14:37:52 [http-nio-8080-exec-9] INFO  [IP: 0:0:0:0:0:0:0:1 | User Name: ali.imran | User ID: 81ca140f-1ec2-4231-b15e-dffd7ec0e491 | GET /api/event/get-org-events/84c8d754-a76d-41ab-b974-cf25e19da1eb] c.e.e.filter.RequestLoggingFilter - Incoming Request
2026-05-17 14:37:55 [http-nio-8080-exec-9] INFO  [IP: 0:0:0:0:0:0:0:1 | User Name: ali.imran | User ID: 81ca140f-1ec2-4231-b15e-dffd7ec0e491 | GET /api/event/get-org-events/84c8d754-a76d-41ab-b974-cf25e19da1eb] c.e.e.filter.RequestLoggingFilter - Completed in 2151 ms with status 200
2026-05-17 14:38:22 [http-nio-8080-exec-10] INFO  [IP: 0:0:0:0:0:0:0:1 | User Name: ali.imran | User ID: 81ca140f-1ec2-4231-b15e-dffd7ec0e491 | GET /api/event/get-landing-page-settings/b0ce73c7-29ed-4c8c-87d0-4ce9ac8d07be] c.e.e.filter.RequestLoggingFilter - Incoming Request
2026-05-17 14:38:24 [http-nio-8080-exec-10] WARN  [IP: 0:0:0:0:0:0:0:1 | User Name: ali.imran | User ID: 81ca140f-1ec2-4231-b15e-dffd7ec0e491 | GET /api/event/get-landing-page-settings/b0ce73c7-29ed-4c8c-87d0-4ce9ac8d07be] c.e.e.e.GlobalExceptionHandler - Business rule violation at /api/event/get-landing-page-settings/b0ce73c7-29ed-4c8c-87d0-4ce9ac8d07be: Landing page not configured yet.
2026-05-17 14:38:24 [http-nio-8080-exec-10] INFO  [IP: 0:0:0:0:0:0:0:1 | User Name: ali.imran | User ID: 81ca140f-1ec2-4231-b15e-dffd7ec0e491 | GET /api/event/get-landing-page-settings/b0ce73c7-29ed-4c8c-87d0-4ce9ac8d07be] c.e.e.filter.RequestLoggingFilter - Completed in 1286 ms with status 400
2026-05-17 14:50:45 [background-preinit] INFO  [IP:  | User Name:  | User ID:  |  ] o.h.validator.internal.util.Version - HV000001: Hibernate Validator 8.0.3.Final
2026-05-17 14:50:45 [main] INFO  [IP:  | User Name:  | User ID:  |  ] c.e.e.EventsphereApplication - Starting EventsphereApplication using Java 17.0.14 with PID 6368 (H:\Ali Imran\Softwares Ali Imran\SpringBoot\eventsphere\target\classes started by irkco in H:\Ali Imran\Softwares Ali Imran\SpringBoot\eventsphere)
2026-05-17 14:50:45 [main] INFO  [IP:  | User Name:  | User ID:  |  ] c.e.e.EventsphereApplication - No active profile set, falling back to 1 default profile: "default"
2026-05-17 14:50:48 [main] INFO  [IP:  | User Name:  | User ID:  |  ] o.s.d.r.c.RepositoryConfigurationDelegate - Multiple Spring Data modules found, entering strict repository configuration mode
2026-05-17 14:50:48 [main] INFO  [IP:  | User Name:  | User ID:  |  ] o.s.d.r.c.RepositoryConfigurationDelegate - Bootstrapping Spring Data JPA repositories in DEFAULT mode.
2026-05-17 14:50:48 [main] INFO  [IP:  | User Name:  | User ID:  |  ] o.s.d.r.c.RepositoryConfigurationDelegate - Finished Spring Data repository scanning in 289 ms. Found 9 JPA repository interfaces.
2026-05-17 14:50:48 [main] INFO  [IP:  | User Name:  | User ID:  |  ] o.s.d.r.c.RepositoryConfigurationDelegate - Multiple Spring Data modules found, entering strict repository configuration mode
2026-05-17 14:50:48 [main] INFO  [IP:  | User Name:  | User ID:  |  ] o.s.d.r.c.RepositoryConfigurationDelegate - Bootstrapping Spring Data Redis repositories in DEFAULT mode.
2026-05-17 14:50:48 [main] INFO  [IP:  | User Name:  | User ID:  |  ] o.s.d.r.c.RepositoryConfigurationExtensionSupport - Spring Data Redis - Could not safely identify store assignment for repository candidate interface com.example.eventsphere.repository.CategoryRepository; If you want this repository to be a Redis repository, consider annotating your entities with one of these annotations: org.springframework.data.redis.core.RedisHash (preferred), or consider extending one of the following types with your repository: org.springframework.data.keyvalue.repository.KeyValueRepository
2026-05-17 14:50:48 [main] INFO  [IP:  | User Name:  | User ID:  |  ] o.s.d.r.c.RepositoryConfigurationExtensionSupport - Spring Data Redis - Could not safely identify store assignment for repository candidate interface com.example.eventsphere.repository.EventRepository; If you want this repository to be a Redis repository, consider annotating your entities with one of these annotations: org.springframework.data.redis.core.RedisHash (preferred), or consider extending one of the following types with your repository: org.springframework.data.keyvalue.repository.KeyValueRepository
2026-05-17 14:50:48 [main] INFO  [IP:  | User Name:  | User ID:  |  ] o.s.d.r.c.RepositoryConfigurationExtensionSupport - Spring Data Redis - Could not safely identify store assignment for repository candidate interface com.example.eventsphere.repository.LandingPageRepository; If you want this repository to be a Redis repository, consider annotating your entities with one of these annotations: org.springframework.data.redis.core.RedisHash (preferred), or consider extending one of the following types with your repository: org.springframework.data.keyvalue.repository.KeyValueRepository
2026-05-17 14:50:48 [main] INFO  [IP:  | User Name:  | User ID:  |  ] o.s.d.r.c.RepositoryConfigurationExtensionSupport - Spring Data Redis - Could not safely identify store assignment for repository candidate interface com.example.eventsphere.repository.OrganizationMemberRepository; If you want this repository to be a Redis repository, consider annotating your entities with one of these annotations: org.springframework.data.redis.core.RedisHash (preferred), or consider extending one of the following types with your repository: org.springframework.data.keyvalue.repository.KeyValueRepository
2026-05-17 14:50:48 [main] INFO  [IP:  | User Name:  | User ID:  |  ] o.s.d.r.c.RepositoryConfigurationExtensionSupport - Spring Data Redis - Could not safely identify store assignment for repository candidate interface com.example.eventsphere.repository.OrganizationRepository; If you want this repository to be a Redis repository, consider annotating your entities with one of these annotations: org.springframework.data.redis.core.RedisHash (preferred), or consider extending one of the following types with your repository: org.springframework.data.keyvalue.repository.KeyValueRepository
2026-05-17 14:50:48 [main] INFO  [IP:  | User Name:  | User ID:  |  ] o.s.d.r.c.RepositoryConfigurationExtensionSupport - Spring Data Redis - Could not safely identify store assignment for repository candidate interface com.example.eventsphere.repository.SubEventRepository; If you want this repository to be a Redis repository, consider annotating your entities with one of these annotations: org.springframework.data.redis.core.RedisHash (preferred), or consider extending one of the following types with your repository: org.springframework.data.keyvalue.repository.KeyValueRepository
2026-05-17 14:50:48 [main] INFO  [IP:  | User Name:  | User ID:  |  ] o.s.d.r.c.RepositoryConfigurationExtensionSupport - Spring Data Redis - Could not safely identify store assignment for repository candidate interface com.example.eventsphere.repository.TicketTierRepository; If you want this repository to be a Redis repository, consider annotating your entities with one of these annotations: org.springframework.data.redis.core.RedisHash (preferred), or consider extending one of the following types with your repository: org.springframework.data.keyvalue.repository.KeyValueRepository
2026-05-17 14:50:48 [main] INFO  [IP:  | User Name:  | User ID:  |  ] o.s.d.r.c.RepositoryConfigurationExtensionSupport - Spring Data Redis - Could not safely identify store assignment for repository candidate interface com.example.eventsphere.repository.TokenRepository; If you want this repository to be a Redis repository, consider annotating your entities with one of these annotations: org.springframework.data.redis.core.RedisHash (preferred), or consider extending one of the following types with your repository: org.springframework.data.keyvalue.repository.KeyValueRepository
2026-05-17 14:50:48 [main] INFO  [IP:  | User Name:  | User ID:  |  ] o.s.d.r.c.RepositoryConfigurationExtensionSupport - Spring Data Redis - Could not safely identify store assignment for repository candidate interface com.example.eventsphere.repository.UserRepository; If you want this repository to be a Redis repository, consider annotating your entities with one of these annotations: org.springframework.data.redis.core.RedisHash (preferred), or consider extending one of the following types with your repository: org.springframework.data.keyvalue.repository.KeyValueRepository
2026-05-17 14:50:48 [main] INFO  [IP:  | User Name:  | User ID:  |  ] o.s.d.r.c.RepositoryConfigurationDelegate - Finished Spring Data repository scanning in 29 ms. Found 0 Redis repository interfaces.
2026-05-17 14:50:50 [main] INFO  [IP:  | User Name:  | User ID:  |  ] o.s.b.w.e.tomcat.TomcatWebServer - Tomcat initialized with port 8080 (http)
2026-05-17 14:50:50 [main] INFO  [IP:  | User Name:  | User ID:  |  ] o.a.coyote.http11.Http11NioProtocol - Initializing ProtocolHandler ["http-nio-8080"]
2026-05-17 14:50:50 [main] INFO  [IP:  | User Name:  | User ID:  |  ] o.a.catalina.core.StandardService - Starting service [Tomcat]
2026-05-17 14:50:50 [main] INFO  [IP:  | User Name:  | User ID:  |  ] o.a.catalina.core.StandardEngine - Starting Servlet engine: [Apache Tomcat/10.1.53]
2026-05-17 14:50:50 [main] INFO  [IP:  | User Name:  | User ID:  |  ] o.a.c.c.C.[Tomcat].[localhost].[/] - Initializing Spring embedded WebApplicationContext
2026-05-17 14:50:50 [main] INFO  [IP:  | User Name:  | User ID:  |  ] o.s.b.w.s.c.ServletWebServerApplicationContext - Root WebApplicationContext: initialization completed in 4693 ms
2026-05-17 14:50:50 [main] INFO  [IP:  | User Name:  | User ID:  |  ] o.h.jpa.internal.util.LogHelper - HHH000204: Processing PersistenceUnitInfo [name: default]
2026-05-17 14:50:50 [main] INFO  [IP:  | User Name:  | User ID:  |  ] org.hibernate.Version - HHH000412: Hibernate ORM core version 6.6.45.Final
2026-05-17 14:50:50 [main] INFO  [IP:  | User Name:  | User ID:  |  ] o.h.s.integration.SpatialService - HHH80000001: hibernate-spatial integration enabled : true
2026-05-17 14:50:50 [main] INFO  [IP:  | User Name:  | User ID:  |  ] o.h.c.i.RegionFactoryInitiator - HHH000026: Second-level cache disabled
2026-05-17 14:50:51 [main] INFO  [IP:  | User Name:  | User ID:  |  ] com.zaxxer.hikari.HikariDataSource - HikariPool-1 - Starting...
2026-05-17 14:50:53 [main] INFO  [IP:  | User Name:  | User ID:  |  ] com.zaxxer.hikari.pool.HikariPool - HikariPool-1 - Added connection org.postgresql.jdbc.PgConnection@6f65a203
2026-05-17 14:50:53 [main] INFO  [IP:  | User Name:  | User ID:  |  ] com.zaxxer.hikari.HikariDataSource - HikariPool-1 - Start completed.
2026-05-17 14:50:54 [main] WARN  [IP:  | User Name:  | User ID:  |  ] org.hibernate.orm.deprecation - HHH90000025: PostgreSQLDialect does not need to be specified explicitly using 'hibernate.dialect' (remove the property setting and it will be selected by default)
2026-05-17 14:50:54 [main] INFO  [IP:  | User Name:  | User ID:  |  ] o.hibernate.orm.connections.pooling - HHH10001005: Database info:
	Database JDBC URL [Connecting through datasource 'HikariDataSource (HikariPool-1)']
	Database driver: undefined/unknown
	Database version: 17.6
	Autocommit mode: undefined/unknown
	Isolation level: undefined/unknown
	Minimum pool size: undefined/unknown
	Maximum pool size: undefined/unknown
2026-05-17 14:50:54 [main] INFO  [IP:  | User Name:  | User ID:  |  ] org.hibernate.spatial - HHH80000003: hibernate-spatial adding type contributions from : org.hibernate.spatial.dialect.postgis.PostgisDialectContributor
2026-05-17 14:50:55 [main] INFO  [IP:  | User Name:  | User ID:  |  ] o.s.o.j.p.SpringPersistenceUnitInfo - No LoadTimeWeaver setup: ignoring JPA class transformer
2026-05-17 14:50:55 [main] INFO  [IP:  | User Name:  | User ID:  |  ] org.hibernate.spatial - HHH80000003: hibernate-spatial adding type contributions from : org.hibernate.spatial.dialect.postgis.PostgisDialectContributor
2026-05-17 14:50:55 [main] INFO  [IP:  | User Name:  | User ID:  |  ] org.hibernate.spatial - HHH80000004: hibernate-spatial adding function contributions from : org.hibernate.spatial.dialect.postgis.PostgisDialectContributor
2026-05-17 14:50:56 [main] INFO  [IP:  | User Name:  | User ID:  |  ] o.h.e.t.j.p.i.JtaPlatformInitiator - HHH000489: No JTA platform available (set 'hibernate.transaction.jta.platform' to enable JTA platform integration)
2026-05-17 14:50:56 [main] INFO  [IP:  | User Name:  | User ID:  |  ] o.s.o.j.LocalContainerEntityManagerFactoryBean - Initialized JPA EntityManagerFactory for persistence unit 'default'
2026-05-17 14:50:57 [main] INFO  [IP:  | User Name:  | User ID:  |  ] o.s.d.j.r.query.QueryEnhancerFactory - Hibernate is in classpath; If applicable, HQL parser will be used.
2026-05-17 14:51:01 [main] INFO  [IP:  | User Name:  | User ID:  |  ] o.s.s.c.a.a.c.InitializeAuthenticationProviderBeanManagerConfigurer$InitializeAuthenticationProviderManagerConfigurer - Global AuthenticationManager configured with AuthenticationProvider bean with name authenticationProvider
2026-05-17 14:51:01 [main] WARN  [IP:  | User Name:  | User ID:  |  ] o.s.s.c.a.a.c.InitializeUserDetailsBeanManagerConfigurer$InitializeUserDetailsManagerConfigurer - Global AuthenticationManager configured with an AuthenticationProvider bean. UserDetailsService beans will not be used by Spring Security for automatically configuring username/password login. Consider removing the AuthenticationProvider bean. Alternatively, consider using the UserDetailsService in a manually instantiated DaoAuthenticationProvider. If the current configuration is intentional, to turn off this warning, increase the logging level of 'org.springframework.security.config.annotation.authentication.configuration.InitializeUserDetailsBeanManagerConfigurer' to ERROR
2026-05-17 14:51:02 [main] INFO  [IP:  | User Name:  | User ID:  |  ] o.a.coyote.http11.Http11NioProtocol - Starting ProtocolHandler ["http-nio-8080"]
2026-05-17 14:51:02 [main] INFO  [IP:  | User Name:  | User ID:  |  ] o.s.b.w.e.tomcat.TomcatWebServer - Tomcat started on port 8080 (http) with context path '/'
2026-05-17 14:51:02 [main] INFO  [IP:  | User Name:  | User ID:  |  ] c.e.e.EventsphereApplication - Started EventsphereApplication in 17.685 seconds (process running for 19.605)
2026-05-17 14:51:02 [main] INFO  [IP:  | User Name:  | User ID:  |  ] c.e.eventsphere.config.AdminConfig - Default Admin already exists. Skipping seeding.
2026-05-17 14:51:06 [http-nio-8080-exec-1] INFO  [IP:  | User Name:  | User ID:  |  ] o.a.c.c.C.[Tomcat].[localhost].[/] - Initializing Spring DispatcherServlet 'dispatcherServlet'
2026-05-17 14:51:06 [http-nio-8080-exec-1] INFO  [IP:  | User Name:  | User ID:  |  ] o.s.web.servlet.DispatcherServlet - Initializing Servlet 'dispatcherServlet'
2026-05-17 14:51:06 [http-nio-8080-exec-1] INFO  [IP:  | User Name:  | User ID:  |  ] o.s.web.servlet.DispatcherServlet - Completed initialization in 2 ms
2026-05-17 14:51:06 [http-nio-8080-exec-1] INFO  [IP: 0:0:0:0:0:0:0:1 | User Name: anonymous_user | User ID: anonymous_id | GET /swagger-ui/index.html] c.e.e.filter.RequestLoggingFilter - Incoming Request
2026-05-17 14:51:06 [http-nio-8080-exec-1] INFO  [IP: 0:0:0:0:0:0:0:1 | User Name: anonymous_user | User ID: anonymous_id | GET /swagger-ui/index.html] c.e.e.filter.RequestLoggingFilter - Completed in 46 ms with status 200
2026-05-17 14:51:06 [http-nio-8080-exec-2] INFO  [IP: 0:0:0:0:0:0:0:1 | User Name: anonymous_user | User ID: anonymous_id | GET /swagger-ui/swagger-ui.css] c.e.e.filter.RequestLoggingFilter - Incoming Request
2026-05-17 14:51:06 [http-nio-8080-exec-3] INFO  [IP: 0:0:0:0:0:0:0:1 | User Name: anonymous_user | User ID: anonymous_id | GET /swagger-ui/index.css] c.e.e.filter.RequestLoggingFilter - Incoming Request
2026-05-17 14:51:06 [http-nio-8080-exec-4] INFO  [IP: 0:0:0:0:0:0:0:1 | User Name: anonymous_user | User ID: anonymous_id | GET /swagger-ui/swagger-ui-bundle.js] c.e.e.filter.RequestLoggingFilter - Incoming Request
2026-05-17 14:51:06 [http-nio-8080-exec-5] INFO  [IP: 0:0:0:0:0:0:0:1 | User Name: anonymous_user | User ID: anonymous_id | GET /swagger-ui/swagger-ui-standalone-preset.js] c.e.e.filter.RequestLoggingFilter - Incoming Request
2026-05-17 14:51:06 [http-nio-8080-exec-6] INFO  [IP: 0:0:0:0:0:0:0:1 | User Name: anonymous_user | User ID: anonymous_id | GET /swagger-ui/swagger-initializer.js] c.e.e.filter.RequestLoggingFilter - Incoming Request
2026-05-17 14:51:06 [http-nio-8080-exec-3] INFO  [IP: 0:0:0:0:0:0:0:1 | User Name: anonymous_user | User ID: anonymous_id | GET /swagger-ui/index.css] c.e.e.filter.RequestLoggingFilter - Completed in 5 ms with status 200
2026-05-17 14:51:06 [http-nio-8080-exec-2] INFO  [IP: 0:0:0:0:0:0:0:1 | User Name: anonymous_user | User ID: anonymous_id | GET /swagger-ui/swagger-ui.css] c.e.e.filter.RequestLoggingFilter - Completed in 10 ms with status 200
2026-05-17 14:51:06 [http-nio-8080-exec-5] INFO  [IP: 0:0:0:0:0:0:0:1 | User Name: anonymous_user | User ID: anonymous_id | GET /swagger-ui/swagger-ui-standalone-preset.js] c.e.e.filter.RequestLoggingFilter - Completed in 14 ms with status 200
2026-05-17 14:51:06 [http-nio-8080-exec-4] INFO  [IP: 0:0:0:0:0:0:0:1 | User Name: anonymous_user | User ID: anonymous_id | GET /swagger-ui/swagger-ui-bundle.js] c.e.e.filter.RequestLoggingFilter - Completed in 36 ms with status 200
2026-05-17 14:51:06 [http-nio-8080-exec-6] INFO  [IP: 0:0:0:0:0:0:0:1 | User Name: anonymous_user | User ID: anonymous_id | GET /swagger-ui/swagger-initializer.js] c.e.e.filter.RequestLoggingFilter - Completed in 55 ms with status 200
2026-05-17 14:51:06 [http-nio-8080-exec-7] INFO  [IP: 0:0:0:0:0:0:0:1 | User Name: anonymous_user | User ID: anonymous_id | GET /v3/api-docs/swagger-config] c.e.e.filter.RequestLoggingFilter - Incoming Request
2026-05-17 14:51:06 [http-nio-8080-exec-8] INFO  [IP: 0:0:0:0:0:0:0:1 | User Name: anonymous_user | User ID: anonymous_id | GET /swagger-ui/favicon-32x32.png] c.e.e.filter.RequestLoggingFilter - Incoming Request
2026-05-17 14:51:06 [http-nio-8080-exec-8] INFO  [IP: 0:0:0:0:0:0:0:1 | User Name: anonymous_user | User ID: anonymous_id | GET /swagger-ui/favicon-32x32.png] c.e.e.filter.RequestLoggingFilter - Completed in 4 ms with status 200
2026-05-17 14:51:06 [http-nio-8080-exec-7] INFO  [IP: 0:0:0:0:0:0:0:1 | User Name: anonymous_user | User ID: anonymous_id | GET /v3/api-docs/swagger-config] c.e.e.filter.RequestLoggingFilter - Completed in 61 ms with status 200
2026-05-17 14:51:06 [http-nio-8080-exec-9] INFO  [IP: 0:0:0:0:0:0:0:1 | User Name: anonymous_user | User ID: anonymous_id | GET /v3/api-docs] c.e.e.filter.RequestLoggingFilter - Incoming Request
2026-05-17 14:51:08 [http-nio-8080-exec-9] INFO  [IP: 0:0:0:0:0:0:0:1 | User Name: anonymous_user | User ID: anonymous_id | GET /v3/api-docs] o.s.api.AbstractOpenApiResource - Init duration for springdoc-openapi is: 1411 ms
2026-05-17 14:51:08 [http-nio-8080-exec-9] INFO  [IP: 0:0:0:0:0:0:0:1 | User Name: anonymous_user | User ID: anonymous_id | GET /v3/api-docs] c.e.e.filter.RequestLoggingFilter - Completed in 1479 ms with status 200
2026-05-17 14:52:02 [http-nio-8080-exec-10] INFO  [IP: 0:0:0:0:0:0:0:1 | User Name: anonymous_user | User ID: anonymous_id | POST /api/auth/login] c.e.e.filter.RequestLoggingFilter - Incoming Request
2026-05-17 14:52:03 [http-nio-8080-exec-10] INFO  [IP: 0:0:0:0:0:0:0:1 | User Name: anonymous_user | User ID: anonymous_id | POST /api/auth/login] c.e.eventsphere.service.TokenService - Secure Refresh Token generated and hashed for user ID: 81ca140f-1ec2-4231-b15e-dffd7ec0e491
2026-05-17 14:52:03 [http-nio-8080-exec-10] INFO  [IP: 0:0:0:0:0:0:0:1 | User Name: anonymous_user | User ID: anonymous_id | POST /api/auth/login] c.e.eventsphere.service.AuthService - Successful login for user: ali.imran
2026-05-17 14:52:03 [http-nio-8080-exec-10] INFO  [IP: 0:0:0:0:0:0:0:1 | User Name: anonymous_user | User ID: anonymous_id | POST /api/auth/login] c.e.e.filter.RequestLoggingFilter - Completed in 1156 ms with status 200
2026-05-17 14:52:17 [http-nio-8080-exec-4] INFO  [IP: 0:0:0:0:0:0:0:1 | User Name: ali.imran | User ID: 81ca140f-1ec2-4231-b15e-dffd7ec0e491 | GET /api/organization/my-org] c.e.e.filter.RequestLoggingFilter - Incoming Request
2026-05-17 14:52:18 [http-nio-8080-exec-4] INFO  [IP: 0:0:0:0:0:0:0:1 | User Name: ali.imran | User ID: 81ca140f-1ec2-4231-b15e-dffd7ec0e491 | GET /api/organization/my-org] c.e.e.filter.RequestLoggingFilter - Completed in 415 ms with status 200
2026-05-17 14:52:41 [http-nio-8080-exec-6] INFO  [IP: 0:0:0:0:0:0:0:1 | User Name: ali.imran | User ID: 81ca140f-1ec2-4231-b15e-dffd7ec0e491 | GET /api/event/get-org-events/84c8d754-a76d-41ab-b974-cf25e19da1eb] c.e.e.filter.RequestLoggingFilter - Incoming Request
2026-05-17 14:52:43 [http-nio-8080-exec-6] INFO  [IP: 0:0:0:0:0:0:0:1 | User Name: ali.imran | User ID: 81ca140f-1ec2-4231-b15e-dffd7ec0e491 | GET /api/event/get-org-events/84c8d754-a76d-41ab-b974-cf25e19da1eb] c.e.e.filter.RequestLoggingFilter - Completed in 2073 ms with status 200
2026-05-17 14:52:58 [http-nio-8080-exec-8] INFO  [IP: 0:0:0:0:0:0:0:1 | User Name: ali.imran | User ID: 81ca140f-1ec2-4231-b15e-dffd7ec0e491 | GET /api/event/get-sub-events/b0ce73c7-29ed-4c8c-87d0-4ce9ac8d07be] c.e.e.filter.RequestLoggingFilter - Incoming Request
2026-05-17 14:52:59 [http-nio-8080-exec-8] INFO  [IP: 0:0:0:0:0:0:0:1 | User Name: ali.imran | User ID: 81ca140f-1ec2-4231-b15e-dffd7ec0e491 | GET /api/event/get-sub-events/b0ce73c7-29ed-4c8c-87d0-4ce9ac8d07be] c.e.e.filter.RequestLoggingFilter - Completed in 1301 ms with status 200
2026-05-17 14:53:17 [http-nio-8080-exec-7] INFO  [IP: 0:0:0:0:0:0:0:1 | User Name: ali.imran | User ID: 81ca140f-1ec2-4231-b15e-dffd7ec0e491 | GET /api/event/get-landing-page-settings/b0ce73c7-29ed-4c8c-87d0-4ce9ac8d07be] c.e.e.filter.RequestLoggingFilter - Incoming Request
2026-05-17 14:53:18 [http-nio-8080-exec-7] INFO  [IP: 0:0:0:0:0:0:0:1 | User Name: ali.imran | User ID: 81ca140f-1ec2-4231-b15e-dffd7ec0e491 | GET /api/event/get-landing-page-settings/b0ce73c7-29ed-4c8c-87d0-4ce9ac8d07be] c.e.e.filter.RequestLoggingFilter - Completed in 1295 ms with status 204
2026-05-17 14:53:32 [http-nio-8080-exec-9] INFO  [IP: 0:0:0:0:0:0:0:1 | User Name: ali.imran | User ID: 81ca140f-1ec2-4231-b15e-dffd7ec0e491 | GET /api/event/get-all-ticket-tiers/b0ce73c7-29ed-4c8c-87d0-4ce9ac8d07be] c.e.e.filter.RequestLoggingFilter - Incoming Request
2026-05-17 14:53:33 [http-nio-8080-exec-9] INFO  [IP: 0:0:0:0:0:0:0:1 | User Name: ali.imran | User ID: 81ca140f-1ec2-4231-b15e-dffd7ec0e491 | GET /api/event/get-all-ticket-tiers/b0ce73c7-29ed-4c8c-87d0-4ce9ac8d07be] c.e.e.filter.RequestLoggingFilter - Completed in 1359 ms with status 200
2026-05-17 14:55:07 [http-nio-8080-exec-2] INFO  [IP: 0:0:0:0:0:0:0:1 | User Name: ali.imran | User ID: 81ca140f-1ec2-4231-b15e-dffd7ec0e491 | GET /api/event/get-org-event-by-id/b0ce73c7-29ed-4c8c-87d0-4ce9ac8d07be] c.e.e.filter.RequestLoggingFilter - Incoming Request
2026-05-17 14:55:08 [http-nio-8080-exec-2] INFO  [IP: 0:0:0:0:0:0:0:1 | User Name: ali.imran | User ID: 81ca140f-1ec2-4231-b15e-dffd7ec0e491 | GET /api/event/get-org-event-by-id/b0ce73c7-29ed-4c8c-87d0-4ce9ac8d07be] c.e.e.filter.RequestLoggingFilter - Completed in 1346 ms with status 200
2026-05-17 14:57:33 [http-nio-8080-exec-3] INFO  [IP: 0:0:0:0:0:0:0:1 | User Name: ali.imran | User ID: 81ca140f-1ec2-4231-b15e-dffd7ec0e491 | POST /api/event/add-sub-event/b0ce73c7-29ed-4c8c-87d0-4ce9ac8d07be] c.e.e.filter.RequestLoggingFilter - Incoming Request
2026-05-17 14:57:33 [http-nio-8080-exec-3] WARN  [IP: 0:0:0:0:0:0:0:1 | User Name: ali.imran | User ID: 81ca140f-1ec2-4231-b15e-dffd7ec0e491 | POST /api/event/add-sub-event/b0ce73c7-29ed-4c8c-87d0-4ce9ac8d07be] c.e.e.e.GlobalExceptionHandler - Validation failed at /api/event/add-sub-event/b0ce73c7-29ed-4c8c-87d0-4ce9ac8d07be: Validation failed for argument [1] in public org.springframework.http.ResponseEntity<com.example.eventsphere.entity.SubEvent> com.example.eventsphere.controller.EventController.addSubEvent(java.util.UUID,com.example.eventsphere.dto.CreateSubEventRequest) with 2 errors: [Field error in object 'createSubEventRequest' on field 'endTime': rejected value [2026-05-22T12:56:17.506Z]; codes [typeMismatch.createSubEventRequest.endTime,typeMismatch.endTime,typeMismatch.java.time.LocalDateTime,typeMismatch]; arguments [org.springframework.context.support.DefaultMessageSourceResolvable: codes [createSubEventRequest.endTime,endTime]; arguments []; default message [endTime]]; default message [Failed to convert property value of type 'java.lang.String' to required type 'java.time.LocalDateTime' for property 'endTime'; Failed to convert from type [java.lang.String] to type [@jakarta.validation.constraints.NotNull @jakarta.validation.constraints.Future java.time.LocalDateTime] for value [2026-05-22T12:56:17.506Z]]] [Field error in object 'createSubEventRequest' on field 'startTime': rejected value [2026-05-21T09:56:17.506Z]; codes [typeMismatch.createSubEventRequest.startTime,typeMismatch.startTime,typeMismatch.java.time.LocalDateTime,typeMismatch]; arguments [org.springframework.context.support.DefaultMessageSourceResolvable: codes [createSubEventRequest.startTime,startTime]; arguments []; default message [startTime]]; default message [Failed to convert property value of type 'java.lang.String' to required type 'java.time.LocalDateTime' for property 'startTime'; Failed to convert from type [java.lang.String] to type [@jakarta.validation.constraints.NotNull @jakarta.validation.constraints.Future java.time.LocalDateTime] for value [2026-05-21T09:56:17.506Z]]] 
2026-05-17 14:57:33 [http-nio-8080-exec-3] INFO  [IP: 0:0:0:0:0:0:0:1 | User Name: ali.imran | User ID: 81ca140f-1ec2-4231-b15e-dffd7ec0e491 | POST /api/event/add-sub-event/b0ce73c7-29ed-4c8c-87d0-4ce9ac8d07be] c.e.e.filter.RequestLoggingFilter - Completed in 253 ms with status 400
2026-05-17 14:57:43 [http-nio-8080-exec-5] INFO  [IP: 0:0:0:0:0:0:0:1 | User Name: ali.imran | User ID: 81ca140f-1ec2-4231-b15e-dffd7ec0e491 | POST /api/event/add-sub-event/b0ce73c7-29ed-4c8c-87d0-4ce9ac8d07be] c.e.e.filter.RequestLoggingFilter - Incoming Request
2026-05-17 14:57:43 [http-nio-8080-exec-5] INFO  [IP: 0:0:0:0:0:0:0:1 | User Name: ali.imran | User ID: 81ca140f-1ec2-4231-b15e-dffd7ec0e491 | POST /api/event/add-sub-event/b0ce73c7-29ed-4c8c-87d0-4ce9ac8d07be] c.e.eventsphere.service.EventService - Sub-event 'seminar ai' added to Event b0ce73c7-29ed-4c8c-87d0-4ce9ac8d07be by User 81ca140f-1ec2-4231-b15e-dffd7ec0e491
2026-05-17 14:57:44 [http-nio-8080-exec-5] WARN  [IP: 0:0:0:0:0:0:0:1 | User Name: ali.imran | User ID: 81ca140f-1ec2-4231-b15e-dffd7ec0e491 | POST /api/event/add-sub-event/b0ce73c7-29ed-4c8c-87d0-4ce9ac8d07be] o.h.e.jdbc.spi.SqlExceptionHelper - SQL Error: 0, SQLState: 22P02
2026-05-17 14:57:44 [http-nio-8080-exec-5] ERROR [IP: 0:0:0:0:0:0:0:1 | User Name: ali.imran | User ID: 81ca140f-1ec2-4231-b15e-dffd7ec0e491 | POST /api/event/add-sub-event/b0ce73c7-29ed-4c8c-87d0-4ce9ac8d07be] o.h.e.jdbc.spi.SqlExceptionHelper - ERROR: invalid input syntax for type json
  Detail: The input string ended unexpectedly.
  Where: JSON data, line 1: 
unnamed portal parameter $11 = ''
2026-05-17 14:57:44 [http-nio-8080-exec-5] WARN  [IP: 0:0:0:0:0:0:0:1 | User Name: ali.imran | User ID: 81ca140f-1ec2-4231-b15e-dffd7ec0e491 | POST /api/event/add-sub-event/b0ce73c7-29ed-4c8c-87d0-4ce9ac8d07be] c.e.e.e.GlobalExceptionHandler - Database constraint violation at /api/event/add-sub-event/b0ce73c7-29ed-4c8c-87d0-4ce9ac8d07be: could not execute statement [ERROR: invalid input syntax for type json
  Detail: The input string ended unexpectedly.
  Where: JSON data, line 1: 
unnamed portal parameter $11 = ''] [insert into sub_events (capacity_limit,created_at,created_by,description,end_time,event_id,image_url,modified_at,modified_by,room_or_location,rules_config,start_time,title,sub_event_id) values (?,?,?,?,?,?,?,?,?,?,?,?,?,?)]; SQL [insert into sub_events (capacity_limit,created_at,created_by,description,end_time,event_id,image_url,modified_at,modified_by,room_or_location,rules_config,start_time,title,sub_event_id) values (?,?,?,?,?,?,?,?,?,?,?,?,?,?)]
2026-05-17 14:57:44 [http-nio-8080-exec-5] INFO  [IP: 0:0:0:0:0:0:0:1 | User Name: ali.imran | User ID: 81ca140f-1ec2-4231-b15e-dffd7ec0e491 | POST /api/event/add-sub-event/b0ce73c7-29ed-4c8c-87d0-4ce9ac8d07be] c.e.e.filter.RequestLoggingFilter - Completed in 1177 ms with status 409
2026-05-17 14:57:56 [http-nio-8080-exec-4] INFO  [IP: 0:0:0:0:0:0:0:1 | User Name: ali.imran | User ID: 81ca140f-1ec2-4231-b15e-dffd7ec0e491 | POST /api/event/add-sub-event/b0ce73c7-29ed-4c8c-87d0-4ce9ac8d07be] c.e.e.filter.RequestLoggingFilter - Incoming Request
2026-05-17 14:57:56 [http-nio-8080-exec-4] INFO  [IP: 0:0:0:0:0:0:0:1 | User Name: ali.imran | User ID: 81ca140f-1ec2-4231-b15e-dffd7ec0e491 | POST /api/event/add-sub-event/b0ce73c7-29ed-4c8c-87d0-4ce9ac8d07be] c.e.eventsphere.service.EventService - Sub-event 'seminar ai' added to Event b0ce73c7-29ed-4c8c-87d0-4ce9ac8d07be by User 81ca140f-1ec2-4231-b15e-dffd7ec0e491
2026-05-17 14:57:57 [http-nio-8080-exec-4] INFO  [IP: 0:0:0:0:0:0:0:1 | User Name: ali.imran | User ID: 81ca140f-1ec2-4231-b15e-dffd7ec0e491 | POST /api/event/add-sub-event/b0ce73c7-29ed-4c8c-87d0-4ce9ac8d07be] c.e.e.filter.RequestLoggingFilter - Completed in 945 ms with status 201
2026-05-17 14:59:13 [http-nio-8080-exec-8] INFO  [IP: 0:0:0:0:0:0:0:1 | User Name: ali.imran | User ID: 81ca140f-1ec2-4231-b15e-dffd7ec0e491 | POST /api/event/add-sub-event/b0ce73c7-29ed-4c8c-87d0-4ce9ac8d07be] c.e.e.filter.RequestLoggingFilter - Incoming Request
2026-05-17 14:59:14 [http-nio-8080-exec-8] INFO  [IP: 0:0:0:0:0:0:0:1 | User Name: ali.imran | User ID: 81ca140f-1ec2-4231-b15e-dffd7ec0e491 | POST /api/event/add-sub-event/b0ce73c7-29ed-4c8c-87d0-4ce9ac8d07be] c.e.eventsphere.service.EventService - Sub-event 'seminar ai' added to Event b0ce73c7-29ed-4c8c-87d0-4ce9ac8d07be by User 81ca140f-1ec2-4231-b15e-dffd7ec0e491
2026-05-17 14:59:14 [http-nio-8080-exec-8] INFO  [IP: 0:0:0:0:0:0:0:1 | User Name: ali.imran | User ID: 81ca140f-1ec2-4231-b15e-dffd7ec0e491 | POST /api/event/add-sub-event/b0ce73c7-29ed-4c8c-87d0-4ce9ac8d07be] c.e.e.filter.RequestLoggingFilter - Completed in 958 ms with status 201
2026-05-17 14:59:24 [http-nio-8080-exec-7] INFO  [IP: 0:0:0:0:0:0:0:1 | User Name: ali.imran | User ID: 81ca140f-1ec2-4231-b15e-dffd7ec0e491 | POST /api/event/add-sub-event/b0ce73c7-29ed-4c8c-87d0-4ce9ac8d07be] c.e.e.filter.RequestLoggingFilter - Incoming Request
2026-05-17 14:59:25 [http-nio-8080-exec-7] WARN  [IP: 0:0:0:0:0:0:0:1 | User Name: ali.imran | User ID: 81ca140f-1ec2-4231-b15e-dffd7ec0e491 | POST /api/event/add-sub-event/b0ce73c7-29ed-4c8c-87d0-4ce9ac8d07be] c.e.e.e.GlobalExceptionHandler - Business rule violation at /api/event/add-sub-event/b0ce73c7-29ed-4c8c-87d0-4ce9ac8d07be: Sub-event end time cannot be before the start time.
2026-05-17 14:59:25 [http-nio-8080-exec-7] INFO  [IP: 0:0:0:0:0:0:0:1 | User Name: ali.imran | User ID: 81ca140f-1ec2-4231-b15e-dffd7ec0e491 | POST /api/event/add-sub-event/b0ce73c7-29ed-4c8c-87d0-4ce9ac8d07be] c.e.e.filter.RequestLoggingFilter - Completed in 770 ms with status 400
2026-05-17 14:59:40 [http-nio-8080-exec-9] INFO  [IP: 0:0:0:0:0:0:0:1 | User Name: ali.imran | User ID: 81ca140f-1ec2-4231-b15e-dffd7ec0e491 | POST /api/event/add-sub-event/b0ce73c7-29ed-4c8c-87d0-4ce9ac8d07be] c.e.e.filter.RequestLoggingFilter - Incoming Request
2026-05-17 14:59:40 [http-nio-8080-exec-9] WARN  [IP: 0:0:0:0:0:0:0:1 | User Name: ali.imran | User ID: 81ca140f-1ec2-4231-b15e-dffd7ec0e491 | POST /api/event/add-sub-event/b0ce73c7-29ed-4c8c-87d0-4ce9ac8d07be] c.e.e.e.GlobalExceptionHandler - Validation failed at /api/event/add-sub-event/b0ce73c7-29ed-4c8c-87d0-4ce9ac8d07be: Validation failed for argument [1] in public org.springframework.http.ResponseEntity<com.example.eventsphere.entity.SubEvent> com.example.eventsphere.controller.EventController.addSubEvent(java.util.UUID,com.example.eventsphere.dto.CreateSubEventRequest): [Field error in object 'createSubEventRequest' on field 'startTime': rejected value [2026-05-21T27:56:17.506]; codes [typeMismatch.createSubEventRequest.startTime,typeMismatch.startTime,typeMismatch.java.time.LocalDateTime,typeMismatch]; arguments [org.springframework.context.support.DefaultMessageSourceResolvable: codes [createSubEventRequest.startTime,startTime]; arguments []; default message [startTime]]; default message [Failed to convert property value of type 'java.lang.String' to required type 'java.time.LocalDateTime' for property 'startTime'; Failed to convert from type [java.lang.String] to type [@jakarta.validation.constraints.NotNull @jakarta.validation.constraints.Future java.time.LocalDateTime] for value [2026-05-21T27:56:17.506]]] 
2026-05-17 14:59:40 [http-nio-8080-exec-9] INFO  [IP: 0:0:0:0:0:0:0:1 | User Name: ali.imran | User ID: 81ca140f-1ec2-4231-b15e-dffd7ec0e491 | POST /api/event/add-sub-event/b0ce73c7-29ed-4c8c-87d0-4ce9ac8d07be] c.e.e.filter.RequestLoggingFilter - Completed in 30 ms with status 400
2026-05-17 14:59:58 [http-nio-8080-exec-10] INFO  [IP: 0:0:0:0:0:0:0:1 | User Name: ali.imran | User ID: 81ca140f-1ec2-4231-b15e-dffd7ec0e491 | POST /api/event/add-sub-event/b0ce73c7-29ed-4c8c-87d0-4ce9ac8d07be] c.e.e.filter.RequestLoggingFilter - Incoming Request
2026-05-17 14:59:59 [http-nio-8080-exec-10] WARN  [IP: 0:0:0:0:0:0:0:1 | User Name: ali.imran | User ID: 81ca140f-1ec2-4231-b15e-dffd7ec0e491 | POST /api/event/add-sub-event/b0ce73c7-29ed-4c8c-87d0-4ce9ac8d07be] c.e.e.e.GlobalExceptionHandler - Business rule violation at /api/event/add-sub-event/b0ce73c7-29ed-4c8c-87d0-4ce9ac8d07be: Sub-event end time cannot be before the start time.
2026-05-17 14:59:59 [http-nio-8080-exec-10] INFO  [IP: 0:0:0:0:0:0:0:1 | User Name: ali.imran | User ID: 81ca140f-1ec2-4231-b15e-dffd7ec0e491 | POST /api/event/add-sub-event/b0ce73c7-29ed-4c8c-87d0-4ce9ac8d07be] c.e.e.filter.RequestLoggingFilter - Completed in 720 ms with status 400
2026-05-17 15:00:11 [http-nio-8080-exec-2] INFO  [IP: 0:0:0:0:0:0:0:1 | User Name: ali.imran | User ID: 81ca140f-1ec2-4231-b15e-dffd7ec0e491 | POST /api/event/add-sub-event/b0ce73c7-29ed-4c8c-87d0-4ce9ac8d07be] c.e.e.filter.RequestLoggingFilter - Incoming Request
2026-05-17 15:00:12 [http-nio-8080-exec-2] WARN  [IP: 0:0:0:0:0:0:0:1 | User Name: ali.imran | User ID: 81ca140f-1ec2-4231-b15e-dffd7ec0e491 | POST /api/event/add-sub-event/b0ce73c7-29ed-4c8c-87d0-4ce9ac8d07be] c.e.e.e.GlobalExceptionHandler - Business rule violation at /api/event/add-sub-event/b0ce73c7-29ed-4c8c-87d0-4ce9ac8d07be: Sub-event times must fall within the main event's duration.
2026-05-17 15:00:12 [http-nio-8080-exec-2] INFO  [IP: 0:0:0:0:0:0:0:1 | User Name: ali.imran | User ID: 81ca140f-1ec2-4231-b15e-dffd7ec0e491 | POST /api/event/add-sub-event/b0ce73c7-29ed-4c8c-87d0-4ce9ac8d07be] c.e.e.filter.RequestLoggingFilter - Completed in 715 ms with status 400
2026-05-17 15:00:33 [http-nio-8080-exec-1] INFO  [IP: 0:0:0:0:0:0:0:1 | User Name: ali.imran | User ID: 81ca140f-1ec2-4231-b15e-dffd7ec0e491 | POST /api/event/add-sub-event/b0ce73c7-29ed-4c8c-87d0-4ce9ac8d07be] c.e.e.filter.RequestLoggingFilter - Incoming Request
2026-05-17 15:00:34 [http-nio-8080-exec-1] INFO  [IP: 0:0:0:0:0:0:0:1 | User Name: ali.imran | User ID: 81ca140f-1ec2-4231-b15e-dffd7ec0e491 | POST /api/event/add-sub-event/b0ce73c7-29ed-4c8c-87d0-4ce9ac8d07be] c.e.eventsphere.service.EventService - Sub-event 'seminar ai' added to Event b0ce73c7-29ed-4c8c-87d0-4ce9ac8d07be by User 81ca140f-1ec2-4231-b15e-dffd7ec0e491
2026-05-17 15:00:34 [http-nio-8080-exec-1] INFO  [IP: 0:0:0:0:0:0:0:1 | User Name: ali.imran | User ID: 81ca140f-1ec2-4231-b15e-dffd7ec0e491 | POST /api/event/add-sub-event/b0ce73c7-29ed-4c8c-87d0-4ce9ac8d07be] c.e.e.filter.RequestLoggingFilter - Completed in 900 ms with status 201
2026-05-17 15:00:55 [http-nio-8080-exec-3] INFO  [IP: 0:0:0:0:0:0:0:1 | User Name: ali.imran | User ID: 81ca140f-1ec2-4231-b15e-dffd7ec0e491 | POST /api/event/add-sub-event/b0ce73c7-29ed-4c8c-87d0-4ce9ac8d07be] c.e.e.filter.RequestLoggingFilter - Incoming Request
2026-05-17 15:00:59 [http-nio-8080-exec-3] WARN  [IP: 0:0:0:0:0:0:0:1 | User Name: ali.imran | User ID: 81ca140f-1ec2-4231-b15e-dffd7ec0e491 | POST /api/event/add-sub-event/b0ce73c7-29ed-4c8c-87d0-4ce9ac8d07be] o.a.h.c.p.ResponseProcessCookies - Invalid cookie header: "set-cookie: __cf_bm=yoRrBUiGVLaWeDQ6n9jFSrf5biHyIpUUhvhOwwxwUyQ-1779012101.1323748-1.0.1.1-3wZyMEN94mqK4UK_w9bf8uuNXM3raDfKdhloSti68E4D4c2viu9dkuc6LVDWKYkR6bOQ47y9HJX9kbxB2tSpviZMuoZNxHsUKqh1jRM_rXnvqZISzJRgdCH4AG_1yk73; HttpOnly; SameSite=None; Secure; Path=/; Domain=storage.supabase.co; Expires=Sun, 17 May 2026 10:31:42 GMT". Invalid 'expires' attribute: Sun, 17 May 2026 10:31:42 GMT
2026-05-17 15:00:59 [http-nio-8080-exec-3] INFO  [IP: 0:0:0:0:0:0:0:1 | User Name: ali.imran | User ID: 81ca140f-1ec2-4231-b15e-dffd7ec0e491 | POST /api/event/add-sub-event/b0ce73c7-29ed-4c8c-87d0-4ce9ac8d07be] c.e.eventsphere.service.EventService - Sub-event 'seminar' added to Event b0ce73c7-29ed-4c8c-87d0-4ce9ac8d07be by User 81ca140f-1ec2-4231-b15e-dffd7ec0e491
2026-05-17 15:00:59 [http-nio-8080-exec-3] INFO  [IP: 0:0:0:0:0:0:0:1 | User Name: ali.imran | User ID: 81ca140f-1ec2-4231-b15e-dffd7ec0e491 | POST /api/event/add-sub-event/b0ce73c7-29ed-4c8c-87d0-4ce9ac8d07be] c.e.e.filter.RequestLoggingFilter - Completed in 4503 ms with status 201
2026-05-17 15:01:18 [http-nio-8080-exec-5] INFO  [IP: 0:0:0:0:0:0:0:1 | User Name: ali.imran | User ID: 81ca140f-1ec2-4231-b15e-dffd7ec0e491 | GET /api/event/get-all-ticket-tiers/b0ce73c7-29ed-4c8c-87d0-4ce9ac8d07be] c.e.e.filter.RequestLoggingFilter - Incoming Request
2026-05-17 15:01:19 [http-nio-8080-exec-5] INFO  [IP: 0:0:0:0:0:0:0:1 | User Name: ali.imran | User ID: 81ca140f-1ec2-4231-b15e-dffd7ec0e491 | GET /api/event/get-all-ticket-tiers/b0ce73c7-29ed-4c8c-87d0-4ce9ac8d07be] c.e.e.filter.RequestLoggingFilter - Completed in 1203 ms with status 200
2026-05-17 15:01:26 [http-nio-8080-exec-4] INFO  [IP: 0:0:0:0:0:0:0:1 | User Name: ali.imran | User ID: 81ca140f-1ec2-4231-b15e-dffd7ec0e491 | GET /api/event/get-sub-events/b0ce73c7-29ed-4c8c-87d0-4ce9ac8d07be] c.e.e.filter.RequestLoggingFilter - Incoming Request
2026-05-17 15:01:28 [http-nio-8080-exec-4] INFO  [IP: 0:0:0:0:0:0:0:1 | User Name: ali.imran | User ID: 81ca140f-1ec2-4231-b15e-dffd7ec0e491 | GET /api/event/get-sub-events/b0ce73c7-29ed-4c8c-87d0-4ce9ac8d07be] c.e.e.filter.RequestLoggingFilter - Completed in 1644 ms with status 200
2026-05-17 15:01:51 [http-nio-8080-exec-6] INFO  [IP: 0:0:0:0:0:0:0:1 | User Name: ali.imran | User ID: 81ca140f-1ec2-4231-b15e-dffd7ec0e491 | POST /api/event/add-ticket-tier/b0ce73c7-29ed-4c8c-87d0-4ce9ac8d07be] c.e.e.filter.RequestLoggingFilter - Incoming Request
2026-05-17 15:01:52 [http-nio-8080-exec-6] INFO  [IP: 0:0:0:0:0:0:0:1 | User Name: ali.imran | User ID: 81ca140f-1ec2-4231-b15e-dffd7ec0e491 | POST /api/event/add-ticket-tier/b0ce73c7-29ed-4c8c-87d0-4ce9ac8d07be] c.e.eventsphere.service.EventService - Ticket Tier 'VIP' added to Event b0ce73c7-29ed-4c8c-87d0-4ce9ac8d07be by User 81ca140f-1ec2-4231-b15e-dffd7ec0e491
2026-05-17 15:01:52 [http-nio-8080-exec-6] INFO  [IP: 0:0:0:0:0:0:0:1 | User Name: ali.imran | User ID: 81ca140f-1ec2-4231-b15e-dffd7ec0e491 | POST /api/event/add-ticket-tier/b0ce73c7-29ed-4c8c-87d0-4ce9ac8d07be] c.e.e.filter.RequestLoggingFilter - Completed in 1054 ms with status 201
2026-05-17 15:02:03 [http-nio-8080-exec-8] WARN  [IP:  | User Name:  | User ID:  |  ] c.e.e.filter.JwtAuthenticationFilter - Expired JWT token intercepted
2026-05-17 15:02:14 [http-nio-8080-exec-7] INFO  [IP: 0:0:0:0:0:0:0:1 | User Name: anonymous_user | User ID: anonymous_id | POST /api/auth/login] c.e.e.filter.RequestLoggingFilter - Incoming Request
2026-05-17 15:02:15 [http-nio-8080-exec-7] INFO  [IP: 0:0:0:0:0:0:0:1 | User Name: anonymous_user | User ID: anonymous_id | POST /api/auth/login] c.e.eventsphere.service.TokenService - Secure Refresh Token generated and hashed for user ID: 81ca140f-1ec2-4231-b15e-dffd7ec0e491
2026-05-17 15:02:15 [http-nio-8080-exec-7] INFO  [IP: 0:0:0:0:0:0:0:1 | User Name: anonymous_user | User ID: anonymous_id | POST /api/auth/login] c.e.eventsphere.service.AuthService - Successful login for user: ali.imran
2026-05-17 15:02:15 [http-nio-8080-exec-7] INFO  [IP: 0:0:0:0:0:0:0:1 | User Name: anonymous_user | User ID: anonymous_id | POST /api/auth/login] c.e.e.filter.RequestLoggingFilter - Completed in 951 ms with status 200
2026-05-17 15:02:28 [http-nio-8080-exec-9] INFO  [IP: 0:0:0:0:0:0:0:1 | User Name: ali.imran | User ID: 81ca140f-1ec2-4231-b15e-dffd7ec0e491 | GET /api/event/get-all-ticket-tiers/b0ce73c7-29ed-4c8c-87d0-4ce9ac8d07be] c.e.e.filter.RequestLoggingFilter - Incoming Request
2026-05-17 15:02:29 [http-nio-8080-exec-9] INFO  [IP: 0:0:0:0:0:0:0:1 | User Name: ali.imran | User ID: 81ca140f-1ec2-4231-b15e-dffd7ec0e491 | GET /api/event/get-all-ticket-tiers/b0ce73c7-29ed-4c8c-87d0-4ce9ac8d07be] c.e.e.filter.RequestLoggingFilter - Completed in 1237 ms with status 200
2026-05-17 15:02:35 [http-nio-8080-exec-10] INFO  [IP: 0:0:0:0:0:0:0:1 | User Name: ali.imran | User ID: 81ca140f-1ec2-4231-b15e-dffd7ec0e491 | POST /api/event/add-ticket-tier/b0ce73c7-29ed-4c8c-87d0-4ce9ac8d07be] c.e.e.filter.RequestLoggingFilter - Incoming Request
2026-05-17 15:02:36 [http-nio-8080-exec-10] INFO  [IP: 0:0:0:0:0:0:0:1 | User Name: ali.imran | User ID: 81ca140f-1ec2-4231-b15e-dffd7ec0e491 | POST /api/event/add-ticket-tier/b0ce73c7-29ed-4c8c-87d0-4ce9ac8d07be] c.e.eventsphere.service.EventService - Ticket Tier 'General' added to Event b0ce73c7-29ed-4c8c-87d0-4ce9ac8d07be by User 81ca140f-1ec2-4231-b15e-dffd7ec0e491
2026-05-17 15:02:36 [http-nio-8080-exec-10] INFO  [IP: 0:0:0:0:0:0:0:1 | User Name: ali.imran | User ID: 81ca140f-1ec2-4231-b15e-dffd7ec0e491 | POST /api/event/add-ticket-tier/b0ce73c7-29ed-4c8c-87d0-4ce9ac8d07be] c.e.e.filter.RequestLoggingFilter - Completed in 1290 ms with status 201
2026-05-17 15:02:48 [http-nio-8080-exec-2] INFO  [IP: 0:0:0:0:0:0:0:1 | User Name: ali.imran | User ID: 81ca140f-1ec2-4231-b15e-dffd7ec0e491 | POST /api/event/add-ticket-tier/b0ce73c7-29ed-4c8c-87d0-4ce9ac8d07be] c.e.e.filter.RequestLoggingFilter - Incoming Request
2026-05-17 15:02:49 [http-nio-8080-exec-2] WARN  [IP: 0:0:0:0:0:0:0:1 | User Name: ali.imran | User ID: 81ca140f-1ec2-4231-b15e-dffd7ec0e491 | POST /api/event/add-ticket-tier/b0ce73c7-29ed-4c8c-87d0-4ce9ac8d07be] c.e.e.e.GlobalExceptionHandler - Business rule violation at /api/event/add-ticket-tier/b0ce73c7-29ed-4c8c-87d0-4ce9ac8d07be: A ticket tier with this name already exists for this event.
2026-05-17 15:02:49 [http-nio-8080-exec-2] INFO  [IP: 0:0:0:0:0:0:0:1 | User Name: ali.imran | User ID: 81ca140f-1ec2-4231-b15e-dffd7ec0e491 | POST /api/event/add-ticket-tier/b0ce73c7-29ed-4c8c-87d0-4ce9ac8d07be] c.e.e.filter.RequestLoggingFilter - Completed in 878 ms with status 400
2026-05-17 15:03:34 [http-nio-8080-exec-1] INFO  [IP: 0:0:0:0:0:0:0:1 | User Name: ali.imran | User ID: 81ca140f-1ec2-4231-b15e-dffd7ec0e491 | GET /api/event/get-all-ticket-tiers/b0ce73c7-29ed-4c8c-87d0-4ce9ac8d07be] c.e.e.filter.RequestLoggingFilter - Incoming Request
2026-05-17 15:03:35 [http-nio-8080-exec-1] INFO  [IP: 0:0:0:0:0:0:0:1 | User Name: ali.imran | User ID: 81ca140f-1ec2-4231-b15e-dffd7ec0e491 | GET /api/event/get-all-ticket-tiers/b0ce73c7-29ed-4c8c-87d0-4ce9ac8d07be] c.e.e.filter.RequestLoggingFilter - Completed in 1197 ms with status 200
2026-05-17 15:03:40 [http-nio-8080-exec-3] INFO  [IP: 0:0:0:0:0:0:0:1 | User Name: ali.imran | User ID: 81ca140f-1ec2-4231-b15e-dffd7ec0e491 | GET /api/event/get-landing-page-settings/b0ce73c7-29ed-4c8c-87d0-4ce9ac8d07be] c.e.e.filter.RequestLoggingFilter - Incoming Request
2026-05-17 15:03:42 [http-nio-8080-exec-3] INFO  [IP: 0:0:0:0:0:0:0:1 | User Name: ali.imran | User ID: 81ca140f-1ec2-4231-b15e-dffd7ec0e491 | GET /api/event/get-landing-page-settings/b0ce73c7-29ed-4c8c-87d0-4ce9ac8d07be] c.e.e.filter.RequestLoggingFilter - Completed in 1194 ms with status 204
2026-05-17 15:03:55 [http-nio-8080-exec-5] INFO  [IP: 0:0:0:0:0:0:0:1 | User Name: ali.imran | User ID: 81ca140f-1ec2-4231-b15e-dffd7ec0e491 | POST /api/event/unpublish/b0ce73c7-29ed-4c8c-87d0-4ce9ac8d07be] c.e.e.filter.RequestLoggingFilter - Incoming Request
2026-05-17 15:03:56 [http-nio-8080-exec-5] INFO  [IP: 0:0:0:0:0:0:0:1 | User Name: ali.imran | User ID: 81ca140f-1ec2-4231-b15e-dffd7ec0e491 | POST /api/event/unpublish/b0ce73c7-29ed-4c8c-87d0-4ce9ac8d07be] c.e.eventsphere.service.EventService - Event b0ce73c7-29ed-4c8c-87d0-4ce9ac8d07be has been unpublished.
2026-05-17 15:03:56 [http-nio-8080-exec-5] WARN  [IP: 0:0:0:0:0:0:0:1 | User Name: ali.imran | User ID: 81ca140f-1ec2-4231-b15e-dffd7ec0e491 | POST /api/event/unpublish/b0ce73c7-29ed-4c8c-87d0-4ce9ac8d07be] c.e.e.e.GlobalExceptionHandler - Business rule violation at /api/event/unpublish/b0ce73c7-29ed-4c8c-87d0-4ce9ac8d07be: Could not write JSON: Document nesting depth (1001) exceeds the maximum allowed (1000, from `StreamWriteConstraints.getMaxNestingDepth()`)
2026-05-17 15:03:56 [http-nio-8080-exec-5] INFO  [IP: 0:0:0:0:0:0:0:1 | User Name: ali.imran | User ID: 81ca140f-1ec2-4231-b15e-dffd7ec0e491 | POST /api/event/unpublish/b0ce73c7-29ed-4c8c-87d0-4ce9ac8d07be] c.e.e.filter.RequestLoggingFilter - Completed in 912 ms with status 200
2026-05-17 15:04:45 [SpringApplicationShutdownHook] INFO  [IP:  | User Name:  | User ID:  |  ] o.s.b.w.e.tomcat.GracefulShutdown - Commencing graceful shutdown. Waiting for active requests to complete
2026-05-17 15:04:46 [tomcat-shutdown] INFO  [IP:  | User Name:  | User ID:  |  ] o.s.b.w.e.tomcat.GracefulShutdown - Graceful shutdown complete
2026-05-17 15:04:46 [SpringApplicationShutdownHook] INFO  [IP:  | User Name:  | User ID:  |  ] o.s.o.j.LocalContainerEntityManagerFactoryBean - Closing JPA EntityManagerFactory for persistence unit 'default'
2026-05-17 15:04:46 [SpringApplicationShutdownHook] INFO  [IP:  | User Name:  | User ID:  |  ] com.zaxxer.hikari.HikariDataSource - HikariPool-1 - Shutdown initiated...
2026-05-17 15:04:46 [SpringApplicationShutdownHook] INFO  [IP:  | User Name:  | User ID:  |  ] com.zaxxer.hikari.HikariDataSource - HikariPool-1 - Shutdown completed.
2026-05-17 15:09:28 [background-preinit] INFO  [IP:  | User Name:  | User ID:  |  ] o.h.validator.internal.util.Version - HV000001: Hibernate Validator 8.0.3.Final
2026-05-17 15:09:28 [main] INFO  [IP:  | User Name:  | User ID:  |  ] c.e.e.EventsphereApplication - Starting EventsphereApplication using Java 17.0.14 with PID 5544 (H:\Ali Imran\Softwares Ali Imran\SpringBoot\eventsphere\target\classes started by irkco in H:\Ali Imran\Softwares Ali Imran\SpringBoot\eventsphere)
2026-05-17 15:09:28 [main] INFO  [IP:  | User Name:  | User ID:  |  ] c.e.e.EventsphereApplication - No active profile set, falling back to 1 default profile: "default"
2026-05-17 15:09:29 [main] INFO  [IP:  | User Name:  | User ID:  |  ] o.s.d.r.c.RepositoryConfigurationDelegate - Multiple Spring Data modules found, entering strict repository configuration mode
2026-05-17 15:09:29 [main] INFO  [IP:  | User Name:  | User ID:  |  ] o.s.d.r.c.RepositoryConfigurationDelegate - Bootstrapping Spring Data JPA repositories in DEFAULT mode.
2026-05-17 15:09:30 [main] INFO  [IP:  | User Name:  | User ID:  |  ] o.s.d.r.c.RepositoryConfigurationDelegate - Finished Spring Data repository scanning in 232 ms. Found 9 JPA repository interfaces.
2026-05-17 15:09:30 [main] INFO  [IP:  | User Name:  | User ID:  |  ] o.s.d.r.c.RepositoryConfigurationDelegate - Multiple Spring Data modules found, entering strict repository configuration mode
2026-05-17 15:09:30 [main] INFO  [IP:  | User Name:  | User ID:  |  ] o.s.d.r.c.RepositoryConfigurationDelegate - Bootstrapping Spring Data Redis repositories in DEFAULT mode.
2026-05-17 15:09:30 [main] INFO  [IP:  | User Name:  | User ID:  |  ] o.s.d.r.c.RepositoryConfigurationExtensionSupport - Spring Data Redis - Could not safely identify store assignment for repository candidate interface com.example.eventsphere.repository.CategoryRepository; If you want this repository to be a Redis repository, consider annotating your entities with one of these annotations: org.springframework.data.redis.core.RedisHash (preferred), or consider extending one of the following types with your repository: org.springframework.data.keyvalue.repository.KeyValueRepository
2026-05-17 15:09:30 [main] INFO  [IP:  | User Name:  | User ID:  |  ] o.s.d.r.c.RepositoryConfigurationExtensionSupport - Spring Data Redis - Could not safely identify store assignment for repository candidate interface com.example.eventsphere.repository.EventRepository; If you want this repository to be a Redis repository, consider annotating your entities with one of these annotations: org.springframework.data.redis.core.RedisHash (preferred), or consider extending one of the following types with your repository: org.springframework.data.keyvalue.repository.KeyValueRepository
2026-05-17 15:09:30 [main] INFO  [IP:  | User Name:  | User ID:  |  ] o.s.d.r.c.RepositoryConfigurationExtensionSupport - Spring Data Redis - Could not safely identify store assignment for repository candidate interface com.example.eventsphere.repository.LandingPageRepository; If you want this repository to be a Redis repository, consider annotating your entities with one of these annotations: org.springframework.data.redis.core.RedisHash (preferred), or consider extending one of the following types with your repository: org.springframework.data.keyvalue.repository.KeyValueRepository
2026-05-17 15:09:30 [main] INFO  [IP:  | User Name:  | User ID:  |  ] o.s.d.r.c.RepositoryConfigurationExtensionSupport - Spring Data Redis - Could not safely identify store assignment for repository candidate interface com.example.eventsphere.repository.OrganizationMemberRepository; If you want this repository to be a Redis repository, consider annotating your entities with one of these annotations: org.springframework.data.redis.core.RedisHash (preferred), or consider extending one of the following types with your repository: org.springframework.data.keyvalue.repository.KeyValueRepository
2026-05-17 15:09:30 [main] INFO  [IP:  | User Name:  | User ID:  |  ] o.s.d.r.c.RepositoryConfigurationExtensionSupport - Spring Data Redis - Could not safely identify store assignment for repository candidate interface com.example.eventsphere.repository.OrganizationRepository; If you want this repository to be a Redis repository, consider annotating your entities with one of these annotations: org.springframework.data.redis.core.RedisHash (preferred), or consider extending one of the following types with your repository: org.springframework.data.keyvalue.repository.KeyValueRepository
2026-05-17 15:09:30 [main] INFO  [IP:  | User Name:  | User ID:  |  ] o.s.d.r.c.RepositoryConfigurationExtensionSupport - Spring Data Redis - Could not safely identify store assignment for repository candidate interface com.example.eventsphere.repository.SubEventRepository; If you want this repository to be a Redis repository, consider annotating your entities with one of these annotations: org.springframework.data.redis.core.RedisHash (preferred), or consider extending one of the following types with your repository: org.springframework.data.keyvalue.repository.KeyValueRepository
2026-05-17 15:09:30 [main] INFO  [IP:  | User Name:  | User ID:  |  ] o.s.d.r.c.RepositoryConfigurationExtensionSupport - Spring Data Redis - Could not safely identify store assignment for repository candidate interface com.example.eventsphere.repository.TicketTierRepository; If you want this repository to be a Redis repository, consider annotating your entities with one of these annotations: org.springframework.data.redis.core.RedisHash (preferred), or consider extending one of the following types with your repository: org.springframework.data.keyvalue.repository.KeyValueRepository
2026-05-17 15:09:30 [main] INFO  [IP:  | User Name:  | User ID:  |  ] o.s.d.r.c.RepositoryConfigurationExtensionSupport - Spring Data Redis - Could not safely identify store assignment for repository candidate interface com.example.eventsphere.repository.TokenRepository; If you want this repository to be a Redis repository, consider annotating your entities with one of these annotations: org.springframework.data.redis.core.RedisHash (preferred), or consider extending one of the following types with your repository: org.springframework.data.keyvalue.repository.KeyValueRepository
2026-05-17 15:09:30 [main] INFO  [IP:  | User Name:  | User ID:  |  ] o.s.d.r.c.RepositoryConfigurationExtensionSupport - Spring Data Redis - Could not safely identify store assignment for repository candidate interface com.example.eventsphere.repository.UserRepository; If you want this repository to be a Redis repository, consider annotating your entities with one of these annotations: org.springframework.data.redis.core.RedisHash (preferred), or consider extending one of the following types with your repository: org.springframework.data.keyvalue.repository.KeyValueRepository
2026-05-17 15:09:30 [main] INFO  [IP:  | User Name:  | User ID:  |  ] o.s.d.r.c.RepositoryConfigurationDelegate - Finished Spring Data repository scanning in 20 ms. Found 0 Redis repository interfaces.
2026-05-17 15:09:31 [main] INFO  [IP:  | User Name:  | User ID:  |  ] o.s.b.w.e.tomcat.TomcatWebServer - Tomcat initialized with port 8080 (http)
2026-05-17 15:09:31 [main] INFO  [IP:  | User Name:  | User ID:  |  ] o.a.coyote.http11.Http11NioProtocol - Initializing ProtocolHandler ["http-nio-8080"]
2026-05-17 15:09:31 [main] INFO  [IP:  | User Name:  | User ID:  |  ] o.a.catalina.core.StandardService - Starting service [Tomcat]
2026-05-17 15:09:31 [main] INFO  [IP:  | User Name:  | User ID:  |  ] o.a.catalina.core.StandardEngine - Starting Servlet engine: [Apache Tomcat/10.1.53]
2026-05-17 15:09:31 [main] INFO  [IP:  | User Name:  | User ID:  |  ] o.a.c.c.C.[Tomcat].[localhost].[/] - Initializing Spring embedded WebApplicationContext
2026-05-17 15:09:31 [main] INFO  [IP:  | User Name:  | User ID:  |  ] o.s.b.w.s.c.ServletWebServerApplicationContext - Root WebApplicationContext: initialization completed in 3482 ms
2026-05-17 15:09:32 [main] INFO  [IP:  | User Name:  | User ID:  |  ] o.h.jpa.internal.util.LogHelper - HHH000204: Processing PersistenceUnitInfo [name: default]
2026-05-17 15:09:32 [main] INFO  [IP:  | User Name:  | User ID:  |  ] org.hibernate.Version - HHH000412: Hibernate ORM core version 6.6.45.Final
2026-05-17 15:09:32 [main] INFO  [IP:  | User Name:  | User ID:  |  ] o.h.s.integration.SpatialService - HHH80000001: hibernate-spatial integration enabled : true
2026-05-17 15:09:32 [main] INFO  [IP:  | User Name:  | User ID:  |  ] o.h.c.i.RegionFactoryInitiator - HHH000026: Second-level cache disabled
2026-05-17 15:09:32 [main] INFO  [IP:  | User Name:  | User ID:  |  ] com.zaxxer.hikari.HikariDataSource - HikariPool-1 - Starting...
2026-05-17 15:09:35 [main] INFO  [IP:  | User Name:  | User ID:  |  ] com.zaxxer.hikari.pool.HikariPool - HikariPool-1 - Added connection org.postgresql.jdbc.PgConnection@48d31d25
2026-05-17 15:09:35 [main] INFO  [IP:  | User Name:  | User ID:  |  ] com.zaxxer.hikari.HikariDataSource - HikariPool-1 - Start completed.
2026-05-17 15:09:35 [main] WARN  [IP:  | User Name:  | User ID:  |  ] org.hibernate.orm.deprecation - HHH90000025: PostgreSQLDialect does not need to be specified explicitly using 'hibernate.dialect' (remove the property setting and it will be selected by default)
2026-05-17 15:09:35 [main] INFO  [IP:  | User Name:  | User ID:  |  ] o.hibernate.orm.connections.pooling - HHH10001005: Database info:
	Database JDBC URL [Connecting through datasource 'HikariDataSource (HikariPool-1)']
	Database driver: undefined/unknown
	Database version: 17.6
	Autocommit mode: undefined/unknown
	Isolation level: undefined/unknown
	Minimum pool size: undefined/unknown
	Maximum pool size: undefined/unknown
2026-05-17 15:09:35 [main] INFO  [IP:  | User Name:  | User ID:  |  ] org.hibernate.spatial - HHH80000003: hibernate-spatial adding type contributions from : org.hibernate.spatial.dialect.postgis.PostgisDialectContributor
2026-05-17 15:09:36 [main] INFO  [IP:  | User Name:  | User ID:  |  ] o.s.o.j.p.SpringPersistenceUnitInfo - No LoadTimeWeaver setup: ignoring JPA class transformer
2026-05-17 15:09:36 [main] INFO  [IP:  | User Name:  | User ID:  |  ] org.hibernate.spatial - HHH80000003: hibernate-spatial adding type contributions from : org.hibernate.spatial.dialect.postgis.PostgisDialectContributor
2026-05-17 15:09:36 [main] INFO  [IP:  | User Name:  | User ID:  |  ] org.hibernate.spatial - HHH80000004: hibernate-spatial adding function contributions from : org.hibernate.spatial.dialect.postgis.PostgisDialectContributor
2026-05-17 15:09:37 [main] INFO  [IP:  | User Name:  | User ID:  |  ] o.h.e.t.j.p.i.JtaPlatformInitiator - HHH000489: No JTA platform available (set 'hibernate.transaction.jta.platform' to enable JTA platform integration)
2026-05-17 15:09:37 [main] INFO  [IP:  | User Name:  | User ID:  |  ] o.s.o.j.LocalContainerEntityManagerFactoryBean - Initialized JPA EntityManagerFactory for persistence unit 'default'
2026-05-17 15:09:38 [main] INFO  [IP:  | User Name:  | User ID:  |  ] o.s.d.j.r.query.QueryEnhancerFactory - Hibernate is in classpath; If applicable, HQL parser will be used.
2026-05-17 15:09:42 [main] INFO  [IP:  | User Name:  | User ID:  |  ] o.s.s.c.a.a.c.InitializeAuthenticationProviderBeanManagerConfigurer$InitializeAuthenticationProviderManagerConfigurer - Global AuthenticationManager configured with AuthenticationProvider bean with name authenticationProvider
2026-05-17 15:09:42 [main] WARN  [IP:  | User Name:  | User ID:  |  ] o.s.s.c.a.a.c.InitializeUserDetailsBeanManagerConfigurer$InitializeUserDetailsManagerConfigurer - Global AuthenticationManager configured with an AuthenticationProvider bean. UserDetailsService beans will not be used by Spring Security for automatically configuring username/password login. Consider removing the AuthenticationProvider bean. Alternatively, consider using the UserDetailsService in a manually instantiated DaoAuthenticationProvider. If the current configuration is intentional, to turn off this warning, increase the logging level of 'org.springframework.security.config.annotation.authentication.configuration.InitializeUserDetailsBeanManagerConfigurer' to ERROR
2026-05-17 15:09:43 [main] INFO  [IP:  | User Name:  | User ID:  |  ] o.a.coyote.http11.Http11NioProtocol - Starting ProtocolHandler ["http-nio-8080"]
2026-05-17 15:09:43 [main] INFO  [IP:  | User Name:  | User ID:  |  ] o.s.b.w.e.tomcat.TomcatWebServer - Tomcat started on port 8080 (http) with context path '/'
2026-05-17 15:09:43 [main] INFO  [IP:  | User Name:  | User ID:  |  ] c.e.e.EventsphereApplication - Started EventsphereApplication in 16.354 seconds (process running for 17.001)
2026-05-17 15:09:44 [main] INFO  [IP:  | User Name:  | User ID:  |  ] c.e.eventsphere.config.AdminConfig - Default Admin already exists. Skipping seeding.
2026-05-17 15:09:49 [http-nio-8080-exec-1] INFO  [IP:  | User Name:  | User ID:  |  ] o.a.c.c.C.[Tomcat].[localhost].[/] - Initializing Spring DispatcherServlet 'dispatcherServlet'
2026-05-17 15:09:49 [http-nio-8080-exec-1] INFO  [IP:  | User Name:  | User ID:  |  ] o.s.web.servlet.DispatcherServlet - Initializing Servlet 'dispatcherServlet'
2026-05-17 15:09:49 [http-nio-8080-exec-1] INFO  [IP:  | User Name:  | User ID:  |  ] o.s.web.servlet.DispatcherServlet - Completed initialization in 1 ms
2026-05-17 15:09:50 [http-nio-8080-exec-1] INFO  [IP: 0:0:0:0:0:0:0:1 | User Name: ali.imran | User ID: 81ca140f-1ec2-4231-b15e-dffd7ec0e491 | POST /api/event/unpublish/b0ce73c7-29ed-4c8c-87d0-4ce9ac8d07be] c.e.e.filter.RequestLoggingFilter - Incoming Request
2026-05-17 15:09:51 [http-nio-8080-exec-1] INFO  [IP: 0:0:0:0:0:0:0:1 | User Name: ali.imran | User ID: 81ca140f-1ec2-4231-b15e-dffd7ec0e491 | POST /api/event/unpublish/b0ce73c7-29ed-4c8c-87d0-4ce9ac8d07be] c.e.eventsphere.service.EventService - Event b0ce73c7-29ed-4c8c-87d0-4ce9ac8d07be has been unpublished.
2026-05-17 15:09:52 [http-nio-8080-exec-1] INFO  [IP: 0:0:0:0:0:0:0:1 | User Name: ali.imran | User ID: 81ca140f-1ec2-4231-b15e-dffd7ec0e491 | POST /api/event/unpublish/b0ce73c7-29ed-4c8c-87d0-4ce9ac8d07be] c.e.e.filter.RequestLoggingFilter - Completed in 1884 ms with status 200
2026-05-17 15:10:07 [http-nio-8080-exec-2] INFO  [IP: 0:0:0:0:0:0:0:1 | User Name: ali.imran | User ID: 81ca140f-1ec2-4231-b15e-dffd7ec0e491 | POST /api/event/publish/b0ce73c7-29ed-4c8c-87d0-4ce9ac8d07be] c.e.e.filter.RequestLoggingFilter - Incoming Request
2026-05-17 15:10:08 [http-nio-8080-exec-2] WARN  [IP: 0:0:0:0:0:0:0:1 | User Name: ali.imran | User ID: 81ca140f-1ec2-4231-b15e-dffd7ec0e491 | POST /api/event/publish/b0ce73c7-29ed-4c8c-87d0-4ce9ac8d07be] c.e.e.e.GlobalExceptionHandler - Business rule violation at /api/event/publish/b0ce73c7-29ed-4c8c-87d0-4ce9ac8d07be: Cannot publish: You must design a landing page first.
2026-05-17 15:10:08 [http-nio-8080-exec-2] INFO  [IP: 0:0:0:0:0:0:0:1 | User Name: ali.imran | User ID: 81ca140f-1ec2-4231-b15e-dffd7ec0e491 | POST /api/event/publish/b0ce73c7-29ed-4c8c-87d0-4ce9ac8d07be] c.e.e.filter.RequestLoggingFilter - Completed in 1345 ms with status 400
2026-05-17 15:12:12 [http-nio-8080-exec-3] INFO  [IP: 0:0:0:0:0:0:0:1 | User Name: ali.imran | User ID: 81ca140f-1ec2-4231-b15e-dffd7ec0e491 | PATCH /api/event/configure-landing-page/b0ce73c7-29ed-4c8c-87d0-4ce9ac8d07be] c.e.e.filter.RequestLoggingFilter - Incoming Request
2026-05-17 15:12:13 [http-nio-8080-exec-3] ERROR [IP: 0:0:0:0:0:0:0:1 | User Name: ali.imran | User ID: 81ca140f-1ec2-4231-b15e-dffd7ec0e491 | PATCH /api/event/configure-landing-page/b0ce73c7-29ed-4c8c-87d0-4ce9ac8d07be] c.e.eventsphere.service.EventService - Failed to parse theme config JSON: {"templateName": "TEMPLATE_CONFERENCE", "primaryColor": "#FF5733", "showMap": true}
2026-05-17 15:12:13 [http-nio-8080-exec-3] WARN  [IP: 0:0:0:0:0:0:0:1 | User Name: ali.imran | User ID: 81ca140f-1ec2-4231-b15e-dffd7ec0e491 | PATCH /api/event/configure-landing-page/b0ce73c7-29ed-4c8c-87d0-4ce9ac8d07be] c.e.e.e.GlobalExceptionHandler - Business rule violation at /api/event/configure-landing-page/b0ce73c7-29ed-4c8c-87d0-4ce9ac8d07be: Malformed JSON payload or invalid template.
2026-05-17 15:12:13 [http-nio-8080-exec-3] INFO  [IP: 0:0:0:0:0:0:0:1 | User Name: ali.imran | User ID: 81ca140f-1ec2-4231-b15e-dffd7ec0e491 | PATCH /api/event/configure-landing-page/b0ce73c7-29ed-4c8c-87d0-4ce9ac8d07be] c.e.e.filter.RequestLoggingFilter - Completed in 1308 ms with status 400
2026-05-17 15:12:24 [http-nio-8080-exec-4] WARN  [IP:  | User Name:  | User ID:  |  ] c.e.e.filter.JwtAuthenticationFilter - Expired JWT token intercepted
2026-05-17 15:12:32 [http-nio-8080-exec-5] INFO  [IP: 0:0:0:0:0:0:0:1 | User Name: anonymous_user | User ID: anonymous_id | POST /api/auth/login] c.e.e.filter.RequestLoggingFilter - Incoming Request
2026-05-17 15:12:33 [http-nio-8080-exec-5] INFO  [IP: 0:0:0:0:0:0:0:1 | User Name: anonymous_user | User ID: anonymous_id | POST /api/auth/login] c.e.eventsphere.service.TokenService - Secure Refresh Token generated and hashed for user ID: 81ca140f-1ec2-4231-b15e-dffd7ec0e491
2026-05-17 15:12:33 [http-nio-8080-exec-5] INFO  [IP: 0:0:0:0:0:0:0:1 | User Name: anonymous_user | User ID: anonymous_id | POST /api/auth/login] c.e.eventsphere.service.AuthService - Successful login for user: ali.imran
2026-05-17 15:12:33 [http-nio-8080-exec-5] INFO  [IP: 0:0:0:0:0:0:0:1 | User Name: anonymous_user | User ID: anonymous_id | POST /api/auth/login] c.e.e.filter.RequestLoggingFilter - Completed in 1056 ms with status 200
2026-05-17 15:12:46 [http-nio-8080-exec-6] INFO  [IP: 0:0:0:0:0:0:0:1 | User Name: ali.imran | User ID: 81ca140f-1ec2-4231-b15e-dffd7ec0e491 | PATCH /api/event/configure-landing-page/b0ce73c7-29ed-4c8c-87d0-4ce9ac8d07be] c.e.e.filter.RequestLoggingFilter - Incoming Request
2026-05-17 15:12:46 [http-nio-8080-exec-6] WARN  [IP: 0:0:0:0:0:0:0:1 | User Name: ali.imran | User ID: 81ca140f-1ec2-4231-b15e-dffd7ec0e491 | PATCH /api/event/configure-landing-page/b0ce73c7-29ed-4c8c-87d0-4ce9ac8d07be] c.e.e.e.GlobalExceptionHandler - Business rule violation at /api/event/configure-landing-page/b0ce73c7-29ed-4c8c-87d0-4ce9ac8d07be: JSON parse error: Cannot deserialize value of type `java.lang.String` from Object value (token `JsonToken.START_OBJECT`)
2026-05-17 15:12:46 [http-nio-8080-exec-6] INFO  [IP: 0:0:0:0:0:0:0:1 | User Name: ali.imran | User ID: 81ca140f-1ec2-4231-b15e-dffd7ec0e491 | PATCH /api/event/configure-landing-page/b0ce73c7-29ed-4c8c-87d0-4ce9ac8d07be] c.e.e.filter.RequestLoggingFilter - Completed in 7 ms with status 400
2026-05-17 15:12:58 [http-nio-8080-exec-7] INFO  [IP: 0:0:0:0:0:0:0:1 | User Name: ali.imran | User ID: 81ca140f-1ec2-4231-b15e-dffd7ec0e491 | PATCH /api/event/configure-landing-page/b0ce73c7-29ed-4c8c-87d0-4ce9ac8d07be] c.e.e.filter.RequestLoggingFilter - Incoming Request
2026-05-17 15:12:59 [http-nio-8080-exec-7] ERROR [IP: 0:0:0:0:0:0:0:1 | User Name: ali.imran | User ID: 81ca140f-1ec2-4231-b15e-dffd7ec0e491 | PATCH /api/event/configure-landing-page/b0ce73c7-29ed-4c8c-87d0-4ce9ac8d07be] c.e.eventsphere.service.EventService - Failed to parse theme config JSON: {"templateName": "TEMPLATE_CONFERENCE", "primaryColor": "#FF5733", "showMap": true}
2026-05-17 15:13:00 [http-nio-8080-exec-7] WARN  [IP: 0:0:0:0:0:0:0:1 | User Name: ali.imran | User ID: 81ca140f-1ec2-4231-b15e-dffd7ec0e491 | PATCH /api/event/configure-landing-page/b0ce73c7-29ed-4c8c-87d0-4ce9ac8d07be] c.e.e.e.GlobalExceptionHandler - Business rule violation at /api/event/configure-landing-page/b0ce73c7-29ed-4c8c-87d0-4ce9ac8d07be: Malformed JSON payload or invalid template.
2026-05-17 15:13:00 [http-nio-8080-exec-7] INFO  [IP: 0:0:0:0:0:0:0:1 | User Name: ali.imran | User ID: 81ca140f-1ec2-4231-b15e-dffd7ec0e491 | PATCH /api/event/configure-landing-page/b0ce73c7-29ed-4c8c-87d0-4ce9ac8d07be] c.e.e.filter.RequestLoggingFilter - Completed in 1514 ms with status 400
2026-05-17 15:14:39 [http-nio-8080-exec-8] INFO  [IP: 0:0:0:0:0:0:0:1 | User Name: ali.imran | User ID: 81ca140f-1ec2-4231-b15e-dffd7ec0e491 | GET /api/public/get-published-events] c.e.e.filter.RequestLoggingFilter - Incoming Request
2026-05-17 15:14:39 [http-nio-8080-exec-8] INFO  [IP: 0:0:0:0:0:0:0:1 | User Name: ali.imran | User ID: 81ca140f-1ec2-4231-b15e-dffd7ec0e491 | GET /api/public/get-published-events] c.e.e.filter.RequestLoggingFilter - Completed in 394 ms with status 200
2026-05-17 15:14:50 [SpringApplicationShutdownHook] INFO  [IP:  | User Name:  | User ID:  |  ] o.s.b.w.e.tomcat.GracefulShutdown - Commencing graceful shutdown. Waiting for active requests to complete
2026-05-17 15:14:51 [tomcat-shutdown] INFO  [IP:  | User Name:  | User ID:  |  ] o.s.b.w.e.tomcat.GracefulShutdown - Graceful shutdown complete
2026-05-17 15:14:51 [SpringApplicationShutdownHook] INFO  [IP:  | User Name:  | User ID:  |  ] o.s.o.j.LocalContainerEntityManagerFactoryBean - Closing JPA EntityManagerFactory for persistence unit 'default'
2026-05-17 15:14:51 [SpringApplicationShutdownHook] INFO  [IP:  | User Name:  | User ID:  |  ] com.zaxxer.hikari.HikariDataSource - HikariPool-1 - Shutdown initiated...
2026-05-17 15:14:51 [SpringApplicationShutdownHook] INFO  [IP:  | User Name:  | User ID:  |  ] com.zaxxer.hikari.HikariDataSource - HikariPool-1 - Shutdown completed.
2026-05-17 15:14:59 [background-preinit] INFO  [IP:  | User Name:  | User ID:  |  ] o.h.validator.internal.util.Version - HV000001: Hibernate Validator 8.0.3.Final
2026-05-17 15:14:59 [main] INFO  [IP:  | User Name:  | User ID:  |  ] c.e.e.EventsphereApplication - Starting EventsphereApplication using Java 17.0.14 with PID 3728 (H:\Ali Imran\Softwares Ali Imran\SpringBoot\eventsphere\target\classes started by irkco in H:\Ali Imran\Softwares Ali Imran\SpringBoot\eventsphere)
2026-05-17 15:14:59 [main] INFO  [IP:  | User Name:  | User ID:  |  ] c.e.e.EventsphereApplication - No active profile set, falling back to 1 default profile: "default"
2026-05-17 15:15:01 [main] INFO  [IP:  | User Name:  | User ID:  |  ] o.s.d.r.c.RepositoryConfigurationDelegate - Multiple Spring Data modules found, entering strict repository configuration mode
2026-05-17 15:15:01 [main] INFO  [IP:  | User Name:  | User ID:  |  ] o.s.d.r.c.RepositoryConfigurationDelegate - Bootstrapping Spring Data JPA repositories in DEFAULT mode.
2026-05-17 15:15:01 [main] INFO  [IP:  | User Name:  | User ID:  |  ] o.s.d.r.c.RepositoryConfigurationDelegate - Finished Spring Data repository scanning in 232 ms. Found 9 JPA repository interfaces.
2026-05-17 15:15:01 [main] INFO  [IP:  | User Name:  | User ID:  |  ] o.s.d.r.c.RepositoryConfigurationDelegate - Multiple Spring Data modules found, entering strict repository configuration mode
2026-05-17 15:15:01 [main] INFO  [IP:  | User Name:  | User ID:  |  ] o.s.d.r.c.RepositoryConfigurationDelegate - Bootstrapping Spring Data Redis repositories in DEFAULT mode.
2026-05-17 15:15:01 [main] INFO  [IP:  | User Name:  | User ID:  |  ] o.s.d.r.c.RepositoryConfigurationExtensionSupport - Spring Data Redis - Could not safely identify store assignment for repository candidate interface com.example.eventsphere.repository.CategoryRepository; If you want this repository to be a Redis repository, consider annotating your entities with one of these annotations: org.springframework.data.redis.core.RedisHash (preferred), or consider extending one of the following types with your repository: org.springframework.data.keyvalue.repository.KeyValueRepository
2026-05-17 15:15:01 [main] INFO  [IP:  | User Name:  | User ID:  |  ] o.s.d.r.c.RepositoryConfigurationExtensionSupport - Spring Data Redis - Could not safely identify store assignment for repository candidate interface com.example.eventsphere.repository.EventRepository; If you want this repository to be a Redis repository, consider annotating your entities with one of these annotations: org.springframework.data.redis.core.RedisHash (preferred), or consider extending one of the following types with your repository: org.springframework.data.keyvalue.repository.KeyValueRepository
2026-05-17 15:15:01 [main] INFO  [IP:  | User Name:  | User ID:  |  ] o.s.d.r.c.RepositoryConfigurationExtensionSupport - Spring Data Redis - Could not safely identify store assignment for repository candidate interface com.example.eventsphere.repository.LandingPageRepository; If you want this repository to be a Redis repository, consider annotating your entities with one of these annotations: org.springframework.data.redis.core.RedisHash (preferred), or consider extending one of the following types with your repository: org.springframework.data.keyvalue.repository.KeyValueRepository
2026-05-17 15:15:01 [main] INFO  [IP:  | User Name:  | User ID:  |  ] o.s.d.r.c.RepositoryConfigurationExtensionSupport - Spring Data Redis - Could not safely identify store assignment for repository candidate interface com.example.eventsphere.repository.OrganizationMemberRepository; If you want this repository to be a Redis repository, consider annotating your entities with one of these annotations: org.springframework.data.redis.core.RedisHash (preferred), or consider extending one of the following types with your repository: org.springframework.data.keyvalue.repository.KeyValueRepository
2026-05-17 15:15:01 [main] INFO  [IP:  | User Name:  | User ID:  |  ] o.s.d.r.c.RepositoryConfigurationExtensionSupport - Spring Data Redis - Could not safely identify store assignment for repository candidate interface com.example.eventsphere.repository.OrganizationRepository; If you want this repository to be a Redis repository, consider annotating your entities with one of these annotations: org.springframework.data.redis.core.RedisHash (preferred), or consider extending one of the following types with your repository: org.springframework.data.keyvalue.repository.KeyValueRepository
2026-05-17 15:15:01 [main] INFO  [IP:  | User Name:  | User ID:  |  ] o.s.d.r.c.RepositoryConfigurationExtensionSupport - Spring Data Redis - Could not safely identify store assignment for repository candidate interface com.example.eventsphere.repository.SubEventRepository; If you want this repository to be a Redis repository, consider annotating your entities with one of these annotations: org.springframework.data.redis.core.RedisHash (preferred), or consider extending one of the following types with your repository: org.springframework.data.keyvalue.repository.KeyValueRepository
2026-05-17 15:15:01 [main] INFO  [IP:  | User Name:  | User ID:  |  ] o.s.d.r.c.RepositoryConfigurationExtensionSupport - Spring Data Redis - Could not safely identify store assignment for repository candidate interface com.example.eventsphere.repository.TicketTierRepository; If you want this repository to be a Redis repository, consider annotating your entities with one of these annotations: org.springframework.data.redis.core.RedisHash (preferred), or consider extending one of the following types with your repository: org.springframework.data.keyvalue.repository.KeyValueRepository
2026-05-17 15:15:01 [main] INFO  [IP:  | User Name:  | User ID:  |  ] o.s.d.r.c.RepositoryConfigurationExtensionSupport - Spring Data Redis - Could not safely identify store assignment for repository candidate interface com.example.eventsphere.repository.TokenRepository; If you want this repository to be a Redis repository, consider annotating your entities with one of these annotations: org.springframework.data.redis.core.RedisHash (preferred), or consider extending one of the following types with your repository: org.springframework.data.keyvalue.repository.KeyValueRepository
2026-05-17 15:15:01 [main] INFO  [IP:  | User Name:  | User ID:  |  ] o.s.d.r.c.RepositoryConfigurationExtensionSupport - Spring Data Redis - Could not safely identify store assignment for repository candidate interface com.example.eventsphere.repository.UserRepository; If you want this repository to be a Redis repository, consider annotating your entities with one of these annotations: org.springframework.data.redis.core.RedisHash (preferred), or consider extending one of the following types with your repository: org.springframework.data.keyvalue.repository.KeyValueRepository
2026-05-17 15:15:01 [main] INFO  [IP:  | User Name:  | User ID:  |  ] o.s.d.r.c.RepositoryConfigurationDelegate - Finished Spring Data repository scanning in 25 ms. Found 0 Redis repository interfaces.
2026-05-17 15:15:03 [main] INFO  [IP:  | User Name:  | User ID:  |  ] o.s.b.w.e.tomcat.TomcatWebServer - Tomcat initialized with port 8080 (http)
2026-05-17 15:15:03 [main] INFO  [IP:  | User Name:  | User ID:  |  ] o.a.coyote.http11.Http11NioProtocol - Initializing ProtocolHandler ["http-nio-8080"]
2026-05-17 15:15:03 [main] INFO  [IP:  | User Name:  | User ID:  |  ] o.a.catalina.core.StandardService - Starting service [Tomcat]
2026-05-17 15:15:03 [main] INFO  [IP:  | User Name:  | User ID:  |  ] o.a.catalina.core.StandardEngine - Starting Servlet engine: [Apache Tomcat/10.1.53]
2026-05-17 15:15:03 [main] INFO  [IP:  | User Name:  | User ID:  |  ] o.a.c.c.C.[Tomcat].[localhost].[/] - Initializing Spring embedded WebApplicationContext
2026-05-17 15:15:03 [main] INFO  [IP:  | User Name:  | User ID:  |  ] o.s.b.w.s.c.ServletWebServerApplicationContext - Root WebApplicationContext: initialization completed in 3690 ms
2026-05-17 15:15:03 [main] INFO  [IP:  | User Name:  | User ID:  |  ] o.h.jpa.internal.util.LogHelper - HHH000204: Processing PersistenceUnitInfo [name: default]
2026-05-17 15:15:03 [main] INFO  [IP:  | User Name:  | User ID:  |  ] org.hibernate.Version - HHH000412: Hibernate ORM core version 6.6.45.Final
2026-05-17 15:15:03 [main] INFO  [IP:  | User Name:  | User ID:  |  ] o.h.s.integration.SpatialService - HHH80000001: hibernate-spatial integration enabled : true
2026-05-17 15:15:03 [main] INFO  [IP:  | User Name:  | User ID:  |  ] o.h.c.i.RegionFactoryInitiator - HHH000026: Second-level cache disabled
2026-05-17 15:15:04 [main] INFO  [IP:  | User Name:  | User ID:  |  ] com.zaxxer.hikari.HikariDataSource - HikariPool-1 - Starting...
2026-05-17 15:15:06 [main] INFO  [IP:  | User Name:  | User ID:  |  ] com.zaxxer.hikari.pool.HikariPool - HikariPool-1 - Added connection org.postgresql.jdbc.PgConnection@4f2fdf3d
2026-05-17 15:15:06 [main] INFO  [IP:  | User Name:  | User ID:  |  ] com.zaxxer.hikari.HikariDataSource - HikariPool-1 - Start completed.
2026-05-17 15:15:06 [main] WARN  [IP:  | User Name:  | User ID:  |  ] org.hibernate.orm.deprecation - HHH90000025: PostgreSQLDialect does not need to be specified explicitly using 'hibernate.dialect' (remove the property setting and it will be selected by default)
2026-05-17 15:15:06 [main] INFO  [IP:  | User Name:  | User ID:  |  ] o.hibernate.orm.connections.pooling - HHH10001005: Database info:
	Database JDBC URL [Connecting through datasource 'HikariDataSource (HikariPool-1)']
	Database driver: undefined/unknown
	Database version: 17.6
	Autocommit mode: undefined/unknown
	Isolation level: undefined/unknown
	Minimum pool size: undefined/unknown
	Maximum pool size: undefined/unknown
2026-05-17 15:15:06 [main] INFO  [IP:  | User Name:  | User ID:  |  ] org.hibernate.spatial - HHH80000003: hibernate-spatial adding type contributions from : org.hibernate.spatial.dialect.postgis.PostgisDialectContributor
2026-05-17 15:15:07 [main] INFO  [IP:  | User Name:  | User ID:  |  ] o.s.o.j.p.SpringPersistenceUnitInfo - No LoadTimeWeaver setup: ignoring JPA class transformer
2026-05-17 15:15:07 [main] INFO  [IP:  | User Name:  | User ID:  |  ] org.hibernate.spatial - HHH80000003: hibernate-spatial adding type contributions from : org.hibernate.spatial.dialect.postgis.PostgisDialectContributor
2026-05-17 15:15:08 [main] INFO  [IP:  | User Name:  | User ID:  |  ] org.hibernate.spatial - HHH80000004: hibernate-spatial adding function contributions from : org.hibernate.spatial.dialect.postgis.PostgisDialectContributor
2026-05-17 15:15:09 [main] INFO  [IP:  | User Name:  | User ID:  |  ] o.h.e.t.j.p.i.JtaPlatformInitiator - HHH000489: No JTA platform available (set 'hibernate.transaction.jta.platform' to enable JTA platform integration)
2026-05-17 15:15:09 [main] INFO  [IP:  | User Name:  | User ID:  |  ] o.s.o.j.LocalContainerEntityManagerFactoryBean - Initialized JPA EntityManagerFactory for persistence unit 'default'
2026-05-17 15:15:09 [main] INFO  [IP:  | User Name:  | User ID:  |  ] o.s.d.j.r.query.QueryEnhancerFactory - Hibernate is in classpath; If applicable, HQL parser will be used.
2026-05-17 15:15:13 [main] INFO  [IP:  | User Name:  | User ID:  |  ] o.s.s.c.a.a.c.InitializeAuthenticationProviderBeanManagerConfigurer$InitializeAuthenticationProviderManagerConfigurer - Global AuthenticationManager configured with AuthenticationProvider bean with name authenticationProvider
2026-05-17 15:15:13 [main] WARN  [IP:  | User Name:  | User ID:  |  ] o.s.s.c.a.a.c.InitializeUserDetailsBeanManagerConfigurer$InitializeUserDetailsManagerConfigurer - Global AuthenticationManager configured with an AuthenticationProvider bean. UserDetailsService beans will not be used by Spring Security for automatically configuring username/password login. Consider removing the AuthenticationProvider bean. Alternatively, consider using the UserDetailsService in a manually instantiated DaoAuthenticationProvider. If the current configuration is intentional, to turn off this warning, increase the logging level of 'org.springframework.security.config.annotation.authentication.configuration.InitializeUserDetailsBeanManagerConfigurer' to ERROR
2026-05-17 15:15:14 [main] INFO  [IP:  | User Name:  | User ID:  |  ] o.a.coyote.http11.Http11NioProtocol - Starting ProtocolHandler ["http-nio-8080"]
2026-05-17 15:15:14 [main] INFO  [IP:  | User Name:  | User ID:  |  ] o.s.b.w.e.tomcat.TomcatWebServer - Tomcat started on port 8080 (http) with context path '/'
2026-05-17 15:15:14 [main] INFO  [IP:  | User Name:  | User ID:  |  ] c.e.e.EventsphereApplication - Started EventsphereApplication in 16.234 seconds (process running for 17.01)
2026-05-17 15:15:15 [main] INFO  [IP:  | User Name:  | User ID:  |  ] c.e.eventsphere.config.AdminConfig - Default Admin already exists. Skipping seeding.
2026-05-17 15:17:15 [http-nio-8080-exec-1] INFO  [IP:  | User Name:  | User ID:  |  ] o.a.c.c.C.[Tomcat].[localhost].[/] - Initializing Spring DispatcherServlet 'dispatcherServlet'
2026-05-17 15:17:15 [http-nio-8080-exec-1] INFO  [IP:  | User Name:  | User ID:  |  ] o.s.web.servlet.DispatcherServlet - Initializing Servlet 'dispatcherServlet'
2026-05-17 15:17:15 [http-nio-8080-exec-1] INFO  [IP:  | User Name:  | User ID:  |  ] o.s.web.servlet.DispatcherServlet - Completed initialization in 2 ms
2026-05-17 15:17:16 [http-nio-8080-exec-1] INFO  [IP: 0:0:0:0:0:0:0:1 | User Name: ali.imran | User ID: 81ca140f-1ec2-4231-b15e-dffd7ec0e491 | PATCH /api/event/configure-landing-page/b0ce73c7-29ed-4c8c-87d0-4ce9ac8d07be] c.e.e.filter.RequestLoggingFilter - Incoming Request
2026-05-17 15:17:18 [http-nio-8080-exec-1] ERROR [IP: 0:0:0:0:0:0:0:1 | User Name: ali.imran | User ID: 81ca140f-1ec2-4231-b15e-dffd7ec0e491 | PATCH /api/event/configure-landing-page/b0ce73c7-29ed-4c8c-87d0-4ce9ac8d07be] c.e.eventsphere.service.EventService - Failed to parse theme config JSON: {"templateName": "STANDARD", "primaryColor": "#FF5733", "showMap": true}
2026-05-17 15:17:18 [http-nio-8080-exec-1] WARN  [IP: 0:0:0:0:0:0:0:1 | User Name: ali.imran | User ID: 81ca140f-1ec2-4231-b15e-dffd7ec0e491 | PATCH /api/event/configure-landing-page/b0ce73c7-29ed-4c8c-87d0-4ce9ac8d07be] c.e.e.e.GlobalExceptionHandler - Business rule violation at /api/event/configure-landing-page/b0ce73c7-29ed-4c8c-87d0-4ce9ac8d07be: Malformed JSON payload or invalid template.
2026-05-17 15:17:18 [http-nio-8080-exec-1] INFO  [IP: 0:0:0:0:0:0:0:1 | User Name: ali.imran | User ID: 81ca140f-1ec2-4231-b15e-dffd7ec0e491 | PATCH /api/event/configure-landing-page/b0ce73c7-29ed-4c8c-87d0-4ce9ac8d07be] c.e.e.filter.RequestLoggingFilter - Completed in 2618 ms with status 400
2026-05-17 15:17:35 [SpringApplicationShutdownHook] INFO  [IP:  | User Name:  | User ID:  |  ] o.s.b.w.e.tomcat.GracefulShutdown - Commencing graceful shutdown. Waiting for active requests to complete
2026-05-17 15:17:36 [tomcat-shutdown] INFO  [IP:  | User Name:  | User ID:  |  ] o.s.b.w.e.tomcat.GracefulShutdown - Graceful shutdown complete
2026-05-17 15:17:36 [SpringApplicationShutdownHook] INFO  [IP:  | User Name:  | User ID:  |  ] o.s.o.j.LocalContainerEntityManagerFactoryBean - Closing JPA EntityManagerFactory for persistence unit 'default'
2026-05-17 15:17:36 [SpringApplicationShutdownHook] INFO  [IP:  | User Name:  | User ID:  |  ] com.zaxxer.hikari.HikariDataSource - HikariPool-1 - Shutdown initiated...
2026-05-17 15:17:36 [SpringApplicationShutdownHook] INFO  [IP:  | User Name:  | User ID:  |  ] com.zaxxer.hikari.HikariDataSource - HikariPool-1 - Shutdown completed.
2026-05-17 15:18:57 [background-preinit] INFO  [IP:  | User Name:  | User ID:  |  ] o.h.validator.internal.util.Version - HV000001: Hibernate Validator 8.0.3.Final
2026-05-17 15:18:57 [main] INFO  [IP:  | User Name:  | User ID:  |  ] c.e.e.EventsphereApplication - Starting EventsphereApplication using Java 17.0.14 with PID 18316 (H:\Ali Imran\Softwares Ali Imran\SpringBoot\eventsphere\target\classes started by irkco in H:\Ali Imran\Softwares Ali Imran\SpringBoot\eventsphere)
2026-05-17 15:18:57 [main] INFO  [IP:  | User Name:  | User ID:  |  ] c.e.e.EventsphereApplication - No active profile set, falling back to 1 default profile: "default"
2026-05-17 15:18:59 [main] INFO  [IP:  | User Name:  | User ID:  |  ] o.s.d.r.c.RepositoryConfigurationDelegate - Multiple Spring Data modules found, entering strict repository configuration mode
2026-05-17 15:18:59 [main] INFO  [IP:  | User Name:  | User ID:  |  ] o.s.d.r.c.RepositoryConfigurationDelegate - Bootstrapping Spring Data JPA repositories in DEFAULT mode.
2026-05-17 15:18:59 [main] INFO  [IP:  | User Name:  | User ID:  |  ] o.s.d.r.c.RepositoryConfigurationDelegate - Finished Spring Data repository scanning in 229 ms. Found 9 JPA repository interfaces.
2026-05-17 15:18:59 [main] INFO  [IP:  | User Name:  | User ID:  |  ] o.s.d.r.c.RepositoryConfigurationDelegate - Multiple Spring Data modules found, entering strict repository configuration mode
2026-05-17 15:18:59 [main] INFO  [IP:  | User Name:  | User ID:  |  ] o.s.d.r.c.RepositoryConfigurationDelegate - Bootstrapping Spring Data Redis repositories in DEFAULT mode.
2026-05-17 15:18:59 [main] INFO  [IP:  | User Name:  | User ID:  |  ] o.s.d.r.c.RepositoryConfigurationExtensionSupport - Spring Data Redis - Could not safely identify store assignment for repository candidate interface com.example.eventsphere.repository.CategoryRepository; If you want this repository to be a Redis repository, consider annotating your entities with one of these annotations: org.springframework.data.redis.core.RedisHash (preferred), or consider extending one of the following types with your repository: org.springframework.data.keyvalue.repository.KeyValueRepository
2026-05-17 15:18:59 [main] INFO  [IP:  | User Name:  | User ID:  |  ] o.s.d.r.c.RepositoryConfigurationExtensionSupport - Spring Data Redis - Could not safely identify store assignment for repository candidate interface com.example.eventsphere.repository.EventRepository; If you want this repository to be a Redis repository, consider annotating your entities with one of these annotations: org.springframework.data.redis.core.RedisHash (preferred), or consider extending one of the following types with your repository: org.springframework.data.keyvalue.repository.KeyValueRepository
2026-05-17 15:18:59 [main] INFO  [IP:  | User Name:  | User ID:  |  ] o.s.d.r.c.RepositoryConfigurationExtensionSupport - Spring Data Redis - Could not safely identify store assignment for repository candidate interface com.example.eventsphere.repository.LandingPageRepository; If you want this repository to be a Redis repository, consider annotating your entities with one of these annotations: org.springframework.data.redis.core.RedisHash (preferred), or consider extending one of the following types with your repository: org.springframework.data.keyvalue.repository.KeyValueRepository
2026-05-17 15:18:59 [main] INFO  [IP:  | User Name:  | User ID:  |  ] o.s.d.r.c.RepositoryConfigurationExtensionSupport - Spring Data Redis - Could not safely identify store assignment for repository candidate interface com.example.eventsphere.repository.OrganizationMemberRepository; If you want this repository to be a Redis repository, consider annotating your entities with one of these annotations: org.springframework.data.redis.core.RedisHash (preferred), or consider extending one of the following types with your repository: org.springframework.data.keyvalue.repository.KeyValueRepository
2026-05-17 15:18:59 [main] INFO  [IP:  | User Name:  | User ID:  |  ] o.s.d.r.c.RepositoryConfigurationExtensionSupport - Spring Data Redis - Could not safely identify store assignment for repository candidate interface com.example.eventsphere.repository.OrganizationRepository; If you want this repository to be a Redis repository, consider annotating your entities with one of these annotations: org.springframework.data.redis.core.RedisHash (preferred), or consider extending one of the following types with your repository: org.springframework.data.keyvalue.repository.KeyValueRepository
2026-05-17 15:18:59 [main] INFO  [IP:  | User Name:  | User ID:  |  ] o.s.d.r.c.RepositoryConfigurationExtensionSupport - Spring Data Redis - Could not safely identify store assignment for repository candidate interface com.example.eventsphere.repository.SubEventRepository; If you want this repository to be a Redis repository, consider annotating your entities with one of these annotations: org.springframework.data.redis.core.RedisHash (preferred), or consider extending one of the following types with your repository: org.springframework.data.keyvalue.repository.KeyValueRepository
2026-05-17 15:18:59 [main] INFO  [IP:  | User Name:  | User ID:  |  ] o.s.d.r.c.RepositoryConfigurationExtensionSupport - Spring Data Redis - Could not safely identify store assignment for repository candidate interface com.example.eventsphere.repository.TicketTierRepository; If you want this repository to be a Redis repository, consider annotating your entities with one of these annotations: org.springframework.data.redis.core.RedisHash (preferred), or consider extending one of the following types with your repository: org.springframework.data.keyvalue.repository.KeyValueRepository
2026-05-17 15:18:59 [main] INFO  [IP:  | User Name:  | User ID:  |  ] o.s.d.r.c.RepositoryConfigurationExtensionSupport - Spring Data Redis - Could not safely identify store assignment for repository candidate interface com.example.eventsphere.repository.TokenRepository; If you want this repository to be a Redis repository, consider annotating your entities with one of these annotations: org.springframework.data.redis.core.RedisHash (preferred), or consider extending one of the following types with your repository: org.springframework.data.keyvalue.repository.KeyValueRepository
2026-05-17 15:18:59 [main] INFO  [IP:  | User Name:  | User ID:  |  ] o.s.d.r.c.RepositoryConfigurationExtensionSupport - Spring Data Redis - Could not safely identify store assignment for repository candidate interface com.example.eventsphere.repository.UserRepository; If you want this repository to be a Redis repository, consider annotating your entities with one of these annotations: org.springframework.data.redis.core.RedisHash (preferred), or consider extending one of the following types with your repository: org.springframework.data.keyvalue.repository.KeyValueRepository
2026-05-17 15:18:59 [main] INFO  [IP:  | User Name:  | User ID:  |  ] o.s.d.r.c.RepositoryConfigurationDelegate - Finished Spring Data repository scanning in 16 ms. Found 0 Redis repository interfaces.
2026-05-17 15:19:00 [main] INFO  [IP:  | User Name:  | User ID:  |  ] o.s.b.w.e.tomcat.TomcatWebServer - Tomcat initialized with port 8080 (http)
2026-05-17 15:19:00 [main] INFO  [IP:  | User Name:  | User ID:  |  ] o.a.coyote.http11.Http11NioProtocol - Initializing ProtocolHandler ["http-nio-8080"]
2026-05-17 15:19:00 [main] INFO  [IP:  | User Name:  | User ID:  |  ] o.a.catalina.core.StandardService - Starting service [Tomcat]
2026-05-17 15:19:00 [main] INFO  [IP:  | User Name:  | User ID:  |  ] o.a.catalina.core.StandardEngine - Starting Servlet engine: [Apache Tomcat/10.1.53]
2026-05-17 15:19:00 [main] INFO  [IP:  | User Name:  | User ID:  |  ] o.a.c.c.C.[Tomcat].[localhost].[/] - Initializing Spring embedded WebApplicationContext
2026-05-17 15:19:00 [main] INFO  [IP:  | User Name:  | User ID:  |  ] o.s.b.w.s.c.ServletWebServerApplicationContext - Root WebApplicationContext: initialization completed in 3258 ms
2026-05-17 15:19:01 [main] INFO  [IP:  | User Name:  | User ID:  |  ] o.h.jpa.internal.util.LogHelper - HHH000204: Processing PersistenceUnitInfo [name: default]
2026-05-17 15:19:01 [main] INFO  [IP:  | User Name:  | User ID:  |  ] org.hibernate.Version - HHH000412: Hibernate ORM core version 6.6.45.Final
2026-05-17 15:19:01 [main] INFO  [IP:  | User Name:  | User ID:  |  ] o.h.s.integration.SpatialService - HHH80000001: hibernate-spatial integration enabled : true
2026-05-17 15:19:01 [main] INFO  [IP:  | User Name:  | User ID:  |  ] o.h.c.i.RegionFactoryInitiator - HHH000026: Second-level cache disabled
2026-05-17 15:19:01 [main] INFO  [IP:  | User Name:  | User ID:  |  ] com.zaxxer.hikari.HikariDataSource - HikariPool-1 - Starting...
2026-05-17 15:19:03 [main] INFO  [IP:  | User Name:  | User ID:  |  ] com.zaxxer.hikari.pool.HikariPool - HikariPool-1 - Added connection org.postgresql.jdbc.PgConnection@2f61de04
2026-05-17 15:19:03 [main] INFO  [IP:  | User Name:  | User ID:  |  ] com.zaxxer.hikari.HikariDataSource - HikariPool-1 - Start completed.
2026-05-17 15:19:03 [main] WARN  [IP:  | User Name:  | User ID:  |  ] org.hibernate.orm.deprecation - HHH90000025: PostgreSQLDialect does not need to be specified explicitly using 'hibernate.dialect' (remove the property setting and it will be selected by default)
2026-05-17 15:19:04 [main] INFO  [IP:  | User Name:  | User ID:  |  ] o.hibernate.orm.connections.pooling - HHH10001005: Database info:
	Database JDBC URL [Connecting through datasource 'HikariDataSource (HikariPool-1)']
	Database driver: undefined/unknown
	Database version: 17.6
	Autocommit mode: undefined/unknown
	Isolation level: undefined/unknown
	Minimum pool size: undefined/unknown
	Maximum pool size: undefined/unknown
2026-05-17 15:19:04 [main] INFO  [IP:  | User Name:  | User ID:  |  ] org.hibernate.spatial - HHH80000003: hibernate-spatial adding type contributions from : org.hibernate.spatial.dialect.postgis.PostgisDialectContributor
2026-05-17 15:19:04 [main] INFO  [IP:  | User Name:  | User ID:  |  ] o.s.o.j.p.SpringPersistenceUnitInfo - No LoadTimeWeaver setup: ignoring JPA class transformer
2026-05-17 15:19:04 [main] INFO  [IP:  | User Name:  | User ID:  |  ] org.hibernate.spatial - HHH80000003: hibernate-spatial adding type contributions from : org.hibernate.spatial.dialect.postgis.PostgisDialectContributor
2026-05-17 15:19:05 [main] INFO  [IP:  | User Name:  | User ID:  |  ] org.hibernate.spatial - HHH80000004: hibernate-spatial adding function contributions from : org.hibernate.spatial.dialect.postgis.PostgisDialectContributor
2026-05-17 15:19:06 [main] INFO  [IP:  | User Name:  | User ID:  |  ] o.h.e.t.j.p.i.JtaPlatformInitiator - HHH000489: No JTA platform available (set 'hibernate.transaction.jta.platform' to enable JTA platform integration)
2026-05-17 15:19:06 [main] INFO  [IP:  | User Name:  | User ID:  |  ] o.s.o.j.LocalContainerEntityManagerFactoryBean - Initialized JPA EntityManagerFactory for persistence unit 'default'
2026-05-17 15:19:06 [main] INFO  [IP:  | User Name:  | User ID:  |  ] o.s.d.j.r.query.QueryEnhancerFactory - Hibernate is in classpath; If applicable, HQL parser will be used.
2026-05-17 15:19:10 [main] INFO  [IP:  | User Name:  | User ID:  |  ] o.s.s.c.a.a.c.InitializeAuthenticationProviderBeanManagerConfigurer$InitializeAuthenticationProviderManagerConfigurer - Global AuthenticationManager configured with AuthenticationProvider bean with name authenticationProvider
2026-05-17 15:19:10 [main] WARN  [IP:  | User Name:  | User ID:  |  ] o.s.s.c.a.a.c.InitializeUserDetailsBeanManagerConfigurer$InitializeUserDetailsManagerConfigurer - Global AuthenticationManager configured with an AuthenticationProvider bean. UserDetailsService beans will not be used by Spring Security for automatically configuring username/password login. Consider removing the AuthenticationProvider bean. Alternatively, consider using the UserDetailsService in a manually instantiated DaoAuthenticationProvider. If the current configuration is intentional, to turn off this warning, increase the logging level of 'org.springframework.security.config.annotation.authentication.configuration.InitializeUserDetailsBeanManagerConfigurer' to ERROR
2026-05-17 15:19:11 [main] INFO  [IP:  | User Name:  | User ID:  |  ] o.a.coyote.http11.Http11NioProtocol - Starting ProtocolHandler ["http-nio-8080"]
2026-05-17 15:19:11 [main] INFO  [IP:  | User Name:  | User ID:  |  ] o.s.b.w.e.tomcat.TomcatWebServer - Tomcat started on port 8080 (http) with context path '/'
2026-05-17 15:19:11 [main] INFO  [IP:  | User Name:  | User ID:  |  ] c.e.e.EventsphereApplication - Started EventsphereApplication in 14.749 seconds (process running for 15.416)
2026-05-17 15:19:11 [main] INFO  [IP:  | User Name:  | User ID:  |  ] c.e.eventsphere.config.AdminConfig - Default Admin already exists. Skipping seeding.
2026-05-17 15:21:15 [http-nio-8080-exec-1] INFO  [IP:  | User Name:  | User ID:  |  ] o.a.c.c.C.[Tomcat].[localhost].[/] - Initializing Spring DispatcherServlet 'dispatcherServlet'
2026-05-17 15:21:15 [http-nio-8080-exec-1] INFO  [IP:  | User Name:  | User ID:  |  ] o.s.web.servlet.DispatcherServlet - Initializing Servlet 'dispatcherServlet'
2026-05-17 15:21:15 [http-nio-8080-exec-1] INFO  [IP:  | User Name:  | User ID:  |  ] o.s.web.servlet.DispatcherServlet - Completed initialization in 2 ms
2026-05-17 15:21:16 [http-nio-8080-exec-1] INFO  [IP: 0:0:0:0:0:0:0:1 | User Name: ali.imran | User ID: 81ca140f-1ec2-4231-b15e-dffd7ec0e491 | PATCH /api/event/configure-landing-page/b0ce73c7-29ed-4c8c-87d0-4ce9ac8d07be] c.e.e.filter.RequestLoggingFilter - Incoming Request
2026-05-17 15:21:18 [http-nio-8080-exec-1] WARN  [IP: 0:0:0:0:0:0:0:1 | User Name: ali.imran | User ID: 81ca140f-1ec2-4231-b15e-dffd7ec0e491 | PATCH /api/event/configure-landing-page/b0ce73c7-29ed-4c8c-87d0-4ce9ac8d07be] c.e.e.e.GlobalExceptionHandler - Business rule violation at /api/event/configure-landing-page/b0ce73c7-29ed-4c8c-87d0-4ce9ac8d07be: Security Error: Invalid template selection.
2026-05-17 15:21:18 [http-nio-8080-exec-1] INFO  [IP: 0:0:0:0:0:0:0:1 | User Name: ali.imran | User ID: 81ca140f-1ec2-4231-b15e-dffd7ec0e491 | PATCH /api/event/configure-landing-page/b0ce73c7-29ed-4c8c-87d0-4ce9ac8d07be] c.e.e.filter.RequestLoggingFilter - Completed in 2467 ms with status 400
2026-05-17 15:22:05 [http-nio-8080-exec-2] INFO  [IP: 0:0:0:0:0:0:0:1 | User Name: ali.imran | User ID: 81ca140f-1ec2-4231-b15e-dffd7ec0e491 | PATCH /api/event/configure-landing-page/b0ce73c7-29ed-4c8c-87d0-4ce9ac8d07be] c.e.e.filter.RequestLoggingFilter - Incoming Request
2026-05-17 15:22:06 [http-nio-8080-exec-2] WARN  [IP: 0:0:0:0:0:0:0:1 | User Name: ali.imran | User ID: 81ca140f-1ec2-4231-b15e-dffd7ec0e491 | PATCH /api/event/configure-landing-page/b0ce73c7-29ed-4c8c-87d0-4ce9ac8d07be] c.e.e.e.GlobalExceptionHandler - Business rule violation at /api/event/configure-landing-page/b0ce73c7-29ed-4c8c-87d0-4ce9ac8d07be: Security Error: Invalid template selection.
2026-05-17 15:22:06 [http-nio-8080-exec-2] INFO  [IP: 0:0:0:0:0:0:0:1 | User Name: ali.imran | User ID: 81ca140f-1ec2-4231-b15e-dffd7ec0e491 | PATCH /api/event/configure-landing-page/b0ce73c7-29ed-4c8c-87d0-4ce9ac8d07be] c.e.e.filter.RequestLoggingFilter - Completed in 1229 ms with status 400
2026-05-17 15:22:59 [http-nio-8080-exec-3] WARN  [IP:  | User Name:  | User ID:  |  ] c.e.e.filter.JwtAuthenticationFilter - Expired JWT token intercepted
2026-05-17 15:23:10 [http-nio-8080-exec-4] INFO  [IP: 0:0:0:0:0:0:0:1 | User Name: anonymous_user | User ID: anonymous_id | POST /api/auth/login] c.e.e.filter.RequestLoggingFilter - Incoming Request
2026-05-17 15:23:11 [http-nio-8080-exec-4] INFO  [IP: 0:0:0:0:0:0:0:1 | User Name: anonymous_user | User ID: anonymous_id | POST /api/auth/login] c.e.eventsphere.service.TokenService - Secure Refresh Token generated and hashed for user ID: 81ca140f-1ec2-4231-b15e-dffd7ec0e491
2026-05-17 15:23:11 [http-nio-8080-exec-4] INFO  [IP: 0:0:0:0:0:0:0:1 | User Name: anonymous_user | User ID: anonymous_id | POST /api/auth/login] c.e.eventsphere.service.AuthService - Successful login for user: ali.imran
2026-05-17 15:23:11 [http-nio-8080-exec-4] INFO  [IP: 0:0:0:0:0:0:0:1 | User Name: anonymous_user | User ID: anonymous_id | POST /api/auth/login] c.e.e.filter.RequestLoggingFilter - Completed in 1080 ms with status 200
2026-05-17 15:23:23 [http-nio-8080-exec-5] INFO  [IP: 0:0:0:0:0:0:0:1 | User Name: ali.imran | User ID: 81ca140f-1ec2-4231-b15e-dffd7ec0e491 | PATCH /api/event/configure-landing-page/b0ce73c7-29ed-4c8c-87d0-4ce9ac8d07be] c.e.e.filter.RequestLoggingFilter - Incoming Request
2026-05-17 15:23:23 [http-nio-8080-exec-5] WARN  [IP: 0:0:0:0:0:0:0:1 | User Name: ali.imran | User ID: 81ca140f-1ec2-4231-b15e-dffd7ec0e491 | PATCH /api/event/configure-landing-page/b0ce73c7-29ed-4c8c-87d0-4ce9ac8d07be] c.e.e.e.GlobalExceptionHandler - Business rule violation at /api/event/configure-landing-page/b0ce73c7-29ed-4c8c-87d0-4ce9ac8d07be: JSON parse error: Unrecognized character escape 'M' (code 77)
2026-05-17 15:23:23 [http-nio-8080-exec-5] INFO  [IP: 0:0:0:0:0:0:0:1 | User Name: ali.imran | User ID: 81ca140f-1ec2-4231-b15e-dffd7ec0e491 | PATCH /api/event/configure-landing-page/b0ce73c7-29ed-4c8c-87d0-4ce9ac8d07be] c.e.e.filter.RequestLoggingFilter - Completed in 8 ms with status 400
2026-05-17 15:23:31 [http-nio-8080-exec-6] INFO  [IP: 0:0:0:0:0:0:0:1 | User Name: ali.imran | User ID: 81ca140f-1ec2-4231-b15e-dffd7ec0e491 | PATCH /api/event/configure-landing-page/b0ce73c7-29ed-4c8c-87d0-4ce9ac8d07be] c.e.e.filter.RequestLoggingFilter - Incoming Request
2026-05-17 15:23:32 [http-nio-8080-exec-6] WARN  [IP: 0:0:0:0:0:0:0:1 | User Name: ali.imran | User ID: 81ca140f-1ec2-4231-b15e-dffd7ec0e491 | PATCH /api/event/configure-landing-page/b0ce73c7-29ed-4c8c-87d0-4ce9ac8d07be] c.e.e.e.GlobalExceptionHandler - Business rule violation at /api/event/configure-landing-page/b0ce73c7-29ed-4c8c-87d0-4ce9ac8d07be: Security Error: Invalid template selection.
2026-05-17 15:23:32 [http-nio-8080-exec-6] INFO  [IP: 0:0:0:0:0:0:0:1 | User Name: ali.imran | User ID: 81ca140f-1ec2-4231-b15e-dffd7ec0e491 | PATCH /api/event/configure-landing-page/b0ce73c7-29ed-4c8c-87d0-4ce9ac8d07be] c.e.e.filter.RequestLoggingFilter - Completed in 1472 ms with status 400
2026-05-17 15:24:35 [SpringApplicationShutdownHook] INFO  [IP:  | User Name:  | User ID:  |  ] o.s.b.w.e.tomcat.GracefulShutdown - Commencing graceful shutdown. Waiting for active requests to complete
2026-05-17 15:24:36 [tomcat-shutdown] INFO  [IP:  | User Name:  | User ID:  |  ] o.s.b.w.e.tomcat.GracefulShutdown - Graceful shutdown complete
2026-05-17 15:24:36 [SpringApplicationShutdownHook] INFO  [IP:  | User Name:  | User ID:  |  ] o.s.o.j.LocalContainerEntityManagerFactoryBean - Closing JPA EntityManagerFactory for persistence unit 'default'
2026-05-17 15:24:36 [SpringApplicationShutdownHook] INFO  [IP:  | User Name:  | User ID:  |  ] com.zaxxer.hikari.HikariDataSource - HikariPool-1 - Shutdown initiated...
2026-05-17 15:24:36 [SpringApplicationShutdownHook] INFO  [IP:  | User Name:  | User ID:  |  ] com.zaxxer.hikari.HikariDataSource - HikariPool-1 - Shutdown completed.
2026-05-17 15:24:43 [background-preinit] INFO  [IP:  | User Name:  | User ID:  |  ] o.h.validator.internal.util.Version - HV000001: Hibernate Validator 8.0.3.Final
2026-05-17 15:24:43 [main] INFO  [IP:  | User Name:  | User ID:  |  ] c.e.e.EventsphereApplication - Starting EventsphereApplication using Java 17.0.14 with PID 9544 (H:\Ali Imran\Softwares Ali Imran\SpringBoot\eventsphere\target\classes started by irkco in H:\Ali Imran\Softwares Ali Imran\SpringBoot\eventsphere)
2026-05-17 15:24:43 [main] INFO  [IP:  | User Name:  | User ID:  |  ] c.e.e.EventsphereApplication - No active profile set, falling back to 1 default profile: "default"
2026-05-17 15:24:45 [main] INFO  [IP:  | User Name:  | User ID:  |  ] o.s.d.r.c.RepositoryConfigurationDelegate - Multiple Spring Data modules found, entering strict repository configuration mode
2026-05-17 15:24:45 [main] INFO  [IP:  | User Name:  | User ID:  |  ] o.s.d.r.c.RepositoryConfigurationDelegate - Bootstrapping Spring Data JPA repositories in DEFAULT mode.
2026-05-17 15:24:45 [main] INFO  [IP:  | User Name:  | User ID:  |  ] o.s.d.r.c.RepositoryConfigurationDelegate - Finished Spring Data repository scanning in 252 ms. Found 9 JPA repository interfaces.
2026-05-17 15:24:46 [main] INFO  [IP:  | User Name:  | User ID:  |  ] o.s.d.r.c.RepositoryConfigurationDelegate - Multiple Spring Data modules found, entering strict repository configuration mode
2026-05-17 15:24:46 [main] INFO  [IP:  | User Name:  | User ID:  |  ] o.s.d.r.c.RepositoryConfigurationDelegate - Bootstrapping Spring Data Redis repositories in DEFAULT mode.
2026-05-17 15:24:46 [main] INFO  [IP:  | User Name:  | User ID:  |  ] o.s.d.r.c.RepositoryConfigurationExtensionSupport - Spring Data Redis - Could not safely identify store assignment for repository candidate interface com.example.eventsphere.repository.CategoryRepository; If you want this repository to be a Redis repository, consider annotating your entities with one of these annotations: org.springframework.data.redis.core.RedisHash (preferred), or consider extending one of the following types with your repository: org.springframework.data.keyvalue.repository.KeyValueRepository
2026-05-17 15:24:46 [main] INFO  [IP:  | User Name:  | User ID:  |  ] o.s.d.r.c.RepositoryConfigurationExtensionSupport - Spring Data Redis - Could not safely identify store assignment for repository candidate interface com.example.eventsphere.repository.EventRepository; If you want this repository to be a Redis repository, consider annotating your entities with one of these annotations: org.springframework.data.redis.core.RedisHash (preferred), or consider extending one of the following types with your repository: org.springframework.data.keyvalue.repository.KeyValueRepository
2026-05-17 15:24:46 [main] INFO  [IP:  | User Name:  | User ID:  |  ] o.s.d.r.c.RepositoryConfigurationExtensionSupport - Spring Data Redis - Could not safely identify store assignment for repository candidate interface com.example.eventsphere.repository.LandingPageRepository; If you want this repository to be a Redis repository, consider annotating your entities with one of these annotations: org.springframework.data.redis.core.RedisHash (preferred), or consider extending one of the following types with your repository: org.springframework.data.keyvalue.repository.KeyValueRepository
2026-05-17 15:24:46 [main] INFO  [IP:  | User Name:  | User ID:  |  ] o.s.d.r.c.RepositoryConfigurationExtensionSupport - Spring Data Redis - Could not safely identify store assignment for repository candidate interface com.example.eventsphere.repository.OrganizationMemberRepository; If you want this repository to be a Redis repository, consider annotating your entities with one of these annotations: org.springframework.data.redis.core.RedisHash (preferred), or consider extending one of the following types with your repository: org.springframework.data.keyvalue.repository.KeyValueRepository
2026-05-17 15:24:46 [main] INFO  [IP:  | User Name:  | User ID:  |  ] o.s.d.r.c.RepositoryConfigurationExtensionSupport - Spring Data Redis - Could not safely identify store assignment for repository candidate interface com.example.eventsphere.repository.OrganizationRepository; If you want this repository to be a Redis repository, consider annotating your entities with one of these annotations: org.springframework.data.redis.core.RedisHash (preferred), or consider extending one of the following types with your repository: org.springframework.data.keyvalue.repository.KeyValueRepository
2026-05-17 15:24:46 [main] INFO  [IP:  | User Name:  | User ID:  |  ] o.s.d.r.c.RepositoryConfigurationExtensionSupport - Spring Data Redis - Could not safely identify store assignment for repository candidate interface com.example.eventsphere.repository.SubEventRepository; If you want this repository to be a Redis repository, consider annotating your entities with one of these annotations: org.springframework.data.redis.core.RedisHash (preferred), or consider extending one of the following types with your repository: org.springframework.data.keyvalue.repository.KeyValueRepository
2026-05-17 15:24:46 [main] INFO  [IP:  | User Name:  | User ID:  |  ] o.s.d.r.c.RepositoryConfigurationExtensionSupport - Spring Data Redis - Could not safely identify store assignment for repository candidate interface com.example.eventsphere.repository.TicketTierRepository; If you want this repository to be a Redis repository, consider annotating your entities with one of these annotations: org.springframework.data.redis.core.RedisHash (preferred), or consider extending one of the following types with your repository: org.springframework.data.keyvalue.repository.KeyValueRepository
2026-05-17 15:24:46 [main] INFO  [IP:  | User Name:  | User ID:  |  ] o.s.d.r.c.RepositoryConfigurationExtensionSupport - Spring Data Redis - Could not safely identify store assignment for repository candidate interface com.example.eventsphere.repository.TokenRepository; If you want this repository to be a Redis repository, consider annotating your entities with one of these annotations: org.springframework.data.redis.core.RedisHash (preferred), or consider extending one of the following types with your repository: org.springframework.data.keyvalue.repository.KeyValueRepository
2026-05-17 15:24:46 [main] INFO  [IP:  | User Name:  | User ID:  |  ] o.s.d.r.c.RepositoryConfigurationExtensionSupport - Spring Data Redis - Could not safely identify store assignment for repository candidate interface com.example.eventsphere.repository.UserRepository; If you want this repository to be a Redis repository, consider annotating your entities with one of these annotations: org.springframework.data.redis.core.RedisHash (preferred), or consider extending one of the following types with your repository: org.springframework.data.keyvalue.repository.KeyValueRepository
2026-05-17 15:24:46 [main] INFO  [IP:  | User Name:  | User ID:  |  ] o.s.d.r.c.RepositoryConfigurationDelegate - Finished Spring Data repository scanning in 21 ms. Found 0 Redis repository interfaces.
2026-05-17 15:24:47 [main] INFO  [IP:  | User Name:  | User ID:  |  ] o.s.b.w.e.tomcat.TomcatWebServer - Tomcat initialized with port 8080 (http)
2026-05-17 15:24:47 [main] INFO  [IP:  | User Name:  | User ID:  |  ] o.a.coyote.http11.Http11NioProtocol - Initializing ProtocolHandler ["http-nio-8080"]
2026-05-17 15:24:47 [main] INFO  [IP:  | User Name:  | User ID:  |  ] o.a.catalina.core.StandardService - Starting service [Tomcat]
2026-05-17 15:24:47 [main] INFO  [IP:  | User Name:  | User ID:  |  ] o.a.catalina.core.StandardEngine - Starting Servlet engine: [Apache Tomcat/10.1.53]
2026-05-17 15:24:47 [main] INFO  [IP:  | User Name:  | User ID:  |  ] o.a.c.c.C.[Tomcat].[localhost].[/] - Initializing Spring embedded WebApplicationContext
2026-05-17 15:24:47 [main] INFO  [IP:  | User Name:  | User ID:  |  ] o.s.b.w.s.c.ServletWebServerApplicationContext - Root WebApplicationContext: initialization completed in 3674 ms
2026-05-17 15:24:47 [main] INFO  [IP:  | User Name:  | User ID:  |  ] o.h.jpa.internal.util.LogHelper - HHH000204: Processing PersistenceUnitInfo [name: default]
2026-05-17 15:24:47 [main] INFO  [IP:  | User Name:  | User ID:  |  ] org.hibernate.Version - HHH000412: Hibernate ORM core version 6.6.45.Final
2026-05-17 15:24:47 [main] INFO  [IP:  | User Name:  | User ID:  |  ] o.h.s.integration.SpatialService - HHH80000001: hibernate-spatial integration enabled : true
2026-05-17 15:24:47 [main] INFO  [IP:  | User Name:  | User ID:  |  ] o.h.c.i.RegionFactoryInitiator - HHH000026: Second-level cache disabled
2026-05-17 15:24:48 [main] INFO  [IP:  | User Name:  | User ID:  |  ] com.zaxxer.hikari.HikariDataSource - HikariPool-1 - Starting...
2026-05-17 15:24:50 [main] INFO  [IP:  | User Name:  | User ID:  |  ] com.zaxxer.hikari.pool.HikariPool - HikariPool-1 - Added connection org.postgresql.jdbc.PgConnection@36638b59
2026-05-17 15:24:50 [main] INFO  [IP:  | User Name:  | User ID:  |  ] com.zaxxer.hikari.HikariDataSource - HikariPool-1 - Start completed.
2026-05-17 15:24:50 [main] WARN  [IP:  | User Name:  | User ID:  |  ] org.hibernate.orm.deprecation - HHH90000025: PostgreSQLDialect does not need to be specified explicitly using 'hibernate.dialect' (remove the property setting and it will be selected by default)
2026-05-17 15:24:51 [main] INFO  [IP:  | User Name:  | User ID:  |  ] o.hibernate.orm.connections.pooling - HHH10001005: Database info:
	Database JDBC URL [Connecting through datasource 'HikariDataSource (HikariPool-1)']
	Database driver: undefined/unknown
	Database version: 17.6
	Autocommit mode: undefined/unknown
	Isolation level: undefined/unknown
	Minimum pool size: undefined/unknown
	Maximum pool size: undefined/unknown
2026-05-17 15:24:51 [main] INFO  [IP:  | User Name:  | User ID:  |  ] org.hibernate.spatial - HHH80000003: hibernate-spatial adding type contributions from : org.hibernate.spatial.dialect.postgis.PostgisDialectContributor
2026-05-17 15:24:51 [main] INFO  [IP:  | User Name:  | User ID:  |  ] o.s.o.j.p.SpringPersistenceUnitInfo - No LoadTimeWeaver setup: ignoring JPA class transformer
2026-05-17 15:24:51 [main] INFO  [IP:  | User Name:  | User ID:  |  ] org.hibernate.spatial - HHH80000003: hibernate-spatial adding type contributions from : org.hibernate.spatial.dialect.postgis.PostgisDialectContributor
2026-05-17 15:24:52 [main] INFO  [IP:  | User Name:  | User ID:  |  ] org.hibernate.spatial - HHH80000004: hibernate-spatial adding function contributions from : org.hibernate.spatial.dialect.postgis.PostgisDialectContributor
2026-05-17 15:24:53 [main] INFO  [IP:  | User Name:  | User ID:  |  ] o.h.e.t.j.p.i.JtaPlatformInitiator - HHH000489: No JTA platform available (set 'hibernate.transaction.jta.platform' to enable JTA platform integration)
2026-05-17 15:24:53 [main] INFO  [IP:  | User Name:  | User ID:  |  ] o.s.o.j.LocalContainerEntityManagerFactoryBean - Initialized JPA EntityManagerFactory for persistence unit 'default'
2026-05-17 15:24:53 [main] INFO  [IP:  | User Name:  | User ID:  |  ] o.s.d.j.r.query.QueryEnhancerFactory - Hibernate is in classpath; If applicable, HQL parser will be used.
2026-05-17 15:24:57 [main] INFO  [IP:  | User Name:  | User ID:  |  ] o.s.s.c.a.a.c.InitializeAuthenticationProviderBeanManagerConfigurer$InitializeAuthenticationProviderManagerConfigurer - Global AuthenticationManager configured with AuthenticationProvider bean with name authenticationProvider
2026-05-17 15:24:57 [main] WARN  [IP:  | User Name:  | User ID:  |  ] o.s.s.c.a.a.c.InitializeUserDetailsBeanManagerConfigurer$InitializeUserDetailsManagerConfigurer - Global AuthenticationManager configured with an AuthenticationProvider bean. UserDetailsService beans will not be used by Spring Security for automatically configuring username/password login. Consider removing the AuthenticationProvider bean. Alternatively, consider using the UserDetailsService in a manually instantiated DaoAuthenticationProvider. If the current configuration is intentional, to turn off this warning, increase the logging level of 'org.springframework.security.config.annotation.authentication.configuration.InitializeUserDetailsBeanManagerConfigurer' to ERROR
2026-05-17 15:24:58 [main] INFO  [IP:  | User Name:  | User ID:  |  ] o.a.coyote.http11.Http11NioProtocol - Starting ProtocolHandler ["http-nio-8080"]
2026-05-17 15:24:58 [main] INFO  [IP:  | User Name:  | User ID:  |  ] o.s.b.w.e.tomcat.TomcatWebServer - Tomcat started on port 8080 (http) with context path '/'
2026-05-17 15:24:58 [main] INFO  [IP:  | User Name:  | User ID:  |  ] c.e.e.EventsphereApplication - Started EventsphereApplication in 15.775 seconds (process running for 16.482)
2026-05-17 15:24:59 [main] INFO  [IP:  | User Name:  | User ID:  |  ] c.e.eventsphere.config.AdminConfig - Default Admin already exists. Skipping seeding.
2026-05-17 15:25:11 [http-nio-8080-exec-1] INFO  [IP:  | User Name:  | User ID:  |  ] o.a.c.c.C.[Tomcat].[localhost].[/] - Initializing Spring DispatcherServlet 'dispatcherServlet'
2026-05-17 15:25:11 [http-nio-8080-exec-1] INFO  [IP:  | User Name:  | User ID:  |  ] o.s.web.servlet.DispatcherServlet - Initializing Servlet 'dispatcherServlet'
2026-05-17 15:25:11 [http-nio-8080-exec-1] INFO  [IP:  | User Name:  | User ID:  |  ] o.s.web.servlet.DispatcherServlet - Completed initialization in 2 ms
2026-05-17 15:25:11 [http-nio-8080-exec-1] INFO  [IP: 0:0:0:0:0:0:0:1 | User Name: ali.imran | User ID: 81ca140f-1ec2-4231-b15e-dffd7ec0e491 | PATCH /api/event/configure-landing-page/b0ce73c7-29ed-4c8c-87d0-4ce9ac8d07be] c.e.e.filter.RequestLoggingFilter - Incoming Request
2026-05-17 15:25:13 [http-nio-8080-exec-1] INFO  [IP: 0:0:0:0:0:0:0:1 | User Name: ali.imran | User ID: 81ca140f-1ec2-4231-b15e-dffd7ec0e491 | PATCH /api/event/configure-landing-page/b0ce73c7-29ed-4c8c-87d0-4ce9ac8d07be] c.e.eventsphere.service.EventService - Landing Page configured for Event ID: b0ce73c7-29ed-4c8c-87d0-4ce9ac8d07be
2026-05-17 15:25:14 [http-nio-8080-exec-1] INFO  [IP: 0:0:0:0:0:0:0:1 | User Name: ali.imran | User ID: 81ca140f-1ec2-4231-b15e-dffd7ec0e491 | PATCH /api/event/configure-landing-page/b0ce73c7-29ed-4c8c-87d0-4ce9ac8d07be] c.e.e.filter.RequestLoggingFilter - Completed in 2840 ms with status 200
2026-05-17 15:26:28 [http-nio-8080-exec-3] INFO  [IP: 0:0:0:0:0:0:0:1 | User Name: ali.imran | User ID: 81ca140f-1ec2-4231-b15e-dffd7ec0e491 | GET /api/event/get-landing-page-settings/b0ce73c7-29ed-4c8c-87d0-4ce9ac8d07be] c.e.e.filter.RequestLoggingFilter - Incoming Request
2026-05-17 15:26:30 [http-nio-8080-exec-3] INFO  [IP: 0:0:0:0:0:0:0:1 | User Name: ali.imran | User ID: 81ca140f-1ec2-4231-b15e-dffd7ec0e491 | GET /api/event/get-landing-page-settings/b0ce73c7-29ed-4c8c-87d0-4ce9ac8d07be] c.e.e.filter.RequestLoggingFilter - Completed in 1373 ms with status 200
2026-05-17 15:27:26 [http-nio-8080-exec-4] INFO  [IP: 0:0:0:0:0:0:0:1 | User Name: ali.imran | User ID: 81ca140f-1ec2-4231-b15e-dffd7ec0e491 | POST /api/event/publish/b0ce73c7-29ed-4c8c-87d0-4ce9ac8d07be] c.e.e.filter.RequestLoggingFilter - Incoming Request
2026-05-17 15:27:28 [http-nio-8080-exec-4] INFO  [IP: 0:0:0:0:0:0:0:1 | User Name: ali.imran | User ID: 81ca140f-1ec2-4231-b15e-dffd7ec0e491 | POST /api/event/publish/b0ce73c7-29ed-4c8c-87d0-4ce9ac8d07be] c.e.eventsphere.service.EventService - Event b0ce73c7-29ed-4c8c-87d0-4ce9ac8d07be is now LIVE.
2026-05-17 15:27:28 [http-nio-8080-exec-4] INFO  [IP: 0:0:0:0:0:0:0:1 | User Name: ali.imran | User ID: 81ca140f-1ec2-4231-b15e-dffd7ec0e491 | POST /api/event/publish/b0ce73c7-29ed-4c8c-87d0-4ce9ac8d07be] c.e.e.filter.RequestLoggingFilter - Completed in 1610 ms with status 200
2026-05-17 15:27:36 [http-nio-8080-exec-5] INFO  [IP: 0:0:0:0:0:0:0:1 | User Name: ali.imran | User ID: 81ca140f-1ec2-4231-b15e-dffd7ec0e491 | GET /api/public/get-published-events] c.e.e.filter.RequestLoggingFilter - Incoming Request
2026-05-17 15:27:37 [http-nio-8080-exec-5] INFO  [IP: 0:0:0:0:0:0:0:1 | User Name: ali.imran | User ID: 81ca140f-1ec2-4231-b15e-dffd7ec0e491 | GET /api/public/get-published-events] c.e.e.filter.RequestLoggingFilter - Completed in 394 ms with status 200
2026-05-17 15:27:54 [http-nio-8080-exec-6] INFO  [IP: 0:0:0:0:0:0:0:1 | User Name: ali.imran | User ID: 81ca140f-1ec2-4231-b15e-dffd7ec0e491 | GET /api/public/event/ai-fest-2022] c.e.e.filter.RequestLoggingFilter - Incoming Request
2026-05-17 15:27:55 [http-nio-8080-exec-6] INFO  [IP: 0:0:0:0:0:0:0:1 | User Name: ali.imran | User ID: 81ca140f-1ec2-4231-b15e-dffd7ec0e491 | GET /api/public/event/ai-fest-2022] c.e.e.filter.RequestLoggingFilter - Completed in 1074 ms with status 200
2026-05-17 15:28:42 [http-nio-8080-exec-7] INFO  [IP: 0:0:0:0:0:0:0:1 | User Name: ali.imran | User ID: 81ca140f-1ec2-4231-b15e-dffd7ec0e491 | PATCH /api/event/configure-landing-page/b0ce73c7-29ed-4c8c-87d0-4ce9ac8d07be] c.e.e.filter.RequestLoggingFilter - Incoming Request
2026-05-17 15:28:42 [http-nio-8080-exec-7] WARN  [IP: 0:0:0:0:0:0:0:1 | User Name: ali.imran | User ID: 81ca140f-1ec2-4231-b15e-dffd7ec0e491 | PATCH /api/event/configure-landing-page/b0ce73c7-29ed-4c8c-87d0-4ce9ac8d07be] c.e.e.e.GlobalExceptionHandler - Validation failed at /api/event/configure-landing-page/b0ce73c7-29ed-4c8c-87d0-4ce9ac8d07be: Validation failed for argument [1] in public org.springframework.http.ResponseEntity<com.example.eventsphere.entity.LandingPage> com.example.eventsphere.controller.EventController.configureLandingPageSettings(java.util.UUID,com.example.eventsphere.dto.ConfigureLandingPageRequest): [Field error in object 'configureLandingPageRequest' on field 'slug': rejected value [ai fest 2022]; codes [Pattern.configureLandingPageRequest.slug,Pattern.slug,Pattern.java.lang.String,Pattern]; arguments [org.springframework.context.support.DefaultMessageSourceResolvable: codes [configureLandingPageRequest.slug,slug]; arguments []; default message [slug],[Ljakarta.validation.constraints.Pattern$Flag;@1e78b228,^[a-z0-9-]+$]; default message [Slug can only contain lowercase letters, numbers, and hyphens (e.g., tech-summit-2026)]] 
2026-05-17 15:28:42 [http-nio-8080-exec-7] INFO  [IP: 0:0:0:0:0:0:0:1 | User Name: ali.imran | User ID: 81ca140f-1ec2-4231-b15e-dffd7ec0e491 | PATCH /api/event/configure-landing-page/b0ce73c7-29ed-4c8c-87d0-4ce9ac8d07be] c.e.e.filter.RequestLoggingFilter - Completed in 52 ms with status 400
2026-05-17 15:28:56 [http-nio-8080-exec-8] INFO  [IP: 0:0:0:0:0:0:0:1 | User Name: ali.imran | User ID: 81ca140f-1ec2-4231-b15e-dffd7ec0e491 | PATCH /api/event/configure-landing-page/b0ce73c7-29ed-4c8c-87d0-4ce9ac8d07be] c.e.e.filter.RequestLoggingFilter - Incoming Request
2026-05-17 15:28:57 [http-nio-8080-exec-8] INFO  [IP: 0:0:0:0:0:0:0:1 | User Name: ali.imran | User ID: 81ca140f-1ec2-4231-b15e-dffd7ec0e491 | PATCH /api/event/configure-landing-page/b0ce73c7-29ed-4c8c-87d0-4ce9ac8d07be] c.e.eventsphere.service.EventService - Landing Page configured for Event ID: b0ce73c7-29ed-4c8c-87d0-4ce9ac8d07be
2026-05-17 15:28:57 [http-nio-8080-exec-8] INFO  [IP: 0:0:0:0:0:0:0:1 | User Name: ali.imran | User ID: 81ca140f-1ec2-4231-b15e-dffd7ec0e491 | PATCH /api/event/configure-landing-page/b0ce73c7-29ed-4c8c-87d0-4ce9ac8d07be] c.e.e.filter.RequestLoggingFilter - Completed in 1390 ms with status 200
2026-05-17 15:29:08 [http-nio-8080-exec-9] INFO  [IP: 0:0:0:0:0:0:0:1 | User Name: ali.imran | User ID: 81ca140f-1ec2-4231-b15e-dffd7ec0e491 | GET /api/public/event/ai-fest-2022] c.e.e.filter.RequestLoggingFilter - Incoming Request
2026-05-17 15:29:09 [http-nio-8080-exec-9] WARN  [IP: 0:0:0:0:0:0:0:1 | User Name: ali.imran | User ID: 81ca140f-1ec2-4231-b15e-dffd7ec0e491 | GET /api/public/event/ai-fest-2022] c.e.e.e.GlobalExceptionHandler - Business rule violation at /api/public/event/ai-fest-2022: The requested event page could not be found.
2026-05-17 15:29:09 [http-nio-8080-exec-9] INFO  [IP: 0:0:0:0:0:0:0:1 | User Name: ali.imran | User ID: 81ca140f-1ec2-4231-b15e-dffd7ec0e491 | GET /api/public/event/ai-fest-2022] c.e.e.filter.RequestLoggingFilter - Completed in 345 ms with status 400
2026-05-17 15:29:22 [http-nio-8080-exec-10] INFO  [IP: 0:0:0:0:0:0:0:1 | User Name: ali.imran | User ID: 81ca140f-1ec2-4231-b15e-dffd7ec0e491 | GET /api/public/event/aifest2022] c.e.e.filter.RequestLoggingFilter - Incoming Request
2026-05-17 15:29:23 [http-nio-8080-exec-10] INFO  [IP: 0:0:0:0:0:0:0:1 | User Name: ali.imran | User ID: 81ca140f-1ec2-4231-b15e-dffd7ec0e491 | GET /api/public/event/aifest2022] c.e.e.filter.RequestLoggingFilter - Completed in 1038 ms with status 200
2026-05-17 15:30:53 [http-nio-8080-exec-2] INFO  [IP: 0:0:0:0:0:0:0:1 | User Name: ali.imran | User ID: 81ca140f-1ec2-4231-b15e-dffd7ec0e491 | POST /api/event/unpublish/b0ce73c7-29ed-4c8c-87d0-4ce9ac8d07be] c.e.e.filter.RequestLoggingFilter - Incoming Request
2026-05-17 15:30:53 [http-nio-8080-exec-2] INFO  [IP: 0:0:0:0:0:0:0:1 | User Name: ali.imran | User ID: 81ca140f-1ec2-4231-b15e-dffd7ec0e491 | POST /api/event/unpublish/b0ce73c7-29ed-4c8c-87d0-4ce9ac8d07be] c.e.eventsphere.service.EventService - Event b0ce73c7-29ed-4c8c-87d0-4ce9ac8d07be has been unpublished.
2026-05-17 15:30:54 [http-nio-8080-exec-2] INFO  [IP: 0:0:0:0:0:0:0:1 | User Name: ali.imran | User ID: 81ca140f-1ec2-4231-b15e-dffd7ec0e491 | POST /api/event/unpublish/b0ce73c7-29ed-4c8c-87d0-4ce9ac8d07be] c.e.e.filter.RequestLoggingFilter - Completed in 1055 ms with status 200
2026-05-17 15:31:02 [http-nio-8080-exec-3] INFO  [IP: 0:0:0:0:0:0:0:1 | User Name: ali.imran | User ID: 81ca140f-1ec2-4231-b15e-dffd7ec0e491 | GET /api/public/event/aifest2022] c.e.e.filter.RequestLoggingFilter - Incoming Request
2026-05-17 15:31:02 [http-nio-8080-exec-3] WARN  [IP: 0:0:0:0:0:0:0:1 | User Name: ali.imran | User ID: 81ca140f-1ec2-4231-b15e-dffd7ec0e491 | GET /api/public/event/aifest2022] c.e.e.e.GlobalExceptionHandler - Business rule violation at /api/public/event/aifest2022: This event page is currently a private draft and is not active.
2026-05-17 15:31:02 [http-nio-8080-exec-3] INFO  [IP: 0:0:0:0:0:0:0:1 | User Name: ali.imran | User ID: 81ca140f-1ec2-4231-b15e-dffd7ec0e491 | GET /api/public/event/aifest2022] c.e.e.filter.RequestLoggingFilter - Completed in 702 ms with status 400
2026-05-17 15:31:09 [http-nio-8080-exec-4] INFO  [IP: 0:0:0:0:0:0:0:1 | User Name: ali.imran | User ID: 81ca140f-1ec2-4231-b15e-dffd7ec0e491 | GET /api/public/get-published-events] c.e.e.filter.RequestLoggingFilter - Incoming Request
2026-05-17 15:31:09 [http-nio-8080-exec-4] INFO  [IP: 0:0:0:0:0:0:0:1 | User Name: ali.imran | User ID: 81ca140f-1ec2-4231-b15e-dffd7ec0e491 | GET /api/public/get-published-events] c.e.e.filter.RequestLoggingFilter - Completed in 345 ms with status 200
2026-05-17 15:31:21 [SpringApplicationShutdownHook] INFO  [IP:  | User Name:  | User ID:  |  ] o.s.b.w.e.tomcat.GracefulShutdown - Commencing graceful shutdown. Waiting for active requests to complete
2026-05-17 15:31:22 [tomcat-shutdown] INFO  [IP:  | User Name:  | User ID:  |  ] o.s.b.w.e.tomcat.GracefulShutdown - Graceful shutdown complete
2026-05-17 15:31:22 [SpringApplicationShutdownHook] INFO  [IP:  | User Name:  | User ID:  |  ] o.s.o.j.LocalContainerEntityManagerFactoryBean - Closing JPA EntityManagerFactory for persistence unit 'default'
2026-05-17 15:31:22 [SpringApplicationShutdownHook] INFO  [IP:  | User Name:  | User ID:  |  ] com.zaxxer.hikari.HikariDataSource - HikariPool-1 - Shutdown initiated...
2026-05-17 15:31:22 [SpringApplicationShutdownHook] INFO  [IP:  | User Name:  | User ID:  |  ] com.zaxxer.hikari.HikariDataSource - HikariPool-1 - Shutdown completed.
