2026-05-02 00:03:41 [SpringApplicationShutdownHook] INFO  [IP:  | User Name:  | User ID:  |  ] o.s.b.w.e.tomcat.GracefulShutdown - Commencing graceful shutdown. Waiting for active requests to complete
2026-05-02 00:03:44 [tomcat-shutdown] INFO  [IP:  | User Name:  | User ID:  |  ] o.s.b.w.e.tomcat.GracefulShutdown - Graceful shutdown complete
2026-05-02 00:03:44 [SpringApplicationShutdownHook] INFO  [IP:  | User Name:  | User ID:  |  ] o.s.o.j.LocalContainerEntityManagerFactoryBean - Closing JPA EntityManagerFactory for persistence unit 'default'
2026-05-02 00:03:44 [SpringApplicationShutdownHook] INFO  [IP:  | User Name:  | User ID:  |  ] com.zaxxer.hikari.HikariDataSource - HikariPool-1 - Shutdown initiated...
2026-05-02 00:03:44 [SpringApplicationShutdownHook] INFO  [IP:  | User Name:  | User ID:  |  ] com.zaxxer.hikari.HikariDataSource - HikariPool-1 - Shutdown completed.
2026-05-02 06:02:44 [background-preinit] INFO  [IP:  | User Name:  | User ID:  |  ] o.h.validator.internal.util.Version - HV000001: Hibernate Validator 8.0.3.Final
2026-05-02 06:02:44 [main] INFO  [IP:  | User Name:  | User ID:  |  ] c.e.e.EventsphereApplication - Starting EventsphereApplication using Java 17.0.14 with PID 15624 (D:\SpringBoot\eventsphere\target\classes started by AMU in D:\SpringBoot\eventsphere)
2026-05-02 06:02:44 [main] INFO  [IP:  | User Name:  | User ID:  |  ] c.e.e.EventsphereApplication - No active profile set, falling back to 1 default profile: "default"
2026-05-02 06:02:48 [main] INFO  [IP:  | User Name:  | User ID:  |  ] o.s.d.r.c.RepositoryConfigurationDelegate - Multiple Spring Data modules found, entering strict repository configuration mode
2026-05-02 06:02:48 [main] INFO  [IP:  | User Name:  | User ID:  |  ] o.s.d.r.c.RepositoryConfigurationDelegate - Bootstrapping Spring Data JPA repositories in DEFAULT mode.
2026-05-02 06:02:49 [main] INFO  [IP:  | User Name:  | User ID:  |  ] o.s.d.r.c.RepositoryConfigurationDelegate - Finished Spring Data repository scanning in 462 ms. Found 4 JPA repository interfaces.
2026-05-02 06:02:49 [main] INFO  [IP:  | User Name:  | User ID:  |  ] o.s.d.r.c.RepositoryConfigurationDelegate - Multiple Spring Data modules found, entering strict repository configuration mode
2026-05-02 06:02:49 [main] INFO  [IP:  | User Name:  | User ID:  |  ] o.s.d.r.c.RepositoryConfigurationDelegate - Bootstrapping Spring Data Redis repositories in DEFAULT mode.
2026-05-02 06:02:49 [main] INFO  [IP:  | User Name:  | User ID:  |  ] o.s.d.r.c.RepositoryConfigurationExtensionSupport - Spring Data Redis - Could not safely identify store assignment for repository candidate interface com.example.eventsphere.repository.CategoryRepository; If you want this repository to be a Redis repository, consider annotating your entities with one of these annotations: org.springframework.data.redis.core.RedisHash (preferred), or consider extending one of the following types with your repository: org.springframework.data.keyvalue.repository.KeyValueRepository
2026-05-02 06:02:49 [main] INFO  [IP:  | User Name:  | User ID:  |  ] o.s.d.r.c.RepositoryConfigurationExtensionSupport - Spring Data Redis - Could not safely identify store assignment for repository candidate interface com.example.eventsphere.repository.EventRepository; If you want this repository to be a Redis repository, consider annotating your entities with one of these annotations: org.springframework.data.redis.core.RedisHash (preferred), or consider extending one of the following types with your repository: org.springframework.data.keyvalue.repository.KeyValueRepository
2026-05-02 06:02:49 [main] INFO  [IP:  | User Name:  | User ID:  |  ] o.s.d.r.c.RepositoryConfigurationExtensionSupport - Spring Data Redis - Could not safely identify store assignment for repository candidate interface com.example.eventsphere.repository.UserRepository; If you want this repository to be a Redis repository, consider annotating your entities with one of these annotations: org.springframework.data.redis.core.RedisHash (preferred), or consider extending one of the following types with your repository: org.springframework.data.keyvalue.repository.KeyValueRepository
2026-05-02 06:02:49 [main] INFO  [IP:  | User Name:  | User ID:  |  ] o.s.d.r.c.RepositoryConfigurationExtensionSupport - Spring Data Redis - Could not safely identify store assignment for repository candidate interface com.example.eventsphere.repository.WorkspaceRepository; If you want this repository to be a Redis repository, consider annotating your entities with one of these annotations: org.springframework.data.redis.core.RedisHash (preferred), or consider extending one of the following types with your repository: org.springframework.data.keyvalue.repository.KeyValueRepository
2026-05-02 06:02:49 [main] INFO  [IP:  | User Name:  | User ID:  |  ] o.s.d.r.c.RepositoryConfigurationDelegate - Finished Spring Data repository scanning in 33 ms. Found 0 Redis repository interfaces.
2026-05-02 06:02:51 [main] INFO  [IP:  | User Name:  | User ID:  |  ] o.s.b.w.e.tomcat.TomcatWebServer - Tomcat initialized with port 8080 (http)
2026-05-02 06:02:51 [main] INFO  [IP:  | User Name:  | User ID:  |  ] o.a.coyote.http11.Http11NioProtocol - Initializing ProtocolHandler ["http-nio-8080"]
2026-05-02 06:02:51 [main] INFO  [IP:  | User Name:  | User ID:  |  ] o.a.catalina.core.StandardService - Starting service [Tomcat]
2026-05-02 06:02:51 [main] INFO  [IP:  | User Name:  | User ID:  |  ] o.a.catalina.core.StandardEngine - Starting Servlet engine: [Apache Tomcat/10.1.53]
2026-05-02 06:02:51 [main] INFO  [IP:  | User Name:  | User ID:  |  ] o.a.c.c.C.[Tomcat].[localhost].[/] - Initializing Spring embedded WebApplicationContext
2026-05-02 06:02:51 [main] INFO  [IP:  | User Name:  | User ID:  |  ] o.s.b.w.s.c.ServletWebServerApplicationContext - Root WebApplicationContext: initialization completed in 7061 ms
2026-05-02 06:02:52 [main] INFO  [IP:  | User Name:  | User ID:  |  ] o.h.jpa.internal.util.LogHelper - HHH000204: Processing PersistenceUnitInfo [name: default]
2026-05-02 06:02:53 [main] INFO  [IP:  | User Name:  | User ID:  |  ] org.hibernate.Version - HHH000412: Hibernate ORM core version 6.6.45.Final
2026-05-02 06:02:53 [main] INFO  [IP:  | User Name:  | User ID:  |  ] o.h.s.integration.SpatialService - HHH80000001: hibernate-spatial integration enabled : true
2026-05-02 06:02:53 [main] INFO  [IP:  | User Name:  | User ID:  |  ] o.h.c.i.RegionFactoryInitiator - HHH000026: Second-level cache disabled
2026-05-02 06:02:53 [main] INFO  [IP:  | User Name:  | User ID:  |  ] com.zaxxer.hikari.HikariDataSource - HikariPool-1 - Starting...
2026-05-02 06:02:56 [main] INFO  [IP:  | User Name:  | User ID:  |  ] com.zaxxer.hikari.pool.HikariPool - HikariPool-1 - Added connection org.postgresql.jdbc.PgConnection@3e2772a9
2026-05-02 06:02:56 [main] INFO  [IP:  | User Name:  | User ID:  |  ] com.zaxxer.hikari.HikariDataSource - HikariPool-1 - Start completed.
2026-05-02 06:02:56 [main] WARN  [IP:  | User Name:  | User ID:  |  ] org.hibernate.orm.deprecation - HHH90000025: PostgreSQLDialect does not need to be specified explicitly using 'hibernate.dialect' (remove the property setting and it will be selected by default)
2026-05-02 06:02:57 [main] INFO  [IP:  | User Name:  | User ID:  |  ] o.hibernate.orm.connections.pooling - HHH10001005: Database info:
	Database JDBC URL [Connecting through datasource 'HikariDataSource (HikariPool-1)']
	Database driver: undefined/unknown
	Database version: 17.6
	Autocommit mode: undefined/unknown
	Isolation level: undefined/unknown
	Minimum pool size: undefined/unknown
	Maximum pool size: undefined/unknown
2026-05-02 06:02:57 [main] INFO  [IP:  | User Name:  | User ID:  |  ] org.hibernate.spatial - HHH80000003: hibernate-spatial adding type contributions from : org.hibernate.spatial.dialect.postgis.PostgisDialectContributor
2026-05-02 06:02:58 [main] INFO  [IP:  | User Name:  | User ID:  |  ] o.s.o.j.p.SpringPersistenceUnitInfo - No LoadTimeWeaver setup: ignoring JPA class transformer
2026-05-02 06:02:58 [main] INFO  [IP:  | User Name:  | User ID:  |  ] org.hibernate.spatial - HHH80000003: hibernate-spatial adding type contributions from : org.hibernate.spatial.dialect.postgis.PostgisDialectContributor
2026-05-02 06:02:59 [main] INFO  [IP:  | User Name:  | User ID:  |  ] org.hibernate.spatial - HHH80000004: hibernate-spatial adding function contributions from : org.hibernate.spatial.dialect.postgis.PostgisDialectContributor
2026-05-02 06:03:00 [main] INFO  [IP:  | User Name:  | User ID:  |  ] o.h.e.t.j.p.i.JtaPlatformInitiator - HHH000489: No JTA platform available (set 'hibernate.transaction.jta.platform' to enable JTA platform integration)
2026-05-02 06:03:00 [main] INFO  [IP:  | User Name:  | User ID:  |  ] o.s.o.j.LocalContainerEntityManagerFactoryBean - Initialized JPA EntityManagerFactory for persistence unit 'default'
2026-05-02 06:03:01 [main] INFO  [IP:  | User Name:  | User ID:  |  ] o.s.d.j.r.query.QueryEnhancerFactory - Hibernate is in classpath; If applicable, HQL parser will be used.
2026-05-02 06:03:17 [main] INFO  [IP:  | User Name:  | User ID:  |  ] o.s.s.c.a.a.c.InitializeAuthenticationProviderBeanManagerConfigurer$InitializeAuthenticationProviderManagerConfigurer - Global AuthenticationManager configured with AuthenticationProvider bean with name authenticationProvider
2026-05-02 06:03:17 [main] WARN  [IP:  | User Name:  | User ID:  |  ] o.s.s.c.a.a.c.InitializeUserDetailsBeanManagerConfigurer$InitializeUserDetailsManagerConfigurer - Global AuthenticationManager configured with an AuthenticationProvider bean. UserDetailsService beans will not be used by Spring Security for automatically configuring username/password login. Consider removing the AuthenticationProvider bean. Alternatively, consider using the UserDetailsService in a manually instantiated DaoAuthenticationProvider. If the current configuration is intentional, to turn off this warning, increase the logging level of 'org.springframework.security.config.annotation.authentication.configuration.InitializeUserDetailsBeanManagerConfigurer' to ERROR
2026-05-02 06:03:21 [main] INFO  [IP:  | User Name:  | User ID:  |  ] o.a.coyote.http11.Http11NioProtocol - Starting ProtocolHandler ["http-nio-8080"]
2026-05-02 06:03:21 [main] INFO  [IP:  | User Name:  | User ID:  |  ] o.s.b.w.e.tomcat.TomcatWebServer - Tomcat started on port 8080 (http) with context path '/'
2026-05-02 06:03:21 [main] INFO  [IP:  | User Name:  | User ID:  |  ] c.e.e.EventsphereApplication - Started EventsphereApplication in 38.834 seconds (process running for 40.788)
2026-05-02 06:03:22 [main] INFO  [IP:  | User Name:  | User ID:  |  ] c.e.eventsphere.config.AdminConfig - Default Admin already exists. Skipping seeding.
2026-05-02 06:04:33 [http-nio-8080-exec-1] INFO  [IP:  | User Name:  | User ID:  |  ] o.a.c.c.C.[Tomcat].[localhost].[/] - Initializing Spring DispatcherServlet 'dispatcherServlet'
2026-05-02 06:04:33 [http-nio-8080-exec-1] INFO  [IP:  | User Name:  | User ID:  |  ] o.s.web.servlet.DispatcherServlet - Initializing Servlet 'dispatcherServlet'
2026-05-02 06:04:33 [http-nio-8080-exec-1] INFO  [IP:  | User Name:  | User ID:  |  ] o.s.web.servlet.DispatcherServlet - Completed initialization in 3 ms
2026-05-02 06:04:33 [http-nio-8080-exec-1] INFO  [IP: 0:0:0:0:0:0:0:1 | User Name: anonymous_user | User ID: anonymous_id | GET /swagger-ui/index.html] c.e.e.filter.RequestLoggingFilter - Incoming Request
2026-05-02 06:04:33 [http-nio-8080-exec-1] INFO  [IP: 0:0:0:0:0:0:0:1 | User Name: anonymous_user | User ID: anonymous_id | GET /swagger-ui/index.html] c.e.e.filter.RequestLoggingFilter - Completed in 81 ms with status 200
2026-05-02 06:04:33 [http-nio-8080-exec-2] INFO  [IP: 0:0:0:0:0:0:0:1 | User Name: anonymous_user | User ID: anonymous_id | GET /swagger-ui/swagger-ui.css] c.e.e.filter.RequestLoggingFilter - Incoming Request
2026-05-02 06:04:33 [http-nio-8080-exec-3] INFO  [IP: 0:0:0:0:0:0:0:1 | User Name: anonymous_user | User ID: anonymous_id | GET /swagger-ui/index.css] c.e.e.filter.RequestLoggingFilter - Incoming Request
2026-05-02 06:04:33 [http-nio-8080-exec-3] INFO  [IP: 0:0:0:0:0:0:0:1 | User Name: anonymous_user | User ID: anonymous_id | GET /swagger-ui/index.css] c.e.e.filter.RequestLoggingFilter - Completed in 17 ms with status 200
2026-05-02 06:04:33 [http-nio-8080-exec-2] INFO  [IP: 0:0:0:0:0:0:0:1 | User Name: anonymous_user | User ID: anonymous_id | GET /swagger-ui/swagger-ui.css] c.e.e.filter.RequestLoggingFilter - Completed in 36 ms with status 200
2026-05-02 06:04:33 [http-nio-8080-exec-4] INFO  [IP: 0:0:0:0:0:0:0:1 | User Name: anonymous_user | User ID: anonymous_id | GET /swagger-ui/swagger-ui-bundle.js] c.e.e.filter.RequestLoggingFilter - Incoming Request
2026-05-02 06:04:33 [http-nio-8080-exec-5] INFO  [IP: 0:0:0:0:0:0:0:1 | User Name: anonymous_user | User ID: anonymous_id | GET /swagger-ui/swagger-ui-standalone-preset.js] c.e.e.filter.RequestLoggingFilter - Incoming Request
2026-05-02 06:04:33 [http-nio-8080-exec-6] INFO  [IP: 0:0:0:0:0:0:0:1 | User Name: anonymous_user | User ID: anonymous_id | GET /swagger-ui/swagger-initializer.js] c.e.e.filter.RequestLoggingFilter - Incoming Request
2026-05-02 06:04:33 [http-nio-8080-exec-5] INFO  [IP: 0:0:0:0:0:0:0:1 | User Name: anonymous_user | User ID: anonymous_id | GET /swagger-ui/swagger-ui-standalone-preset.js] c.e.e.filter.RequestLoggingFilter - Completed in 46 ms with status 200
2026-05-02 06:04:33 [http-nio-8080-exec-4] INFO  [IP: 0:0:0:0:0:0:0:1 | User Name: anonymous_user | User ID: anonymous_id | GET /swagger-ui/swagger-ui-bundle.js] c.e.e.filter.RequestLoggingFilter - Completed in 170 ms with status 200
2026-05-02 06:04:33 [http-nio-8080-exec-6] INFO  [IP: 0:0:0:0:0:0:0:1 | User Name: anonymous_user | User ID: anonymous_id | GET /swagger-ui/swagger-initializer.js] c.e.e.filter.RequestLoggingFilter - Completed in 189 ms with status 200
2026-05-02 06:04:34 [http-nio-8080-exec-7] INFO  [IP: 0:0:0:0:0:0:0:1 | User Name: anonymous_user | User ID: anonymous_id | GET /v3/api-docs/swagger-config] c.e.e.filter.RequestLoggingFilter - Incoming Request
2026-05-02 06:04:34 [http-nio-8080-exec-7] INFO  [IP: 0:0:0:0:0:0:0:1 | User Name: anonymous_user | User ID: anonymous_id | GET /v3/api-docs/swagger-config] c.e.e.filter.RequestLoggingFilter - Completed in 152 ms with status 200
2026-05-02 06:04:34 [http-nio-8080-exec-8] INFO  [IP: 0:0:0:0:0:0:0:1 | User Name: anonymous_user | User ID: anonymous_id | GET /v3/api-docs] c.e.e.filter.RequestLoggingFilter - Incoming Request
2026-05-02 06:04:38 [http-nio-8080-exec-8] INFO  [IP: 0:0:0:0:0:0:0:1 | User Name: anonymous_user | User ID: anonymous_id | GET /v3/api-docs] o.s.api.AbstractOpenApiResource - Init duration for springdoc-openapi is: 3964 ms
2026-05-02 06:04:38 [http-nio-8080-exec-8] INFO  [IP: 0:0:0:0:0:0:0:1 | User Name: anonymous_user | User ID: anonymous_id | GET /v3/api-docs] c.e.e.filter.RequestLoggingFilter - Completed in 4182 ms with status 200
2026-05-02 06:05:49 [http-nio-8080-exec-2] INFO  [IP: 0:0:0:0:0:0:0:1 | User Name: anonymous_user | User ID: anonymous_id | POST /api/auth/signup/initiate] c.e.e.filter.RequestLoggingFilter - Incoming Request
2026-05-02 06:05:51 [http-nio-8080-exec-2] WARN  [IP: 0:0:0:0:0:0:0:1 | User Name: anonymous_user | User ID: anonymous_id | POST /api/auth/signup/initiate] c.e.e.e.GlobalExceptionHandler - Business rule violation at /api/auth/signup/initiate: Unable to connect to Redis
2026-05-02 06:05:51 [http-nio-8080-exec-2] INFO  [IP: 0:0:0:0:0:0:0:1 | User Name: anonymous_user | User ID: anonymous_id | POST /api/auth/signup/initiate] c.e.e.filter.RequestLoggingFilter - Completed in 2521 ms with status 400
2026-05-02 06:06:32 [http-nio-8080-exec-5] INFO  [IP: 0:0:0:0:0:0:0:1 | User Name: anonymous_user | User ID: anonymous_id | POST /api/auth/signup/initiate] c.e.e.filter.RequestLoggingFilter - Incoming Request
2026-05-02 06:06:33 [http-nio-8080-exec-5] INFO  [IP: 0:0:0:0:0:0:0:1 | User Name: anonymous_user | User ID: anonymous_id | POST /api/auth/signup/initiate] c.e.eventsphere.service.OtpService - Generated new OTP for sovafa7370@inreur.com, expires in 10 minutes
2026-05-02 06:06:42 [http-nio-8080-exec-5] ERROR [IP: 0:0:0:0:0:0:0:1 | User Name: anonymous_user | User ID: anonymous_id | POST /api/auth/signup/initiate] c.e.eventsphere.service.EmailService - Failed to send OTP email to sovafa7370@inreur.com
org.springframework.mail.MailSendException: Failed messages: org.eclipse.angus.mail.smtp.SMTPSendFailedException: 553 5.7.1 <AMU@DESKTOP-ABJ4OFS.mshome.net>: Sender address rejected: not owned by user noreply@eventsphere.tech
;
  nested exception is:
	org.eclipse.angus.mail.smtp.SMTPSenderFailedException: 553 5.7.1 <AMU@DESKTOP-ABJ4OFS.mshome.net>: Sender address rejected: not owned by user noreply@eventsphere.tech
; message exceptions (1) are:
Failed message 1: org.eclipse.angus.mail.smtp.SMTPSendFailedException: 553 5.7.1 <AMU@DESKTOP-ABJ4OFS.mshome.net>: Sender address rejected: not owned by user noreply@eventsphere.tech
;
  nested exception is:
	org.eclipse.angus.mail.smtp.SMTPSenderFailedException: 553 5.7.1 <AMU@DESKTOP-ABJ4OFS.mshome.net>: Sender address rejected: not owned by user noreply@eventsphere.tech

	at org.springframework.mail.javamail.JavaMailSenderImpl.doSend(JavaMailSenderImpl.java:453)
	at org.springframework.mail.javamail.JavaMailSenderImpl.send(JavaMailSenderImpl.java:317)
	at org.springframework.mail.MailSender.send(MailSender.java:42)
	at com.example.eventsphere.service.EmailService.sendOtpEmail(EmailService.java:29)
	at com.example.eventsphere.service.AuthService.initiateSignup(AuthService.java:114)
	at com.example.eventsphere.controller.AuthController.initiateSignup(AuthController.java:49)
	at java.base/jdk.internal.reflect.NativeMethodAccessorImpl.invoke0(Native Method)
	at java.base/jdk.internal.reflect.NativeMethodAccessorImpl.invoke(NativeMethodAccessorImpl.java:77)
	at java.base/jdk.internal.reflect.DelegatingMethodAccessorImpl.invoke(DelegatingMethodAccessorImpl.java:43)
	at java.base/java.lang.reflect.Method.invoke(Method.java:569)
	at org.springframework.web.method.support.InvocableHandlerMethod.doInvoke(InvocableHandlerMethod.java:258)
	at org.springframework.web.method.support.InvocableHandlerMethod.invokeForRequest(InvocableHandlerMethod.java:191)
	at org.springframework.web.servlet.mvc.method.annotation.ServletInvocableHandlerMethod.invokeAndHandle(ServletInvocableHandlerMethod.java:118)
	at org.springframework.web.servlet.mvc.method.annotation.RequestMappingHandlerAdapter.invokeHandlerMethod(RequestMappingHandlerAdapter.java:991)
	at org.springframework.web.servlet.mvc.method.annotation.RequestMappingHandlerAdapter.handleInternal(RequestMappingHandlerAdapter.java:896)
	at org.springframework.web.servlet.mvc.method.AbstractHandlerMethodAdapter.handle(AbstractHandlerMethodAdapter.java:87)
	at org.springframework.web.servlet.DispatcherServlet.doDispatch(DispatcherServlet.java:1089)
	at org.springframework.web.servlet.DispatcherServlet.doService(DispatcherServlet.java:979)
	at org.springframework.web.servlet.FrameworkServlet.processRequest(FrameworkServlet.java:1014)
	at org.springframework.web.servlet.FrameworkServlet.doPost(FrameworkServlet.java:914)
	at jakarta.servlet.http.HttpServlet.service(HttpServlet.java:590)
	at org.springframework.web.servlet.FrameworkServlet.service(FrameworkServlet.java:885)
	at jakarta.servlet.http.HttpServlet.service(HttpServlet.java:658)
	at org.apache.catalina.core.ApplicationFilterChain.internalDoFilter(ApplicationFilterChain.java:193)
	at org.apache.catalina.core.ApplicationFilterChain.doFilter(ApplicationFilterChain.java:138)
	at org.apache.tomcat.websocket.server.WsFilter.doFilter(WsFilter.java:51)
	at org.apache.catalina.core.ApplicationFilterChain.internalDoFilter(ApplicationFilterChain.java:162)
	at org.apache.catalina.core.ApplicationFilterChain.doFilter(ApplicationFilterChain.java:138)
	at org.springframework.web.filter.OncePerRequestFilter.doFilter(OncePerRequestFilter.java:110)
	at org.apache.catalina.core.ApplicationFilterChain.internalDoFilter(ApplicationFilterChain.java:162)
	at org.apache.catalina.core.ApplicationFilterChain.doFilter(ApplicationFilterChain.java:138)
	at org.springframework.web.filter.OncePerRequestFilter.doFilter(OncePerRequestFilter.java:110)
	at org.apache.catalina.core.ApplicationFilterChain.internalDoFilter(ApplicationFilterChain.java:162)
	at org.apache.catalina.core.ApplicationFilterChain.doFilter(ApplicationFilterChain.java:138)
	at org.springframework.web.filter.CompositeFilter$VirtualFilterChain.doFilter(CompositeFilter.java:108)
	at org.springframework.web.filter.CompositeFilter$VirtualFilterChain.doFilter(CompositeFilter.java:108)
	at org.springframework.security.web.FilterChainProxy.lambda$doFilterInternal$3(FilterChainProxy.java:231)
	at org.springframework.security.web.FilterChainProxy$VirtualFilterChain.doFilter(FilterChainProxy.java:365)
	at org.springframework.security.web.access.intercept.AuthorizationFilter.doFilter(AuthorizationFilter.java:101)
	at org.springframework.security.web.FilterChainProxy$VirtualFilterChain.doFilter(FilterChainProxy.java:374)
	at org.springframework.security.web.access.ExceptionTranslationFilter.doFilter(ExceptionTranslationFilter.java:125)
	at org.springframework.security.web.access.ExceptionTranslationFilter.doFilter(ExceptionTranslationFilter.java:119)
	at org.springframework.security.web.FilterChainProxy$VirtualFilterChain.doFilter(FilterChainProxy.java:374)
	at org.springframework.security.web.session.SessionManagementFilter.doFilter(SessionManagementFilter.java:131)
	at org.springframework.security.web.session.SessionManagementFilter.doFilter(SessionManagementFilter.java:85)
	at org.springframework.security.web.FilterChainProxy$VirtualFilterChain.doFilter(FilterChainProxy.java:374)
	at org.springframework.security.web.authentication.AnonymousAuthenticationFilter.doFilter(AnonymousAuthenticationFilter.java:100)
	at org.springframework.security.web.FilterChainProxy$VirtualFilterChain.doFilter(FilterChainProxy.java:374)
	at org.springframework.security.web.servletapi.SecurityContextHolderAwareRequestFilter.doFilter(SecurityContextHolderAwareRequestFilter.java:179)
	at org.springframework.security.web.FilterChainProxy$VirtualFilterChain.doFilter(FilterChainProxy.java:374)
	at org.springframework.security.web.savedrequest.RequestCacheAwareFilter.doFilter(RequestCacheAwareFilter.java:63)
	at org.springframework.security.web.FilterChainProxy$VirtualFilterChain.doFilter(FilterChainProxy.java:374)
	at com.example.eventsphere.filter.RequestLoggingFilter.doFilterInternal(RequestLoggingFilter.java:63)
	at org.springframework.web.filter.OncePerRequestFilter.doFilter(OncePerRequestFilter.java:116)
	at org.springframework.security.web.FilterChainProxy$VirtualFilterChain.doFilter(FilterChainProxy.java:374)
	at com.example.eventsphere.filter.JwtAuthenticationFilter.doFilterInternal(JwtAuthenticationFilter.java:66)
	at org.springframework.web.filter.OncePerRequestFilter.doFilter(OncePerRequestFilter.java:116)
	at org.springframework.security.web.FilterChainProxy$VirtualFilterChain.doFilter(FilterChainProxy.java:374)
	at org.springframework.security.web.authentication.logout.LogoutFilter.doFilter(LogoutFilter.java:107)
	at org.springframework.security.web.authentication.logout.LogoutFilter.doFilter(LogoutFilter.java:93)
	at org.springframework.security.web.FilterChainProxy$VirtualFilterChain.doFilter(FilterChainProxy.java:374)
	at org.springframework.web.filter.CorsFilter.doFilterInternal(CorsFilter.java:91)
	at org.springframework.web.filter.OncePerRequestFilter.doFilter(OncePerRequestFilter.java:116)
	at org.springframework.security.web.FilterChainProxy$VirtualFilterChain.doFilter(FilterChainProxy.java:374)
	at org.springframework.security.web.header.HeaderWriterFilter.doHeadersAfter(HeaderWriterFilter.java:90)
	at org.springframework.security.web.header.HeaderWriterFilter.doFilterInternal(HeaderWriterFilter.java:75)
	at org.springframework.web.filter.OncePerRequestFilter.doFilter(OncePerRequestFilter.java:116)
	at org.springframework.security.web.FilterChainProxy$VirtualFilterChain.doFilter(FilterChainProxy.java:374)
	at org.springframework.security.web.context.SecurityContextHolderFilter.doFilter(SecurityContextHolderFilter.java:82)
	at org.springframework.security.web.context.SecurityContextHolderFilter.doFilter(SecurityContextHolderFilter.java:69)
	at org.springframework.security.web.FilterChainProxy$VirtualFilterChain.doFilter(FilterChainProxy.java:374)
	at org.springframework.security.web.context.request.async.WebAsyncManagerIntegrationFilter.doFilterInternal(WebAsyncManagerIntegrationFilter.java:62)
	at org.springframework.web.filter.OncePerRequestFilter.doFilter(OncePerRequestFilter.java:116)
	at org.springframework.security.web.FilterChainProxy$VirtualFilterChain.doFilter(FilterChainProxy.java:374)
	at org.springframework.security.web.session.DisableEncodeUrlFilter.doFilterInternal(DisableEncodeUrlFilter.java:42)
	at org.springframework.web.filter.OncePerRequestFilter.doFilter(OncePerRequestFilter.java:116)
	at org.springframework.security.web.FilterChainProxy$VirtualFilterChain.doFilter(FilterChainProxy.java:374)
	at org.springframework.security.web.FilterChainProxy.doFilterInternal(FilterChainProxy.java:233)
	at org.springframework.security.web.FilterChainProxy.doFilter(FilterChainProxy.java:191)
	at org.springframework.web.filter.CompositeFilter$VirtualFilterChain.doFilter(CompositeFilter.java:113)
	at org.springframework.web.filter.ServletRequestPathFilter.doFilter(ServletRequestPathFilter.java:52)
	at org.springframework.web.filter.CompositeFilter$VirtualFilterChain.doFilter(CompositeFilter.java:113)
	at org.springframework.web.filter.CompositeFilter.doFilter(CompositeFilter.java:74)
	at org.springframework.security.config.annotation.web.configuration.WebSecurityConfiguration$CompositeFilterChainProxy.doFilter(WebSecurityConfiguration.java:319)
	at org.springframework.web.filter.CompositeFilter$VirtualFilterChain.doFilter(CompositeFilter.java:113)
	at org.springframework.web.servlet.handler.HandlerMappingIntrospector.lambda$createCacheFilter$4(HandlerMappingIntrospector.java:267)
	at org.springframework.web.filter.CompositeFilter$VirtualFilterChain.doFilter(CompositeFilter.java:113)
	at org.springframework.web.filter.CompositeFilter.doFilter(CompositeFilter.java:74)
	at org.springframework.security.config.annotation.web.configuration.WebMvcSecurityConfiguration$CompositeFilterChainProxy.doFilter(WebMvcSecurityConfiguration.java:240)
	at org.springframework.web.filter.DelegatingFilterProxy.invokeDelegate(DelegatingFilterProxy.java:362)
	at org.springframework.web.filter.DelegatingFilterProxy.doFilter(DelegatingFilterProxy.java:278)
	at org.apache.catalina.core.ApplicationFilterChain.internalDoFilter(ApplicationFilterChain.java:162)
	at org.apache.catalina.core.ApplicationFilterChain.doFilter(ApplicationFilterChain.java:138)
	at org.springframework.web.filter.RequestContextFilter.doFilterInternal(RequestContextFilter.java:100)
	at org.springframework.web.filter.OncePerRequestFilter.doFilter(OncePerRequestFilter.java:116)
	at org.apache.catalina.core.ApplicationFilterChain.internalDoFilter(ApplicationFilterChain.java:162)
	at org.apache.catalina.core.ApplicationFilterChain.doFilter(ApplicationFilterChain.java:138)
	at org.springframework.web.filter.FormContentFilter.doFilterInternal(FormContentFilter.java:93)
	at org.springframework.web.filter.OncePerRequestFilter.doFilter(OncePerRequestFilter.java:116)
	at org.apache.catalina.core.ApplicationFilterChain.internalDoFilter(ApplicationFilterChain.java:162)
	at org.apache.catalina.core.ApplicationFilterChain.doFilter(ApplicationFilterChain.java:138)
	at org.springframework.web.filter.CharacterEncodingFilter.doFilterInternal(CharacterEncodingFilter.java:201)
	at org.springframework.web.filter.OncePerRequestFilter.doFilter(OncePerRequestFilter.java:116)
	at org.apache.catalina.core.ApplicationFilterChain.internalDoFilter(ApplicationFilterChain.java:162)
	at org.apache.catalina.core.ApplicationFilterChain.doFilter(ApplicationFilterChain.java:138)
	at org.apache.catalina.core.StandardWrapperValve.invoke(StandardWrapperValve.java:165)
	at org.apache.catalina.core.StandardContextValve.invoke(StandardContextValve.java:88)
	at org.apache.catalina.authenticator.AuthenticatorBase.invoke(AuthenticatorBase.java:492)
	at org.apache.catalina.core.StandardHostValve.invoke(StandardHostValve.java:113)
	at org.apache.catalina.valves.ErrorReportValve.invoke(ErrorReportValve.java:83)
	at org.apache.catalina.core.StandardEngineValve.invoke(StandardEngineValve.java:72)
	at org.apache.catalina.connector.CoyoteAdapter.service(CoyoteAdapter.java:342)
	at org.apache.coyote.http11.Http11Processor.service(Http11Processor.java:399)
	at org.apache.coyote.AbstractProcessorLight.process(AbstractProcessorLight.java:63)
	at org.apache.coyote.AbstractProtocol$ConnectionHandler.process(AbstractProtocol.java:903)
	at org.apache.tomcat.util.net.NioEndpoint$SocketProcessor.doRun(NioEndpoint.java:1775)
	at org.apache.tomcat.util.net.SocketProcessorBase.run(SocketProcessorBase.java:52)
	at org.apache.tomcat.util.threads.ThreadPoolExecutor.runWorker(ThreadPoolExecutor.java:973)
	at org.apache.tomcat.util.threads.ThreadPoolExecutor$Worker.run(ThreadPoolExecutor.java:491)
	at org.apache.tomcat.util.threads.TaskThread$WrappingRunnable.run(TaskThread.java:63)
	at java.base/java.lang.Thread.run(Thread.java:840)
2026-05-02 06:06:42 [http-nio-8080-exec-5] WARN  [IP: 0:0:0:0:0:0:0:1 | User Name: anonymous_user | User ID: anonymous_id | POST /api/auth/signup/initiate] c.e.e.e.GlobalExceptionHandler - Business rule violation at /api/auth/signup/initiate: Could not send verification email. Please check your email settings.
2026-05-02 06:06:42 [http-nio-8080-exec-5] INFO  [IP: 0:0:0:0:0:0:0:1 | User Name: anonymous_user | User ID: anonymous_id | POST /api/auth/signup/initiate] c.e.e.filter.RequestLoggingFilter - Completed in 9272 ms with status 400
2026-05-02 06:10:33 [SpringApplicationShutdownHook] INFO  [IP:  | User Name:  | User ID:  |  ] o.s.b.w.e.tomcat.GracefulShutdown - Commencing graceful shutdown. Waiting for active requests to complete
2026-05-02 06:10:34 [tomcat-shutdown] INFO  [IP:  | User Name:  | User ID:  |  ] o.s.b.w.e.tomcat.GracefulShutdown - Graceful shutdown complete
2026-05-02 06:10:34 [SpringApplicationShutdownHook] INFO  [IP:  | User Name:  | User ID:  |  ] o.s.o.j.LocalContainerEntityManagerFactoryBean - Closing JPA EntityManagerFactory for persistence unit 'default'
2026-05-02 06:10:34 [SpringApplicationShutdownHook] INFO  [IP:  | User Name:  | User ID:  |  ] com.zaxxer.hikari.HikariDataSource - HikariPool-1 - Shutdown initiated...
2026-05-02 06:10:34 [SpringApplicationShutdownHook] INFO  [IP:  | User Name:  | User ID:  |  ] com.zaxxer.hikari.HikariDataSource - HikariPool-1 - Shutdown completed.
2026-05-02 06:11:21 [background-preinit] INFO  [IP:  | User Name:  | User ID:  |  ] o.h.validator.internal.util.Version - HV000001: Hibernate Validator 8.0.3.Final
2026-05-02 06:11:21 [main] INFO  [IP:  | User Name:  | User ID:  |  ] c.e.e.EventsphereApplication - Starting EventsphereApplication using Java 17.0.14 with PID 16952 (D:\SpringBoot\eventsphere\target\classes started by AMU in D:\SpringBoot\eventsphere)
2026-05-02 06:11:21 [main] INFO  [IP:  | User Name:  | User ID:  |  ] c.e.e.EventsphereApplication - No active profile set, falling back to 1 default profile: "default"
2026-05-02 06:11:25 [main] INFO  [IP:  | User Name:  | User ID:  |  ] o.s.d.r.c.RepositoryConfigurationDelegate - Multiple Spring Data modules found, entering strict repository configuration mode
2026-05-02 06:11:25 [main] INFO  [IP:  | User Name:  | User ID:  |  ] o.s.d.r.c.RepositoryConfigurationDelegate - Bootstrapping Spring Data JPA repositories in DEFAULT mode.
2026-05-02 06:11:26 [main] INFO  [IP:  | User Name:  | User ID:  |  ] o.s.d.r.c.RepositoryConfigurationDelegate - Finished Spring Data repository scanning in 485 ms. Found 4 JPA repository interfaces.
2026-05-02 06:11:26 [main] INFO  [IP:  | User Name:  | User ID:  |  ] o.s.d.r.c.RepositoryConfigurationDelegate - Multiple Spring Data modules found, entering strict repository configuration mode
2026-05-02 06:11:26 [main] INFO  [IP:  | User Name:  | User ID:  |  ] o.s.d.r.c.RepositoryConfigurationDelegate - Bootstrapping Spring Data Redis repositories in DEFAULT mode.
2026-05-02 06:11:26 [main] INFO  [IP:  | User Name:  | User ID:  |  ] o.s.d.r.c.RepositoryConfigurationExtensionSupport - Spring Data Redis - Could not safely identify store assignment for repository candidate interface com.example.eventsphere.repository.CategoryRepository; If you want this repository to be a Redis repository, consider annotating your entities with one of these annotations: org.springframework.data.redis.core.RedisHash (preferred), or consider extending one of the following types with your repository: org.springframework.data.keyvalue.repository.KeyValueRepository
2026-05-02 06:11:26 [main] INFO  [IP:  | User Name:  | User ID:  |  ] o.s.d.r.c.RepositoryConfigurationExtensionSupport - Spring Data Redis - Could not safely identify store assignment for repository candidate interface com.example.eventsphere.repository.EventRepository; If you want this repository to be a Redis repository, consider annotating your entities with one of these annotations: org.springframework.data.redis.core.RedisHash (preferred), or consider extending one of the following types with your repository: org.springframework.data.keyvalue.repository.KeyValueRepository
2026-05-02 06:11:26 [main] INFO  [IP:  | User Name:  | User ID:  |  ] o.s.d.r.c.RepositoryConfigurationExtensionSupport - Spring Data Redis - Could not safely identify store assignment for repository candidate interface com.example.eventsphere.repository.UserRepository; If you want this repository to be a Redis repository, consider annotating your entities with one of these annotations: org.springframework.data.redis.core.RedisHash (preferred), or consider extending one of the following types with your repository: org.springframework.data.keyvalue.repository.KeyValueRepository
2026-05-02 06:11:26 [main] INFO  [IP:  | User Name:  | User ID:  |  ] o.s.d.r.c.RepositoryConfigurationExtensionSupport - Spring Data Redis - Could not safely identify store assignment for repository candidate interface com.example.eventsphere.repository.WorkspaceRepository; If you want this repository to be a Redis repository, consider annotating your entities with one of these annotations: org.springframework.data.redis.core.RedisHash (preferred), or consider extending one of the following types with your repository: org.springframework.data.keyvalue.repository.KeyValueRepository
2026-05-02 06:11:26 [main] INFO  [IP:  | User Name:  | User ID:  |  ] o.s.d.r.c.RepositoryConfigurationDelegate - Finished Spring Data repository scanning in 34 ms. Found 0 Redis repository interfaces.
2026-05-02 06:11:29 [main] INFO  [IP:  | User Name:  | User ID:  |  ] o.s.b.w.e.tomcat.TomcatWebServer - Tomcat initialized with port 8080 (http)
2026-05-02 06:11:29 [main] INFO  [IP:  | User Name:  | User ID:  |  ] o.a.coyote.http11.Http11NioProtocol - Initializing ProtocolHandler ["http-nio-8080"]
2026-05-02 06:11:29 [main] INFO  [IP:  | User Name:  | User ID:  |  ] o.a.catalina.core.StandardService - Starting service [Tomcat]
2026-05-02 06:11:29 [main] INFO  [IP:  | User Name:  | User ID:  |  ] o.a.catalina.core.StandardEngine - Starting Servlet engine: [Apache Tomcat/10.1.53]
2026-05-02 06:11:29 [main] INFO  [IP:  | User Name:  | User ID:  |  ] o.a.c.c.C.[Tomcat].[localhost].[/] - Initializing Spring embedded WebApplicationContext
2026-05-02 06:11:29 [main] INFO  [IP:  | User Name:  | User ID:  |  ] o.s.b.w.s.c.ServletWebServerApplicationContext - Root WebApplicationContext: initialization completed in 7216 ms
2026-05-02 06:11:30 [main] INFO  [IP:  | User Name:  | User ID:  |  ] o.h.jpa.internal.util.LogHelper - HHH000204: Processing PersistenceUnitInfo [name: default]
2026-05-02 06:11:30 [main] INFO  [IP:  | User Name:  | User ID:  |  ] org.hibernate.Version - HHH000412: Hibernate ORM core version 6.6.45.Final
2026-05-02 06:11:30 [main] INFO  [IP:  | User Name:  | User ID:  |  ] o.h.s.integration.SpatialService - HHH80000001: hibernate-spatial integration enabled : true
2026-05-02 06:11:30 [main] INFO  [IP:  | User Name:  | User ID:  |  ] o.h.c.i.RegionFactoryInitiator - HHH000026: Second-level cache disabled
2026-05-02 06:11:30 [main] INFO  [IP:  | User Name:  | User ID:  |  ] com.zaxxer.hikari.HikariDataSource - HikariPool-1 - Starting...
2026-05-02 06:11:33 [main] INFO  [IP:  | User Name:  | User ID:  |  ] com.zaxxer.hikari.pool.HikariPool - HikariPool-1 - Added connection org.postgresql.jdbc.PgConnection@18ac4af6
2026-05-02 06:11:33 [main] INFO  [IP:  | User Name:  | User ID:  |  ] com.zaxxer.hikari.HikariDataSource - HikariPool-1 - Start completed.
2026-05-02 06:11:33 [main] WARN  [IP:  | User Name:  | User ID:  |  ] org.hibernate.orm.deprecation - HHH90000025: PostgreSQLDialect does not need to be specified explicitly using 'hibernate.dialect' (remove the property setting and it will be selected by default)
2026-05-02 06:11:34 [main] INFO  [IP:  | User Name:  | User ID:  |  ] o.hibernate.orm.connections.pooling - HHH10001005: Database info:
	Database JDBC URL [Connecting through datasource 'HikariDataSource (HikariPool-1)']
	Database driver: undefined/unknown
	Database version: 17.6
	Autocommit mode: undefined/unknown
	Isolation level: undefined/unknown
	Minimum pool size: undefined/unknown
	Maximum pool size: undefined/unknown
2026-05-02 06:11:34 [main] INFO  [IP:  | User Name:  | User ID:  |  ] org.hibernate.spatial - HHH80000003: hibernate-spatial adding type contributions from : org.hibernate.spatial.dialect.postgis.PostgisDialectContributor
2026-05-02 06:11:35 [main] INFO  [IP:  | User Name:  | User ID:  |  ] o.s.o.j.p.SpringPersistenceUnitInfo - No LoadTimeWeaver setup: ignoring JPA class transformer
2026-05-02 06:11:35 [main] INFO  [IP:  | User Name:  | User ID:  |  ] org.hibernate.spatial - HHH80000003: hibernate-spatial adding type contributions from : org.hibernate.spatial.dialect.postgis.PostgisDialectContributor
2026-05-02 06:11:36 [main] INFO  [IP:  | User Name:  | User ID:  |  ] org.hibernate.spatial - HHH80000004: hibernate-spatial adding function contributions from : org.hibernate.spatial.dialect.postgis.PostgisDialectContributor
2026-05-02 06:11:37 [main] INFO  [IP:  | User Name:  | User ID:  |  ] o.h.e.t.j.p.i.JtaPlatformInitiator - HHH000489: No JTA platform available (set 'hibernate.transaction.jta.platform' to enable JTA platform integration)
2026-05-02 06:11:37 [main] INFO  [IP:  | User Name:  | User ID:  |  ] o.s.o.j.LocalContainerEntityManagerFactoryBean - Initialized JPA EntityManagerFactory for persistence unit 'default'
2026-05-02 06:11:38 [main] INFO  [IP:  | User Name:  | User ID:  |  ] o.s.d.j.r.query.QueryEnhancerFactory - Hibernate is in classpath; If applicable, HQL parser will be used.
2026-05-02 06:11:46 [main] INFO  [IP:  | User Name:  | User ID:  |  ] o.s.s.c.a.a.c.InitializeAuthenticationProviderBeanManagerConfigurer$InitializeAuthenticationProviderManagerConfigurer - Global AuthenticationManager configured with AuthenticationProvider bean with name authenticationProvider
2026-05-02 06:11:46 [main] WARN  [IP:  | User Name:  | User ID:  |  ] o.s.s.c.a.a.c.InitializeUserDetailsBeanManagerConfigurer$InitializeUserDetailsManagerConfigurer - Global AuthenticationManager configured with an AuthenticationProvider bean. UserDetailsService beans will not be used by Spring Security for automatically configuring username/password login. Consider removing the AuthenticationProvider bean. Alternatively, consider using the UserDetailsService in a manually instantiated DaoAuthenticationProvider. If the current configuration is intentional, to turn off this warning, increase the logging level of 'org.springframework.security.config.annotation.authentication.configuration.InitializeUserDetailsBeanManagerConfigurer' to ERROR
2026-05-02 06:11:47 [main] INFO  [IP:  | User Name:  | User ID:  |  ] o.a.coyote.http11.Http11NioProtocol - Starting ProtocolHandler ["http-nio-8080"]
2026-05-02 06:11:47 [main] INFO  [IP:  | User Name:  | User ID:  |  ] o.s.b.w.e.tomcat.TomcatWebServer - Tomcat started on port 8080 (http) with context path '/'
2026-05-02 06:11:47 [main] INFO  [IP:  | User Name:  | User ID:  |  ] c.e.e.EventsphereApplication - Started EventsphereApplication in 27.95 seconds (process running for 29.474)
2026-05-02 06:11:48 [main] INFO  [IP:  | User Name:  | User ID:  |  ] c.e.eventsphere.config.AdminConfig - Default Admin already exists. Skipping seeding.
2026-05-02 06:11:56 [http-nio-8080-exec-1] INFO  [IP:  | User Name:  | User ID:  |  ] o.a.c.c.C.[Tomcat].[localhost].[/] - Initializing Spring DispatcherServlet 'dispatcherServlet'
2026-05-02 06:11:56 [http-nio-8080-exec-1] INFO  [IP:  | User Name:  | User ID:  |  ] o.s.web.servlet.DispatcherServlet - Initializing Servlet 'dispatcherServlet'
2026-05-02 06:11:56 [http-nio-8080-exec-1] INFO  [IP:  | User Name:  | User ID:  |  ] o.s.web.servlet.DispatcherServlet - Completed initialization in 4 ms
2026-05-02 06:11:56 [http-nio-8080-exec-1] INFO  [IP: 0:0:0:0:0:0:0:1 | User Name: anonymous_user | User ID: anonymous_id | POST /api/auth/signup/initiate] c.e.e.filter.RequestLoggingFilter - Incoming Request
2026-05-02 06:12:00 [http-nio-8080-exec-1] INFO  [IP: 0:0:0:0:0:0:0:1 | User Name: anonymous_user | User ID: anonymous_id | POST /api/auth/signup/initiate] c.e.eventsphere.service.OtpService - Generated new OTP for sovafa7370@inreur.com, expires in 10 minutes
2026-05-02 06:12:13 [http-nio-8080-exec-1] INFO  [IP: 0:0:0:0:0:0:0:1 | User Name: anonymous_user | User ID: anonymous_id | POST /api/auth/signup/initiate] c.e.eventsphere.service.EmailService - OTP email successfully sent to sovafa7370@inreur.com
2026-05-02 06:12:13 [http-nio-8080-exec-1] INFO  [IP: 0:0:0:0:0:0:0:1 | User Name: anonymous_user | User ID: anonymous_id | POST /api/auth/signup/initiate] c.e.eventsphere.service.AuthService - Signup initiated for email: sovafa7370@inreur.com
2026-05-02 06:12:13 [http-nio-8080-exec-1] INFO  [IP: 0:0:0:0:0:0:0:1 | User Name: anonymous_user | User ID: anonymous_id | POST /api/auth/signup/initiate] c.e.e.filter.RequestLoggingFilter - Completed in 17125 ms with status 200
2026-05-02 06:13:58 [http-nio-8080-exec-3] INFO  [IP: 0:0:0:0:0:0:0:1 | User Name: anonymous_user | User ID: anonymous_id | POST /api/auth/signup/verify] c.e.e.filter.RequestLoggingFilter - Incoming Request
2026-05-02 06:13:58 [http-nio-8080-exec-3] WARN  [IP: 0:0:0:0:0:0:0:1 | User Name: anonymous_user | User ID: anonymous_id | POST /api/auth/signup/verify] c.e.eventsphere.service.OtpService - Invalid or expired OTP attempt for sovafa7370@inreur.com
2026-05-02 06:13:58 [http-nio-8080-exec-3] WARN  [IP: 0:0:0:0:0:0:0:1 | User Name: anonymous_user | User ID: anonymous_id | POST /api/auth/signup/verify] c.e.e.e.GlobalExceptionHandler - Business rule violation at /api/auth/signup/verify: Invalid or expired OTP.
2026-05-02 06:13:58 [http-nio-8080-exec-3] INFO  [IP: 0:0:0:0:0:0:0:1 | User Name: anonymous_user | User ID: anonymous_id | POST /api/auth/signup/verify] c.e.e.filter.RequestLoggingFilter - Completed in 180 ms with status 400
2026-05-02 06:14:12 [http-nio-8080-exec-4] INFO  [IP: 0:0:0:0:0:0:0:1 | User Name: anonymous_user | User ID: anonymous_id | POST /api/auth/signup/verify] c.e.e.filter.RequestLoggingFilter - Incoming Request
2026-05-02 06:14:12 [http-nio-8080-exec-4] WARN  [IP: 0:0:0:0:0:0:0:1 | User Name: anonymous_user | User ID: anonymous_id | POST /api/auth/signup/verify] c.e.eventsphere.service.OtpService - Invalid or expired OTP attempt for sovafa7370@inreur.c
2026-05-02 06:14:12 [http-nio-8080-exec-4] WARN  [IP: 0:0:0:0:0:0:0:1 | User Name: anonymous_user | User ID: anonymous_id | POST /api/auth/signup/verify] c.e.e.e.GlobalExceptionHandler - Business rule violation at /api/auth/signup/verify: Invalid or expired OTP.
2026-05-02 06:14:12 [http-nio-8080-exec-4] INFO  [IP: 0:0:0:0:0:0:0:1 | User Name: anonymous_user | User ID: anonymous_id | POST /api/auth/signup/verify] c.e.e.filter.RequestLoggingFilter - Completed in 15 ms with status 400
2026-05-02 06:14:26 [http-nio-8080-exec-5] INFO  [IP: 0:0:0:0:0:0:0:1 | User Name: anonymous_user | User ID: anonymous_id | POST /api/auth/signup/verify] c.e.e.filter.RequestLoggingFilter - Incoming Request
2026-05-02 06:14:26 [http-nio-8080-exec-5] INFO  [IP: 0:0:0:0:0:0:0:1 | User Name: anonymous_user | User ID: anonymous_id | POST /api/auth/signup/verify] c.e.eventsphere.service.OtpService - OTP successfully verified and deleted for sovafa7370@inreur.com
2026-05-02 06:14:26 [http-nio-8080-exec-5] INFO  [IP: 0:0:0:0:0:0:0:1 | User Name: anonymous_user | User ID: anonymous_id | POST /api/auth/signup/verify] c.e.e.filter.RequestLoggingFilter - Completed in 72 ms with status 200
2026-05-02 06:15:49 [http-nio-8080-exec-7] INFO  [IP: 0:0:0:0:0:0:0:1 | User Name: anonymous_user | User ID: anonymous_id | POST /api/auth/signup/complete] c.e.e.filter.RequestLoggingFilter - Incoming Request
2026-05-02 06:15:49 [http-nio-8080-exec-7] WARN  [IP: 0:0:0:0:0:0:0:1 | User Name: anonymous_user | User ID: anonymous_id | POST /api/auth/signup/complete] c.e.e.e.GlobalExceptionHandler - Validation failed at /api/auth/signup/complete: Validation failed for argument [0] in public org.springframework.http.ResponseEntity<com.example.eventsphere.dto.LoginResponse> com.example.eventsphere.controller.AuthController.completeSignup(com.example.eventsphere.dto.CompleteProfileRequest,java.lang.String) with 2 errors: [Field error in object 'completeProfileRequest' on field 'cnic': rejected value [421415444]; codes [Size.completeProfileRequest.cnic,Size.cnic,Size.java.lang.String,Size]; arguments [org.springframework.context.support.DefaultMessageSourceResolvable: codes [completeProfileRequest.cnic,cnic]; arguments []; default message [cnic],13,13]; default message [CNIC must be exact 13 characters]] [Field error in object 'completeProfileRequest' on field 'password': rejected value [12345]; codes [Size.completeProfileRequest.password,Size.password,Size.java.lang.String,Size]; arguments [org.springframework.context.support.DefaultMessageSourceResolvable: codes [completeProfileRequest.password,password]; arguments []; default message [password],15,8]; default message [Password must be at least 8 characters and max 15 characters]] 
2026-05-02 06:15:49 [http-nio-8080-exec-7] INFO  [IP: 0:0:0:0:0:0:0:1 | User Name: anonymous_user | User ID: anonymous_id | POST /api/auth/signup/complete] c.e.e.filter.RequestLoggingFilter - Completed in 81 ms with status 400
2026-05-02 06:16:16 [http-nio-8080-exec-8] INFO  [IP: 0:0:0:0:0:0:0:1 | User Name: anonymous_user | User ID: anonymous_id | POST /api/auth/signup/complete] c.e.e.filter.RequestLoggingFilter - Incoming Request
2026-05-02 06:16:16 [http-nio-8080-exec-8] WARN  [IP: 0:0:0:0:0:0:0:1 | User Name: anonymous_user | User ID: anonymous_id | POST /api/auth/signup/complete] c.e.e.e.GlobalExceptionHandler - Validation failed at /api/auth/signup/complete: Validation failed for argument [0] in public org.springframework.http.ResponseEntity<com.example.eventsphere.dto.LoginResponse> com.example.eventsphere.controller.AuthController.completeSignup(com.example.eventsphere.dto.CompleteProfileRequest,java.lang.String) with 3 errors: [Field error in object 'completeProfileRequest' on field 'password': rejected value [12345]; codes [Size.completeProfileRequest.password,Size.password,Size.java.lang.String,Size]; arguments [org.springframework.context.support.DefaultMessageSourceResolvable: codes [completeProfileRequest.password,password]; arguments []; default message [password],15,8]; default message [Password must be at least 8 characters and max 15 characters]] [Field error in object 'completeProfileRequest' on field 'cnic': rejected value [421415444]; codes [Size.completeProfileRequest.cnic,Size.cnic,Size.java.lang.String,Size]; arguments [org.springframework.context.support.DefaultMessageSourceResolvable: codes [completeProfileRequest.cnic,cnic]; arguments []; default message [cnic],13,13]; default message [CNIC must be exact 13 characters]] [Field error in object 'completeProfileRequest' on field 'phoneNo': rejected value [0321456445]; codes [Size.completeProfileRequest.phoneNo,Size.phoneNo,Size.java.lang.String,Size]; arguments [org.springframework.context.support.DefaultMessageSourceResolvable: codes [completeProfileRequest.phoneNo,phoneNo]; arguments []; default message [phoneNo],11,11]; default message [Phone Number should be exactly 11]] 
2026-05-02 06:16:16 [http-nio-8080-exec-8] INFO  [IP: 0:0:0:0:0:0:0:1 | User Name: anonymous_user | User ID: anonymous_id | POST /api/auth/signup/complete] c.e.e.filter.RequestLoggingFilter - Completed in 9 ms with status 400
2026-05-02 06:16:41 [http-nio-8080-exec-9] INFO  [IP: 0:0:0:0:0:0:0:1 | User Name: anonymous_user | User ID: anonymous_id | POST /api/auth/signup/complete] c.e.e.filter.RequestLoggingFilter - Incoming Request
2026-05-02 06:16:41 [http-nio-8080-exec-9] ERROR [IP: 0:0:0:0:0:0:0:1 | User Name: anonymous_user | User ID: anonymous_id | POST /api/auth/signup/complete] c.e.e.e.GlobalExceptionHandler - CRITICAL: Unhandled exception at /api/auth/signup/complete
org.springframework.web.bind.MissingRequestHeaderException: Required request header 'Authorization' for method parameter type String is not present
	at org.springframework.web.method.annotation.RequestHeaderMethodArgumentResolver.handleMissingValue(RequestHeaderMethodArgumentResolver.java:87)
	at org.springframework.web.method.annotation.AbstractNamedValueMethodArgumentResolver.handleMissingValue(AbstractNamedValueMethodArgumentResolver.java:234)
	at org.springframework.web.method.annotation.AbstractNamedValueMethodArgumentResolver.resolveArgument(AbstractNamedValueMethodArgumentResolver.java:125)
	at org.springframework.web.method.support.HandlerMethodArgumentResolverComposite.resolveArgument(HandlerMethodArgumentResolverComposite.java:122)
	at org.springframework.web.method.support.InvocableHandlerMethod.getMethodArgumentValues(InvocableHandlerMethod.java:227)
	at org.springframework.web.method.support.InvocableHandlerMethod.invokeForRequest(InvocableHandlerMethod.java:181)
	at org.springframework.web.servlet.mvc.method.annotation.ServletInvocableHandlerMethod.invokeAndHandle(ServletInvocableHandlerMethod.java:118)
	at org.springframework.web.servlet.mvc.method.annotation.RequestMappingHandlerAdapter.invokeHandlerMethod(RequestMappingHandlerAdapter.java:991)
	at org.springframework.web.servlet.mvc.method.annotation.RequestMappingHandlerAdapter.handleInternal(RequestMappingHandlerAdapter.java:896)
	at org.springframework.web.servlet.mvc.method.AbstractHandlerMethodAdapter.handle(AbstractHandlerMethodAdapter.java:87)
	at org.springframework.web.servlet.DispatcherServlet.doDispatch(DispatcherServlet.java:1089)
	at org.springframework.web.servlet.DispatcherServlet.doService(DispatcherServlet.java:979)
	at org.springframework.web.servlet.FrameworkServlet.processRequest(FrameworkServlet.java:1014)
	at org.springframework.web.servlet.FrameworkServlet.doPost(FrameworkServlet.java:914)
	at jakarta.servlet.http.HttpServlet.service(HttpServlet.java:590)
	at org.springframework.web.servlet.FrameworkServlet.service(FrameworkServlet.java:885)
	at jakarta.servlet.http.HttpServlet.service(HttpServlet.java:658)
	at org.apache.catalina.core.ApplicationFilterChain.internalDoFilter(ApplicationFilterChain.java:193)
	at org.apache.catalina.core.ApplicationFilterChain.doFilter(ApplicationFilterChain.java:138)
	at org.apache.tomcat.websocket.server.WsFilter.doFilter(WsFilter.java:51)
	at org.apache.catalina.core.ApplicationFilterChain.internalDoFilter(ApplicationFilterChain.java:162)
	at org.apache.catalina.core.ApplicationFilterChain.doFilter(ApplicationFilterChain.java:138)
	at org.springframework.web.filter.OncePerRequestFilter.doFilter(OncePerRequestFilter.java:110)
	at org.apache.catalina.core.ApplicationFilterChain.internalDoFilter(ApplicationFilterChain.java:162)
	at org.apache.catalina.core.ApplicationFilterChain.doFilter(ApplicationFilterChain.java:138)
	at org.springframework.web.filter.OncePerRequestFilter.doFilter(OncePerRequestFilter.java:110)
	at org.apache.catalina.core.ApplicationFilterChain.internalDoFilter(ApplicationFilterChain.java:162)
	at org.apache.catalina.core.ApplicationFilterChain.doFilter(ApplicationFilterChain.java:138)
	at org.springframework.web.filter.CompositeFilter$VirtualFilterChain.doFilter(CompositeFilter.java:108)
	at org.springframework.web.filter.CompositeFilter$VirtualFilterChain.doFilter(CompositeFilter.java:108)
	at org.springframework.security.web.FilterChainProxy.lambda$doFilterInternal$3(FilterChainProxy.java:231)
	at org.springframework.security.web.FilterChainProxy$VirtualFilterChain.doFilter(FilterChainProxy.java:365)
	at org.springframework.security.web.access.intercept.AuthorizationFilter.doFilter(AuthorizationFilter.java:101)
	at org.springframework.security.web.FilterChainProxy$VirtualFilterChain.doFilter(FilterChainProxy.java:374)
	at org.springframework.security.web.access.ExceptionTranslationFilter.doFilter(ExceptionTranslationFilter.java:125)
	at org.springframework.security.web.access.ExceptionTranslationFilter.doFilter(ExceptionTranslationFilter.java:119)
	at org.springframework.security.web.FilterChainProxy$VirtualFilterChain.doFilter(FilterChainProxy.java:374)
	at org.springframework.security.web.session.SessionManagementFilter.doFilter(SessionManagementFilter.java:131)
	at org.springframework.security.web.session.SessionManagementFilter.doFilter(SessionManagementFilter.java:85)
	at org.springframework.security.web.FilterChainProxy$VirtualFilterChain.doFilter(FilterChainProxy.java:374)
	at org.springframework.security.web.authentication.AnonymousAuthenticationFilter.doFilter(AnonymousAuthenticationFilter.java:100)
	at org.springframework.security.web.FilterChainProxy$VirtualFilterChain.doFilter(FilterChainProxy.java:374)
	at org.springframework.security.web.servletapi.SecurityContextHolderAwareRequestFilter.doFilter(SecurityContextHolderAwareRequestFilter.java:179)
	at org.springframework.security.web.FilterChainProxy$VirtualFilterChain.doFilter(FilterChainProxy.java:374)
	at org.springframework.security.web.savedrequest.RequestCacheAwareFilter.doFilter(RequestCacheAwareFilter.java:63)
	at org.springframework.security.web.FilterChainProxy$VirtualFilterChain.doFilter(FilterChainProxy.java:374)
	at com.example.eventsphere.filter.RequestLoggingFilter.doFilterInternal(RequestLoggingFilter.java:63)
	at org.springframework.web.filter.OncePerRequestFilter.doFilter(OncePerRequestFilter.java:116)
	at org.springframework.security.web.FilterChainProxy$VirtualFilterChain.doFilter(FilterChainProxy.java:374)
	at com.example.eventsphere.filter.JwtAuthenticationFilter.doFilterInternal(JwtAuthenticationFilter.java:66)
	at org.springframework.web.filter.OncePerRequestFilter.doFilter(OncePerRequestFilter.java:116)
	at org.springframework.security.web.FilterChainProxy$VirtualFilterChain.doFilter(FilterChainProxy.java:374)
	at org.springframework.security.web.authentication.logout.LogoutFilter.doFilter(LogoutFilter.java:107)
	at org.springframework.security.web.authentication.logout.LogoutFilter.doFilter(LogoutFilter.java:93)
	at org.springframework.security.web.FilterChainProxy$VirtualFilterChain.doFilter(FilterChainProxy.java:374)
	at org.springframework.web.filter.CorsFilter.doFilterInternal(CorsFilter.java:91)
	at org.springframework.web.filter.OncePerRequestFilter.doFilter(OncePerRequestFilter.java:116)
	at org.springframework.security.web.FilterChainProxy$VirtualFilterChain.doFilter(FilterChainProxy.java:374)
	at org.springframework.security.web.header.HeaderWriterFilter.doHeadersAfter(HeaderWriterFilter.java:90)
	at org.springframework.security.web.header.HeaderWriterFilter.doFilterInternal(HeaderWriterFilter.java:75)
	at org.springframework.web.filter.OncePerRequestFilter.doFilter(OncePerRequestFilter.java:116)
	at org.springframework.security.web.FilterChainProxy$VirtualFilterChain.doFilter(FilterChainProxy.java:374)
	at org.springframework.security.web.context.SecurityContextHolderFilter.doFilter(SecurityContextHolderFilter.java:82)
	at org.springframework.security.web.context.SecurityContextHolderFilter.doFilter(SecurityContextHolderFilter.java:69)
	at org.springframework.security.web.FilterChainProxy$VirtualFilterChain.doFilter(FilterChainProxy.java:374)
	at org.springframework.security.web.context.request.async.WebAsyncManagerIntegrationFilter.doFilterInternal(WebAsyncManagerIntegrationFilter.java:62)
	at org.springframework.web.filter.OncePerRequestFilter.doFilter(OncePerRequestFilter.java:116)
	at org.springframework.security.web.FilterChainProxy$VirtualFilterChain.doFilter(FilterChainProxy.java:374)
	at org.springframework.security.web.session.DisableEncodeUrlFilter.doFilterInternal(DisableEncodeUrlFilter.java:42)
	at org.springframework.web.filter.OncePerRequestFilter.doFilter(OncePerRequestFilter.java:116)
	at org.springframework.security.web.FilterChainProxy$VirtualFilterChain.doFilter(FilterChainProxy.java:374)
	at org.springframework.security.web.FilterChainProxy.doFilterInternal(FilterChainProxy.java:233)
	at org.springframework.security.web.FilterChainProxy.doFilter(FilterChainProxy.java:191)
	at org.springframework.web.filter.CompositeFilter$VirtualFilterChain.doFilter(CompositeFilter.java:113)
	at org.springframework.web.filter.ServletRequestPathFilter.doFilter(ServletRequestPathFilter.java:52)
	at org.springframework.web.filter.CompositeFilter$VirtualFilterChain.doFilter(CompositeFilter.java:113)
	at org.springframework.web.filter.CompositeFilter.doFilter(CompositeFilter.java:74)
	at org.springframework.security.config.annotation.web.configuration.WebSecurityConfiguration$CompositeFilterChainProxy.doFilter(WebSecurityConfiguration.java:319)
	at org.springframework.web.filter.CompositeFilter$VirtualFilterChain.doFilter(CompositeFilter.java:113)
	at org.springframework.web.servlet.handler.HandlerMappingIntrospector.lambda$createCacheFilter$4(HandlerMappingIntrospector.java:267)
	at org.springframework.web.filter.CompositeFilter$VirtualFilterChain.doFilter(CompositeFilter.java:113)
	at org.springframework.web.filter.CompositeFilter.doFilter(CompositeFilter.java:74)
	at org.springframework.security.config.annotation.web.configuration.WebMvcSecurityConfiguration$CompositeFilterChainProxy.doFilter(WebMvcSecurityConfiguration.java:240)
	at org.springframework.web.filter.DelegatingFilterProxy.invokeDelegate(DelegatingFilterProxy.java:362)
	at org.springframework.web.filter.DelegatingFilterProxy.doFilter(DelegatingFilterProxy.java:278)
	at org.apache.catalina.core.ApplicationFilterChain.internalDoFilter(ApplicationFilterChain.java:162)
	at org.apache.catalina.core.ApplicationFilterChain.doFilter(ApplicationFilterChain.java:138)
	at org.springframework.web.filter.RequestContextFilter.doFilterInternal(RequestContextFilter.java:100)
	at org.springframework.web.filter.OncePerRequestFilter.doFilter(OncePerRequestFilter.java:116)
	at org.apache.catalina.core.ApplicationFilterChain.internalDoFilter(ApplicationFilterChain.java:162)
	at org.apache.catalina.core.ApplicationFilterChain.doFilter(ApplicationFilterChain.java:138)
	at org.springframework.web.filter.FormContentFilter.doFilterInternal(FormContentFilter.java:93)
	at org.springframework.web.filter.OncePerRequestFilter.doFilter(OncePerRequestFilter.java:116)
	at org.apache.catalina.core.ApplicationFilterChain.internalDoFilter(ApplicationFilterChain.java:162)
	at org.apache.catalina.core.ApplicationFilterChain.doFilter(ApplicationFilterChain.java:138)
	at org.springframework.web.filter.CharacterEncodingFilter.doFilterInternal(CharacterEncodingFilter.java:201)
	at org.springframework.web.filter.OncePerRequestFilter.doFilter(OncePerRequestFilter.java:116)
	at org.apache.catalina.core.ApplicationFilterChain.internalDoFilter(ApplicationFilterChain.java:162)
	at org.apache.catalina.core.ApplicationFilterChain.doFilter(ApplicationFilterChain.java:138)
	at org.apache.catalina.core.StandardWrapperValve.invoke(StandardWrapperValve.java:165)
	at org.apache.catalina.core.StandardContextValve.invoke(StandardContextValve.java:88)
	at org.apache.catalina.authenticator.AuthenticatorBase.invoke(AuthenticatorBase.java:492)
	at org.apache.catalina.core.StandardHostValve.invoke(StandardHostValve.java:113)
	at org.apache.catalina.valves.ErrorReportValve.invoke(ErrorReportValve.java:83)
	at org.apache.catalina.core.StandardEngineValve.invoke(StandardEngineValve.java:72)
	at org.apache.catalina.connector.CoyoteAdapter.service(CoyoteAdapter.java:342)
	at org.apache.coyote.http11.Http11Processor.service(Http11Processor.java:399)
	at org.apache.coyote.AbstractProcessorLight.process(AbstractProcessorLight.java:63)
	at org.apache.coyote.AbstractProtocol$ConnectionHandler.process(AbstractProtocol.java:903)
	at org.apache.tomcat.util.net.NioEndpoint$SocketProcessor.doRun(NioEndpoint.java:1775)
	at org.apache.tomcat.util.net.SocketProcessorBase.run(SocketProcessorBase.java:52)
	at org.apache.tomcat.util.threads.ThreadPoolExecutor.runWorker(ThreadPoolExecutor.java:973)
	at org.apache.tomcat.util.threads.ThreadPoolExecutor$Worker.run(ThreadPoolExecutor.java:491)
	at org.apache.tomcat.util.threads.TaskThread$WrappingRunnable.run(TaskThread.java:63)
	at java.base/java.lang.Thread.run(Thread.java:840)
2026-05-02 06:16:41 [http-nio-8080-exec-9] INFO  [IP: 0:0:0:0:0:0:0:1 | User Name: anonymous_user | User ID: anonymous_id | POST /api/auth/signup/complete] c.e.e.filter.RequestLoggingFilter - Completed in 23 ms with status 500
2026-05-02 06:17:23 [http-nio-8080-exec-10] INFO  [IP: 0:0:0:0:0:0:0:1 | User Name: anonymous_user | User ID: anonymous_id | POST /api/auth/signup/complete] c.e.e.filter.RequestLoggingFilter - Incoming Request
2026-05-02 06:17:23 [http-nio-8080-exec-10] ERROR [IP: 0:0:0:0:0:0:0:1 | User Name: anonymous_user | User ID: anonymous_id | POST /api/auth/signup/complete] c.e.e.e.GlobalExceptionHandler - CRITICAL: Unhandled exception at /api/auth/signup/complete
org.springframework.web.bind.MissingRequestHeaderException: Required request header 'Authorization' for method parameter type String is not present
	at org.springframework.web.method.annotation.RequestHeaderMethodArgumentResolver.handleMissingValue(RequestHeaderMethodArgumentResolver.java:87)
	at org.springframework.web.method.annotation.AbstractNamedValueMethodArgumentResolver.handleMissingValue(AbstractNamedValueMethodArgumentResolver.java:234)
	at org.springframework.web.method.annotation.AbstractNamedValueMethodArgumentResolver.resolveArgument(AbstractNamedValueMethodArgumentResolver.java:125)
	at org.springframework.web.method.support.HandlerMethodArgumentResolverComposite.resolveArgument(HandlerMethodArgumentResolverComposite.java:122)
	at org.springframework.web.method.support.InvocableHandlerMethod.getMethodArgumentValues(InvocableHandlerMethod.java:227)
	at org.springframework.web.method.support.InvocableHandlerMethod.invokeForRequest(InvocableHandlerMethod.java:181)
	at org.springframework.web.servlet.mvc.method.annotation.ServletInvocableHandlerMethod.invokeAndHandle(ServletInvocableHandlerMethod.java:118)
	at org.springframework.web.servlet.mvc.method.annotation.RequestMappingHandlerAdapter.invokeHandlerMethod(RequestMappingHandlerAdapter.java:991)
	at org.springframework.web.servlet.mvc.method.annotation.RequestMappingHandlerAdapter.handleInternal(RequestMappingHandlerAdapter.java:896)
	at org.springframework.web.servlet.mvc.method.AbstractHandlerMethodAdapter.handle(AbstractHandlerMethodAdapter.java:87)
	at org.springframework.web.servlet.DispatcherServlet.doDispatch(DispatcherServlet.java:1089)
	at org.springframework.web.servlet.DispatcherServlet.doService(DispatcherServlet.java:979)
	at org.springframework.web.servlet.FrameworkServlet.processRequest(FrameworkServlet.java:1014)
	at org.springframework.web.servlet.FrameworkServlet.doPost(FrameworkServlet.java:914)
	at jakarta.servlet.http.HttpServlet.service(HttpServlet.java:590)
	at org.springframework.web.servlet.FrameworkServlet.service(FrameworkServlet.java:885)
	at jakarta.servlet.http.HttpServlet.service(HttpServlet.java:658)
	at org.apache.catalina.core.ApplicationFilterChain.internalDoFilter(ApplicationFilterChain.java:193)
	at org.apache.catalina.core.ApplicationFilterChain.doFilter(ApplicationFilterChain.java:138)
	at org.apache.tomcat.websocket.server.WsFilter.doFilter(WsFilter.java:51)
	at org.apache.catalina.core.ApplicationFilterChain.internalDoFilter(ApplicationFilterChain.java:162)
	at org.apache.catalina.core.ApplicationFilterChain.doFilter(ApplicationFilterChain.java:138)
	at org.springframework.web.filter.OncePerRequestFilter.doFilter(OncePerRequestFilter.java:110)
	at org.apache.catalina.core.ApplicationFilterChain.internalDoFilter(ApplicationFilterChain.java:162)
	at org.apache.catalina.core.ApplicationFilterChain.doFilter(ApplicationFilterChain.java:138)
	at org.springframework.web.filter.OncePerRequestFilter.doFilter(OncePerRequestFilter.java:110)
	at org.apache.catalina.core.ApplicationFilterChain.internalDoFilter(ApplicationFilterChain.java:162)
	at org.apache.catalina.core.ApplicationFilterChain.doFilter(ApplicationFilterChain.java:138)
	at org.springframework.web.filter.CompositeFilter$VirtualFilterChain.doFilter(CompositeFilter.java:108)
	at org.springframework.web.filter.CompositeFilter$VirtualFilterChain.doFilter(CompositeFilter.java:108)
	at org.springframework.security.web.FilterChainProxy.lambda$doFilterInternal$3(FilterChainProxy.java:231)
	at org.springframework.security.web.FilterChainProxy$VirtualFilterChain.doFilter(FilterChainProxy.java:365)
	at org.springframework.security.web.access.intercept.AuthorizationFilter.doFilter(AuthorizationFilter.java:101)
	at org.springframework.security.web.FilterChainProxy$VirtualFilterChain.doFilter(FilterChainProxy.java:374)
	at org.springframework.security.web.access.ExceptionTranslationFilter.doFilter(ExceptionTranslationFilter.java:125)
	at org.springframework.security.web.access.ExceptionTranslationFilter.doFilter(ExceptionTranslationFilter.java:119)
	at org.springframework.security.web.FilterChainProxy$VirtualFilterChain.doFilter(FilterChainProxy.java:374)
	at org.springframework.security.web.session.SessionManagementFilter.doFilter(SessionManagementFilter.java:131)
	at org.springframework.security.web.session.SessionManagementFilter.doFilter(SessionManagementFilter.java:85)
	at org.springframework.security.web.FilterChainProxy$VirtualFilterChain.doFilter(FilterChainProxy.java:374)
	at org.springframework.security.web.authentication.AnonymousAuthenticationFilter.doFilter(AnonymousAuthenticationFilter.java:100)
	at org.springframework.security.web.FilterChainProxy$VirtualFilterChain.doFilter(FilterChainProxy.java:374)
	at org.springframework.security.web.servletapi.SecurityContextHolderAwareRequestFilter.doFilter(SecurityContextHolderAwareRequestFilter.java:179)
	at org.springframework.security.web.FilterChainProxy$VirtualFilterChain.doFilter(FilterChainProxy.java:374)
	at org.springframework.security.web.savedrequest.RequestCacheAwareFilter.doFilter(RequestCacheAwareFilter.java:63)
	at org.springframework.security.web.FilterChainProxy$VirtualFilterChain.doFilter(FilterChainProxy.java:374)
	at com.example.eventsphere.filter.RequestLoggingFilter.doFilterInternal(RequestLoggingFilter.java:63)
	at org.springframework.web.filter.OncePerRequestFilter.doFilter(OncePerRequestFilter.java:116)
	at org.springframework.security.web.FilterChainProxy$VirtualFilterChain.doFilter(FilterChainProxy.java:374)
	at com.example.eventsphere.filter.JwtAuthenticationFilter.doFilterInternal(JwtAuthenticationFilter.java:66)
	at org.springframework.web.filter.OncePerRequestFilter.doFilter(OncePerRequestFilter.java:116)
	at org.springframework.security.web.FilterChainProxy$VirtualFilterChain.doFilter(FilterChainProxy.java:374)
	at org.springframework.security.web.authentication.logout.LogoutFilter.doFilter(LogoutFilter.java:107)
	at org.springframework.security.web.authentication.logout.LogoutFilter.doFilter(LogoutFilter.java:93)
	at org.springframework.security.web.FilterChainProxy$VirtualFilterChain.doFilter(FilterChainProxy.java:374)
	at org.springframework.web.filter.CorsFilter.doFilterInternal(CorsFilter.java:91)
	at org.springframework.web.filter.OncePerRequestFilter.doFilter(OncePerRequestFilter.java:116)
	at org.springframework.security.web.FilterChainProxy$VirtualFilterChain.doFilter(FilterChainProxy.java:374)
	at org.springframework.security.web.header.HeaderWriterFilter.doHeadersAfter(HeaderWriterFilter.java:90)
	at org.springframework.security.web.header.HeaderWriterFilter.doFilterInternal(HeaderWriterFilter.java:75)
	at org.springframework.web.filter.OncePerRequestFilter.doFilter(OncePerRequestFilter.java:116)
	at org.springframework.security.web.FilterChainProxy$VirtualFilterChain.doFilter(FilterChainProxy.java:374)
	at org.springframework.security.web.context.SecurityContextHolderFilter.doFilter(SecurityContextHolderFilter.java:82)
	at org.springframework.security.web.context.SecurityContextHolderFilter.doFilter(SecurityContextHolderFilter.java:69)
	at org.springframework.security.web.FilterChainProxy$VirtualFilterChain.doFilter(FilterChainProxy.java:374)
	at org.springframework.security.web.context.request.async.WebAsyncManagerIntegrationFilter.doFilterInternal(WebAsyncManagerIntegrationFilter.java:62)
	at org.springframework.web.filter.OncePerRequestFilter.doFilter(OncePerRequestFilter.java:116)
	at org.springframework.security.web.FilterChainProxy$VirtualFilterChain.doFilter(FilterChainProxy.java:374)
	at org.springframework.security.web.session.DisableEncodeUrlFilter.doFilterInternal(DisableEncodeUrlFilter.java:42)
	at org.springframework.web.filter.OncePerRequestFilter.doFilter(OncePerRequestFilter.java:116)
	at org.springframework.security.web.FilterChainProxy$VirtualFilterChain.doFilter(FilterChainProxy.java:374)
	at org.springframework.security.web.FilterChainProxy.doFilterInternal(FilterChainProxy.java:233)
	at org.springframework.security.web.FilterChainProxy.doFilter(FilterChainProxy.java:191)
	at org.springframework.web.filter.CompositeFilter$VirtualFilterChain.doFilter(CompositeFilter.java:113)
	at org.springframework.web.filter.ServletRequestPathFilter.doFilter(ServletRequestPathFilter.java:52)
	at org.springframework.web.filter.CompositeFilter$VirtualFilterChain.doFilter(CompositeFilter.java:113)
	at org.springframework.web.filter.CompositeFilter.doFilter(CompositeFilter.java:74)
	at org.springframework.security.config.annotation.web.configuration.WebSecurityConfiguration$CompositeFilterChainProxy.doFilter(WebSecurityConfiguration.java:319)
	at org.springframework.web.filter.CompositeFilter$VirtualFilterChain.doFilter(CompositeFilter.java:113)
	at org.springframework.web.servlet.handler.HandlerMappingIntrospector.lambda$createCacheFilter$4(HandlerMappingIntrospector.java:267)
	at org.springframework.web.filter.CompositeFilter$VirtualFilterChain.doFilter(CompositeFilter.java:113)
	at org.springframework.web.filter.CompositeFilter.doFilter(CompositeFilter.java:74)
	at org.springframework.security.config.annotation.web.configuration.WebMvcSecurityConfiguration$CompositeFilterChainProxy.doFilter(WebMvcSecurityConfiguration.java:240)
	at org.springframework.web.filter.DelegatingFilterProxy.invokeDelegate(DelegatingFilterProxy.java:362)
	at org.springframework.web.filter.DelegatingFilterProxy.doFilter(DelegatingFilterProxy.java:278)
	at org.apache.catalina.core.ApplicationFilterChain.internalDoFilter(ApplicationFilterChain.java:162)
	at org.apache.catalina.core.ApplicationFilterChain.doFilter(ApplicationFilterChain.java:138)
	at org.springframework.web.filter.RequestContextFilter.doFilterInternal(RequestContextFilter.java:100)
	at org.springframework.web.filter.OncePerRequestFilter.doFilter(OncePerRequestFilter.java:116)
	at org.apache.catalina.core.ApplicationFilterChain.internalDoFilter(ApplicationFilterChain.java:162)
	at org.apache.catalina.core.ApplicationFilterChain.doFilter(ApplicationFilterChain.java:138)
	at org.springframework.web.filter.FormContentFilter.doFilterInternal(FormContentFilter.java:93)
	at org.springframework.web.filter.OncePerRequestFilter.doFilter(OncePerRequestFilter.java:116)
	at org.apache.catalina.core.ApplicationFilterChain.internalDoFilter(ApplicationFilterChain.java:162)
	at org.apache.catalina.core.ApplicationFilterChain.doFilter(ApplicationFilterChain.java:138)
	at org.springframework.web.filter.CharacterEncodingFilter.doFilterInternal(CharacterEncodingFilter.java:201)
	at org.springframework.web.filter.OncePerRequestFilter.doFilter(OncePerRequestFilter.java:116)
	at org.apache.catalina.core.ApplicationFilterChain.internalDoFilter(ApplicationFilterChain.java:162)
	at org.apache.catalina.core.ApplicationFilterChain.doFilter(ApplicationFilterChain.java:138)
	at org.apache.catalina.core.StandardWrapperValve.invoke(StandardWrapperValve.java:165)
	at org.apache.catalina.core.StandardContextValve.invoke(StandardContextValve.java:88)
	at org.apache.catalina.authenticator.AuthenticatorBase.invoke(AuthenticatorBase.java:492)
	at org.apache.catalina.core.StandardHostValve.invoke(StandardHostValve.java:113)
	at org.apache.catalina.valves.ErrorReportValve.invoke(ErrorReportValve.java:83)
	at org.apache.catalina.core.StandardEngineValve.invoke(StandardEngineValve.java:72)
	at org.apache.catalina.connector.CoyoteAdapter.service(CoyoteAdapter.java:342)
	at org.apache.coyote.http11.Http11Processor.service(Http11Processor.java:399)
	at org.apache.coyote.AbstractProcessorLight.process(AbstractProcessorLight.java:63)
	at org.apache.coyote.AbstractProtocol$ConnectionHandler.process(AbstractProtocol.java:903)
	at org.apache.tomcat.util.net.NioEndpoint$SocketProcessor.doRun(NioEndpoint.java:1775)
	at org.apache.tomcat.util.net.SocketProcessorBase.run(SocketProcessorBase.java:52)
	at org.apache.tomcat.util.threads.ThreadPoolExecutor.runWorker(ThreadPoolExecutor.java:973)
	at org.apache.tomcat.util.threads.ThreadPoolExecutor$Worker.run(ThreadPoolExecutor.java:491)
	at org.apache.tomcat.util.threads.TaskThread$WrappingRunnable.run(TaskThread.java:63)
	at java.base/java.lang.Thread.run(Thread.java:840)
2026-05-02 06:17:23 [http-nio-8080-exec-10] INFO  [IP: 0:0:0:0:0:0:0:1 | User Name: anonymous_user | User ID: anonymous_id | POST /api/auth/signup/complete] c.e.e.filter.RequestLoggingFilter - Completed in 10 ms with status 500
2026-05-02 06:20:57 [http-nio-8080-exec-1] INFO  [IP: 0:0:0:0:0:0:0:1 | User Name: anonymous_user | User ID: anonymous_id | POST /api/auth/signup/complete] c.e.e.filter.RequestLoggingFilter - Incoming Request
2026-05-02 06:20:57 [http-nio-8080-exec-1] ERROR [IP: 0:0:0:0:0:0:0:1 | User Name: anonymous_user | User ID: anonymous_id | POST /api/auth/signup/complete] c.e.e.e.GlobalExceptionHandler - CRITICAL: Unhandled exception at /api/auth/signup/complete
org.springframework.web.bind.MissingRequestHeaderException: Required request header 'Authorization' for method parameter type String is not present
	at org.springframework.web.method.annotation.RequestHeaderMethodArgumentResolver.handleMissingValue(RequestHeaderMethodArgumentResolver.java:87)
	at org.springframework.web.method.annotation.AbstractNamedValueMethodArgumentResolver.handleMissingValue(AbstractNamedValueMethodArgumentResolver.java:234)
	at org.springframework.web.method.annotation.AbstractNamedValueMethodArgumentResolver.resolveArgument(AbstractNamedValueMethodArgumentResolver.java:125)
	at org.springframework.web.method.support.HandlerMethodArgumentResolverComposite.resolveArgument(HandlerMethodArgumentResolverComposite.java:122)
	at org.springframework.web.method.support.InvocableHandlerMethod.getMethodArgumentValues(InvocableHandlerMethod.java:227)
	at org.springframework.web.method.support.InvocableHandlerMethod.invokeForRequest(InvocableHandlerMethod.java:181)
	at org.springframework.web.servlet.mvc.method.annotation.ServletInvocableHandlerMethod.invokeAndHandle(ServletInvocableHandlerMethod.java:118)
	at org.springframework.web.servlet.mvc.method.annotation.RequestMappingHandlerAdapter.invokeHandlerMethod(RequestMappingHandlerAdapter.java:991)
	at org.springframework.web.servlet.mvc.method.annotation.RequestMappingHandlerAdapter.handleInternal(RequestMappingHandlerAdapter.java:896)
	at org.springframework.web.servlet.mvc.method.AbstractHandlerMethodAdapter.handle(AbstractHandlerMethodAdapter.java:87)
	at org.springframework.web.servlet.DispatcherServlet.doDispatch(DispatcherServlet.java:1089)
	at org.springframework.web.servlet.DispatcherServlet.doService(DispatcherServlet.java:979)
	at org.springframework.web.servlet.FrameworkServlet.processRequest(FrameworkServlet.java:1014)
	at org.springframework.web.servlet.FrameworkServlet.doPost(FrameworkServlet.java:914)
	at jakarta.servlet.http.HttpServlet.service(HttpServlet.java:590)
	at org.springframework.web.servlet.FrameworkServlet.service(FrameworkServlet.java:885)
	at jakarta.servlet.http.HttpServlet.service(HttpServlet.java:658)
	at org.apache.catalina.core.ApplicationFilterChain.internalDoFilter(ApplicationFilterChain.java:193)
	at org.apache.catalina.core.ApplicationFilterChain.doFilter(ApplicationFilterChain.java:138)
	at org.apache.tomcat.websocket.server.WsFilter.doFilter(WsFilter.java:51)
	at org.apache.catalina.core.ApplicationFilterChain.internalDoFilter(ApplicationFilterChain.java:162)
	at org.apache.catalina.core.ApplicationFilterChain.doFilter(ApplicationFilterChain.java:138)
	at org.springframework.web.filter.OncePerRequestFilter.doFilter(OncePerRequestFilter.java:110)
	at org.apache.catalina.core.ApplicationFilterChain.internalDoFilter(ApplicationFilterChain.java:162)
	at org.apache.catalina.core.ApplicationFilterChain.doFilter(ApplicationFilterChain.java:138)
	at org.springframework.web.filter.OncePerRequestFilter.doFilter(OncePerRequestFilter.java:110)
	at org.apache.catalina.core.ApplicationFilterChain.internalDoFilter(ApplicationFilterChain.java:162)
	at org.apache.catalina.core.ApplicationFilterChain.doFilter(ApplicationFilterChain.java:138)
	at org.springframework.web.filter.CompositeFilter$VirtualFilterChain.doFilter(CompositeFilter.java:108)
	at org.springframework.web.filter.CompositeFilter$VirtualFilterChain.doFilter(CompositeFilter.java:108)
	at org.springframework.security.web.FilterChainProxy.lambda$doFilterInternal$3(FilterChainProxy.java:231)
	at org.springframework.security.web.FilterChainProxy$VirtualFilterChain.doFilter(FilterChainProxy.java:365)
	at org.springframework.security.web.access.intercept.AuthorizationFilter.doFilter(AuthorizationFilter.java:101)
	at org.springframework.security.web.FilterChainProxy$VirtualFilterChain.doFilter(FilterChainProxy.java:374)
	at org.springframework.security.web.access.ExceptionTranslationFilter.doFilter(ExceptionTranslationFilter.java:125)
	at org.springframework.security.web.access.ExceptionTranslationFilter.doFilter(ExceptionTranslationFilter.java:119)
	at org.springframework.security.web.FilterChainProxy$VirtualFilterChain.doFilter(FilterChainProxy.java:374)
	at org.springframework.security.web.session.SessionManagementFilter.doFilter(SessionManagementFilter.java:131)
	at org.springframework.security.web.session.SessionManagementFilter.doFilter(SessionManagementFilter.java:85)
	at org.springframework.security.web.FilterChainProxy$VirtualFilterChain.doFilter(FilterChainProxy.java:374)
	at org.springframework.security.web.authentication.AnonymousAuthenticationFilter.doFilter(AnonymousAuthenticationFilter.java:100)
	at org.springframework.security.web.FilterChainProxy$VirtualFilterChain.doFilter(FilterChainProxy.java:374)
	at org.springframework.security.web.servletapi.SecurityContextHolderAwareRequestFilter.doFilter(SecurityContextHolderAwareRequestFilter.java:179)
	at org.springframework.security.web.FilterChainProxy$VirtualFilterChain.doFilter(FilterChainProxy.java:374)
	at org.springframework.security.web.savedrequest.RequestCacheAwareFilter.doFilter(RequestCacheAwareFilter.java:63)
	at org.springframework.security.web.FilterChainProxy$VirtualFilterChain.doFilter(FilterChainProxy.java:374)
	at com.example.eventsphere.filter.RequestLoggingFilter.doFilterInternal(RequestLoggingFilter.java:63)
	at org.springframework.web.filter.OncePerRequestFilter.doFilter(OncePerRequestFilter.java:116)
	at org.springframework.security.web.FilterChainProxy$VirtualFilterChain.doFilter(FilterChainProxy.java:374)
	at com.example.eventsphere.filter.JwtAuthenticationFilter.doFilterInternal(JwtAuthenticationFilter.java:66)
	at org.springframework.web.filter.OncePerRequestFilter.doFilter(OncePerRequestFilter.java:116)
	at org.springframework.security.web.FilterChainProxy$VirtualFilterChain.doFilter(FilterChainProxy.java:374)
	at org.springframework.security.web.authentication.logout.LogoutFilter.doFilter(LogoutFilter.java:107)
	at org.springframework.security.web.authentication.logout.LogoutFilter.doFilter(LogoutFilter.java:93)
	at org.springframework.security.web.FilterChainProxy$VirtualFilterChain.doFilter(FilterChainProxy.java:374)
	at org.springframework.web.filter.CorsFilter.doFilterInternal(CorsFilter.java:91)
	at org.springframework.web.filter.OncePerRequestFilter.doFilter(OncePerRequestFilter.java:116)
	at org.springframework.security.web.FilterChainProxy$VirtualFilterChain.doFilter(FilterChainProxy.java:374)
	at org.springframework.security.web.header.HeaderWriterFilter.doHeadersAfter(HeaderWriterFilter.java:90)
	at org.springframework.security.web.header.HeaderWriterFilter.doFilterInternal(HeaderWriterFilter.java:75)
	at org.springframework.web.filter.OncePerRequestFilter.doFilter(OncePerRequestFilter.java:116)
	at org.springframework.security.web.FilterChainProxy$VirtualFilterChain.doFilter(FilterChainProxy.java:374)
	at org.springframework.security.web.context.SecurityContextHolderFilter.doFilter(SecurityContextHolderFilter.java:82)
	at org.springframework.security.web.context.SecurityContextHolderFilter.doFilter(SecurityContextHolderFilter.java:69)
	at org.springframework.security.web.FilterChainProxy$VirtualFilterChain.doFilter(FilterChainProxy.java:374)
	at org.springframework.security.web.context.request.async.WebAsyncManagerIntegrationFilter.doFilterInternal(WebAsyncManagerIntegrationFilter.java:62)
	at org.springframework.web.filter.OncePerRequestFilter.doFilter(OncePerRequestFilter.java:116)
	at org.springframework.security.web.FilterChainProxy$VirtualFilterChain.doFilter(FilterChainProxy.java:374)
	at org.springframework.security.web.session.DisableEncodeUrlFilter.doFilterInternal(DisableEncodeUrlFilter.java:42)
	at org.springframework.web.filter.OncePerRequestFilter.doFilter(OncePerRequestFilter.java:116)
	at org.springframework.security.web.FilterChainProxy$VirtualFilterChain.doFilter(FilterChainProxy.java:374)
	at org.springframework.security.web.FilterChainProxy.doFilterInternal(FilterChainProxy.java:233)
	at org.springframework.security.web.FilterChainProxy.doFilter(FilterChainProxy.java:191)
	at org.springframework.web.filter.CompositeFilter$VirtualFilterChain.doFilter(CompositeFilter.java:113)
	at org.springframework.web.filter.ServletRequestPathFilter.doFilter(ServletRequestPathFilter.java:52)
	at org.springframework.web.filter.CompositeFilter$VirtualFilterChain.doFilter(CompositeFilter.java:113)
	at org.springframework.web.filter.CompositeFilter.doFilter(CompositeFilter.java:74)
	at org.springframework.security.config.annotation.web.configuration.WebSecurityConfiguration$CompositeFilterChainProxy.doFilter(WebSecurityConfiguration.java:319)
	at org.springframework.web.filter.CompositeFilter$VirtualFilterChain.doFilter(CompositeFilter.java:113)
	at org.springframework.web.servlet.handler.HandlerMappingIntrospector.lambda$createCacheFilter$4(HandlerMappingIntrospector.java:267)
	at org.springframework.web.filter.CompositeFilter$VirtualFilterChain.doFilter(CompositeFilter.java:113)
	at org.springframework.web.filter.CompositeFilter.doFilter(CompositeFilter.java:74)
	at org.springframework.security.config.annotation.web.configuration.WebMvcSecurityConfiguration$CompositeFilterChainProxy.doFilter(WebMvcSecurityConfiguration.java:240)
	at org.springframework.web.filter.DelegatingFilterProxy.invokeDelegate(DelegatingFilterProxy.java:362)
	at org.springframework.web.filter.DelegatingFilterProxy.doFilter(DelegatingFilterProxy.java:278)
	at org.apache.catalina.core.ApplicationFilterChain.internalDoFilter(ApplicationFilterChain.java:162)
	at org.apache.catalina.core.ApplicationFilterChain.doFilter(ApplicationFilterChain.java:138)
	at org.springframework.web.filter.RequestContextFilter.doFilterInternal(RequestContextFilter.java:100)
	at org.springframework.web.filter.OncePerRequestFilter.doFilter(OncePerRequestFilter.java:116)
	at org.apache.catalina.core.ApplicationFilterChain.internalDoFilter(ApplicationFilterChain.java:162)
	at org.apache.catalina.core.ApplicationFilterChain.doFilter(ApplicationFilterChain.java:138)
	at org.springframework.web.filter.FormContentFilter.doFilterInternal(FormContentFilter.java:93)
	at org.springframework.web.filter.OncePerRequestFilter.doFilter(OncePerRequestFilter.java:116)
	at org.apache.catalina.core.ApplicationFilterChain.internalDoFilter(ApplicationFilterChain.java:162)
	at org.apache.catalina.core.ApplicationFilterChain.doFilter(ApplicationFilterChain.java:138)
	at org.springframework.web.filter.CharacterEncodingFilter.doFilterInternal(CharacterEncodingFilter.java:201)
	at org.springframework.web.filter.OncePerRequestFilter.doFilter(OncePerRequestFilter.java:116)
	at org.apache.catalina.core.ApplicationFilterChain.internalDoFilter(ApplicationFilterChain.java:162)
	at org.apache.catalina.core.ApplicationFilterChain.doFilter(ApplicationFilterChain.java:138)
	at org.apache.catalina.core.StandardWrapperValve.invoke(StandardWrapperValve.java:165)
	at org.apache.catalina.core.StandardContextValve.invoke(StandardContextValve.java:88)
	at org.apache.catalina.authenticator.AuthenticatorBase.invoke(AuthenticatorBase.java:492)
	at org.apache.catalina.core.StandardHostValve.invoke(StandardHostValve.java:113)
	at org.apache.catalina.valves.ErrorReportValve.invoke(ErrorReportValve.java:83)
	at org.apache.catalina.core.StandardEngineValve.invoke(StandardEngineValve.java:72)
	at org.apache.catalina.connector.CoyoteAdapter.service(CoyoteAdapter.java:342)
	at org.apache.coyote.http11.Http11Processor.service(Http11Processor.java:399)
	at org.apache.coyote.AbstractProcessorLight.process(AbstractProcessorLight.java:63)
	at org.apache.coyote.AbstractProtocol$ConnectionHandler.process(AbstractProtocol.java:903)
	at org.apache.tomcat.util.net.NioEndpoint$SocketProcessor.doRun(NioEndpoint.java:1775)
	at org.apache.tomcat.util.net.SocketProcessorBase.run(SocketProcessorBase.java:52)
	at org.apache.tomcat.util.threads.ThreadPoolExecutor.runWorker(ThreadPoolExecutor.java:973)
	at org.apache.tomcat.util.threads.ThreadPoolExecutor$Worker.run(ThreadPoolExecutor.java:491)
	at org.apache.tomcat.util.threads.TaskThread$WrappingRunnable.run(TaskThread.java:63)
	at java.base/java.lang.Thread.run(Thread.java:840)
2026-05-02 06:20:57 [http-nio-8080-exec-1] INFO  [IP: 0:0:0:0:0:0:0:1 | User Name: anonymous_user | User ID: anonymous_id | POST /api/auth/signup/complete] c.e.e.filter.RequestLoggingFilter - Completed in 9 ms with status 500
2026-05-02 06:21:23 [http-nio-8080-exec-2] INFO  [IP: 0:0:0:0:0:0:0:1 | User Name: anonymous_user | User ID: anonymous_id | POST /api/auth/signup/complete] c.e.e.filter.RequestLoggingFilter - Incoming Request
2026-05-02 06:21:23 [http-nio-8080-exec-2] ERROR [IP: 0:0:0:0:0:0:0:1 | User Name: anonymous_user | User ID: anonymous_id | POST /api/auth/signup/complete] c.e.e.e.GlobalExceptionHandler - CRITICAL: Unhandled exception at /api/auth/signup/complete
org.springframework.web.bind.MissingRequestHeaderException: Required request header 'Authorization' for method parameter type String is not present
	at org.springframework.web.method.annotation.RequestHeaderMethodArgumentResolver.handleMissingValue(RequestHeaderMethodArgumentResolver.java:87)
	at org.springframework.web.method.annotation.AbstractNamedValueMethodArgumentResolver.handleMissingValue(AbstractNamedValueMethodArgumentResolver.java:234)
	at org.springframework.web.method.annotation.AbstractNamedValueMethodArgumentResolver.resolveArgument(AbstractNamedValueMethodArgumentResolver.java:125)
	at org.springframework.web.method.support.HandlerMethodArgumentResolverComposite.resolveArgument(HandlerMethodArgumentResolverComposite.java:122)
	at org.springframework.web.method.support.InvocableHandlerMethod.getMethodArgumentValues(InvocableHandlerMethod.java:227)
	at org.springframework.web.method.support.InvocableHandlerMethod.invokeForRequest(InvocableHandlerMethod.java:181)
	at org.springframework.web.servlet.mvc.method.annotation.ServletInvocableHandlerMethod.invokeAndHandle(ServletInvocableHandlerMethod.java:118)
	at org.springframework.web.servlet.mvc.method.annotation.RequestMappingHandlerAdapter.invokeHandlerMethod(RequestMappingHandlerAdapter.java:991)
	at org.springframework.web.servlet.mvc.method.annotation.RequestMappingHandlerAdapter.handleInternal(RequestMappingHandlerAdapter.java:896)
	at org.springframework.web.servlet.mvc.method.AbstractHandlerMethodAdapter.handle(AbstractHandlerMethodAdapter.java:87)
	at org.springframework.web.servlet.DispatcherServlet.doDispatch(DispatcherServlet.java:1089)
	at org.springframework.web.servlet.DispatcherServlet.doService(DispatcherServlet.java:979)
	at org.springframework.web.servlet.FrameworkServlet.processRequest(FrameworkServlet.java:1014)
	at org.springframework.web.servlet.FrameworkServlet.doPost(FrameworkServlet.java:914)
	at jakarta.servlet.http.HttpServlet.service(HttpServlet.java:590)
	at org.springframework.web.servlet.FrameworkServlet.service(FrameworkServlet.java:885)
	at jakarta.servlet.http.HttpServlet.service(HttpServlet.java:658)
	at org.apache.catalina.core.ApplicationFilterChain.internalDoFilter(ApplicationFilterChain.java:193)
	at org.apache.catalina.core.ApplicationFilterChain.doFilter(ApplicationFilterChain.java:138)
	at org.apache.tomcat.websocket.server.WsFilter.doFilter(WsFilter.java:51)
	at org.apache.catalina.core.ApplicationFilterChain.internalDoFilter(ApplicationFilterChain.java:162)
	at org.apache.catalina.core.ApplicationFilterChain.doFilter(ApplicationFilterChain.java:138)
	at org.springframework.web.filter.OncePerRequestFilter.doFilter(OncePerRequestFilter.java:110)
	at org.apache.catalina.core.ApplicationFilterChain.internalDoFilter(ApplicationFilterChain.java:162)
	at org.apache.catalina.core.ApplicationFilterChain.doFilter(ApplicationFilterChain.java:138)
	at org.springframework.web.filter.OncePerRequestFilter.doFilter(OncePerRequestFilter.java:110)
	at org.apache.catalina.core.ApplicationFilterChain.internalDoFilter(ApplicationFilterChain.java:162)
	at org.apache.catalina.core.ApplicationFilterChain.doFilter(ApplicationFilterChain.java:138)
	at org.springframework.web.filter.CompositeFilter$VirtualFilterChain.doFilter(CompositeFilter.java:108)
	at org.springframework.web.filter.CompositeFilter$VirtualFilterChain.doFilter(CompositeFilter.java:108)
	at org.springframework.security.web.FilterChainProxy.lambda$doFilterInternal$3(FilterChainProxy.java:231)
	at org.springframework.security.web.FilterChainProxy$VirtualFilterChain.doFilter(FilterChainProxy.java:365)
	at org.springframework.security.web.access.intercept.AuthorizationFilter.doFilter(AuthorizationFilter.java:101)
	at org.springframework.security.web.FilterChainProxy$VirtualFilterChain.doFilter(FilterChainProxy.java:374)
	at org.springframework.security.web.access.ExceptionTranslationFilter.doFilter(ExceptionTranslationFilter.java:125)
	at org.springframework.security.web.access.ExceptionTranslationFilter.doFilter(ExceptionTranslationFilter.java:119)
	at org.springframework.security.web.FilterChainProxy$VirtualFilterChain.doFilter(FilterChainProxy.java:374)
	at org.springframework.security.web.session.SessionManagementFilter.doFilter(SessionManagementFilter.java:131)
	at org.springframework.security.web.session.SessionManagementFilter.doFilter(SessionManagementFilter.java:85)
	at org.springframework.security.web.FilterChainProxy$VirtualFilterChain.doFilter(FilterChainProxy.java:374)
	at org.springframework.security.web.authentication.AnonymousAuthenticationFilter.doFilter(AnonymousAuthenticationFilter.java:100)
	at org.springframework.security.web.FilterChainProxy$VirtualFilterChain.doFilter(FilterChainProxy.java:374)
	at org.springframework.security.web.servletapi.SecurityContextHolderAwareRequestFilter.doFilter(SecurityContextHolderAwareRequestFilter.java:179)
	at org.springframework.security.web.FilterChainProxy$VirtualFilterChain.doFilter(FilterChainProxy.java:374)
	at org.springframework.security.web.savedrequest.RequestCacheAwareFilter.doFilter(RequestCacheAwareFilter.java:63)
	at org.springframework.security.web.FilterChainProxy$VirtualFilterChain.doFilter(FilterChainProxy.java:374)
	at com.example.eventsphere.filter.RequestLoggingFilter.doFilterInternal(RequestLoggingFilter.java:63)
	at org.springframework.web.filter.OncePerRequestFilter.doFilter(OncePerRequestFilter.java:116)
	at org.springframework.security.web.FilterChainProxy$VirtualFilterChain.doFilter(FilterChainProxy.java:374)
	at com.example.eventsphere.filter.JwtAuthenticationFilter.doFilterInternal(JwtAuthenticationFilter.java:66)
	at org.springframework.web.filter.OncePerRequestFilter.doFilter(OncePerRequestFilter.java:116)
	at org.springframework.security.web.FilterChainProxy$VirtualFilterChain.doFilter(FilterChainProxy.java:374)
	at org.springframework.security.web.authentication.logout.LogoutFilter.doFilter(LogoutFilter.java:107)
	at org.springframework.security.web.authentication.logout.LogoutFilter.doFilter(LogoutFilter.java:93)
	at org.springframework.security.web.FilterChainProxy$VirtualFilterChain.doFilter(FilterChainProxy.java:374)
	at org.springframework.web.filter.CorsFilter.doFilterInternal(CorsFilter.java:91)
	at org.springframework.web.filter.OncePerRequestFilter.doFilter(OncePerRequestFilter.java:116)
	at org.springframework.security.web.FilterChainProxy$VirtualFilterChain.doFilter(FilterChainProxy.java:374)
	at org.springframework.security.web.header.HeaderWriterFilter.doHeadersAfter(HeaderWriterFilter.java:90)
	at org.springframework.security.web.header.HeaderWriterFilter.doFilterInternal(HeaderWriterFilter.java:75)
	at org.springframework.web.filter.OncePerRequestFilter.doFilter(OncePerRequestFilter.java:116)
	at org.springframework.security.web.FilterChainProxy$VirtualFilterChain.doFilter(FilterChainProxy.java:374)
	at org.springframework.security.web.context.SecurityContextHolderFilter.doFilter(SecurityContextHolderFilter.java:82)
	at org.springframework.security.web.context.SecurityContextHolderFilter.doFilter(SecurityContextHolderFilter.java:69)
	at org.springframework.security.web.FilterChainProxy$VirtualFilterChain.doFilter(FilterChainProxy.java:374)
	at org.springframework.security.web.context.request.async.WebAsyncManagerIntegrationFilter.doFilterInternal(WebAsyncManagerIntegrationFilter.java:62)
	at org.springframework.web.filter.OncePerRequestFilter.doFilter(OncePerRequestFilter.java:116)
	at org.springframework.security.web.FilterChainProxy$VirtualFilterChain.doFilter(FilterChainProxy.java:374)
	at org.springframework.security.web.session.DisableEncodeUrlFilter.doFilterInternal(DisableEncodeUrlFilter.java:42)
	at org.springframework.web.filter.OncePerRequestFilter.doFilter(OncePerRequestFilter.java:116)
	at org.springframework.security.web.FilterChainProxy$VirtualFilterChain.doFilter(FilterChainProxy.java:374)
	at org.springframework.security.web.FilterChainProxy.doFilterInternal(FilterChainProxy.java:233)
	at org.springframework.security.web.FilterChainProxy.doFilter(FilterChainProxy.java:191)
	at org.springframework.web.filter.CompositeFilter$VirtualFilterChain.doFilter(CompositeFilter.java:113)
	at org.springframework.web.filter.ServletRequestPathFilter.doFilter(ServletRequestPathFilter.java:52)
	at org.springframework.web.filter.CompositeFilter$VirtualFilterChain.doFilter(CompositeFilter.java:113)
	at org.springframework.web.filter.CompositeFilter.doFilter(CompositeFilter.java:74)
	at org.springframework.security.config.annotation.web.configuration.WebSecurityConfiguration$CompositeFilterChainProxy.doFilter(WebSecurityConfiguration.java:319)
	at org.springframework.web.filter.CompositeFilter$VirtualFilterChain.doFilter(CompositeFilter.java:113)
	at org.springframework.web.servlet.handler.HandlerMappingIntrospector.lambda$createCacheFilter$4(HandlerMappingIntrospector.java:267)
	at org.springframework.web.filter.CompositeFilter$VirtualFilterChain.doFilter(CompositeFilter.java:113)
	at org.springframework.web.filter.CompositeFilter.doFilter(CompositeFilter.java:74)
	at org.springframework.security.config.annotation.web.configuration.WebMvcSecurityConfiguration$CompositeFilterChainProxy.doFilter(WebMvcSecurityConfiguration.java:240)
	at org.springframework.web.filter.DelegatingFilterProxy.invokeDelegate(DelegatingFilterProxy.java:362)
	at org.springframework.web.filter.DelegatingFilterProxy.doFilter(DelegatingFilterProxy.java:278)
	at org.apache.catalina.core.ApplicationFilterChain.internalDoFilter(ApplicationFilterChain.java:162)
	at org.apache.catalina.core.ApplicationFilterChain.doFilter(ApplicationFilterChain.java:138)
	at org.springframework.web.filter.RequestContextFilter.doFilterInternal(RequestContextFilter.java:100)
	at org.springframework.web.filter.OncePerRequestFilter.doFilter(OncePerRequestFilter.java:116)
	at org.apache.catalina.core.ApplicationFilterChain.internalDoFilter(ApplicationFilterChain.java:162)
	at org.apache.catalina.core.ApplicationFilterChain.doFilter(ApplicationFilterChain.java:138)
	at org.springframework.web.filter.FormContentFilter.doFilterInternal(FormContentFilter.java:93)
	at org.springframework.web.filter.OncePerRequestFilter.doFilter(OncePerRequestFilter.java:116)
	at org.apache.catalina.core.ApplicationFilterChain.internalDoFilter(ApplicationFilterChain.java:162)
	at org.apache.catalina.core.ApplicationFilterChain.doFilter(ApplicationFilterChain.java:138)
	at org.springframework.web.filter.CharacterEncodingFilter.doFilterInternal(CharacterEncodingFilter.java:201)
	at org.springframework.web.filter.OncePerRequestFilter.doFilter(OncePerRequestFilter.java:116)
	at org.apache.catalina.core.ApplicationFilterChain.internalDoFilter(ApplicationFilterChain.java:162)
	at org.apache.catalina.core.ApplicationFilterChain.doFilter(ApplicationFilterChain.java:138)
	at org.apache.catalina.core.StandardWrapperValve.invoke(StandardWrapperValve.java:165)
	at org.apache.catalina.core.StandardContextValve.invoke(StandardContextValve.java:88)
	at org.apache.catalina.authenticator.AuthenticatorBase.invoke(AuthenticatorBase.java:492)
	at org.apache.catalina.core.StandardHostValve.invoke(StandardHostValve.java:113)
	at org.apache.catalina.valves.ErrorReportValve.invoke(ErrorReportValve.java:83)
	at org.apache.catalina.core.StandardEngineValve.invoke(StandardEngineValve.java:72)
	at org.apache.catalina.connector.CoyoteAdapter.service(CoyoteAdapter.java:342)
	at org.apache.coyote.http11.Http11Processor.service(Http11Processor.java:399)
	at org.apache.coyote.AbstractProcessorLight.process(AbstractProcessorLight.java:63)
	at org.apache.coyote.AbstractProtocol$ConnectionHandler.process(AbstractProtocol.java:903)
	at org.apache.tomcat.util.net.NioEndpoint$SocketProcessor.doRun(NioEndpoint.java:1775)
	at org.apache.tomcat.util.net.SocketProcessorBase.run(SocketProcessorBase.java:52)
	at org.apache.tomcat.util.threads.ThreadPoolExecutor.runWorker(ThreadPoolExecutor.java:973)
	at org.apache.tomcat.util.threads.ThreadPoolExecutor$Worker.run(ThreadPoolExecutor.java:491)
	at org.apache.tomcat.util.threads.TaskThread$WrappingRunnable.run(TaskThread.java:63)
	at java.base/java.lang.Thread.run(Thread.java:840)
2026-05-02 06:21:23 [http-nio-8080-exec-2] INFO  [IP: 0:0:0:0:0:0:0:1 | User Name: anonymous_user | User ID: anonymous_id | POST /api/auth/signup/complete] c.e.e.filter.RequestLoggingFilter - Completed in 10 ms with status 500
2026-05-02 06:25:03 [http-nio-8080-exec-3] ERROR [IP:  | User Name:  | User ID:  |  ] c.e.e.filter.JwtAuthenticationFilter - Could not set user authentication in security context
java.lang.IllegalArgumentException: Invalid UUID string: sovafa7370@inreur.com
	at java.base/java.util.UUID.fromString1(UUID.java:280)
	at java.base/java.util.UUID.fromString(UUID.java:258)
	at com.example.eventsphere.filter.JwtAuthenticationFilter.doFilterInternal(JwtAuthenticationFilter.java:60)
	at org.springframework.web.filter.OncePerRequestFilter.doFilter(OncePerRequestFilter.java:116)
	at org.springframework.security.web.FilterChainProxy$VirtualFilterChain.doFilter(FilterChainProxy.java:374)
	at org.springframework.security.web.authentication.logout.LogoutFilter.doFilter(LogoutFilter.java:107)
	at org.springframework.security.web.authentication.logout.LogoutFilter.doFilter(LogoutFilter.java:93)
	at org.springframework.security.web.FilterChainProxy$VirtualFilterChain.doFilter(FilterChainProxy.java:374)
	at org.springframework.web.filter.CorsFilter.doFilterInternal(CorsFilter.java:91)
	at org.springframework.web.filter.OncePerRequestFilter.doFilter(OncePerRequestFilter.java:116)
	at org.springframework.security.web.FilterChainProxy$VirtualFilterChain.doFilter(FilterChainProxy.java:374)
	at org.springframework.security.web.header.HeaderWriterFilter.doHeadersAfter(HeaderWriterFilter.java:90)
	at org.springframework.security.web.header.HeaderWriterFilter.doFilterInternal(HeaderWriterFilter.java:75)
	at org.springframework.web.filter.OncePerRequestFilter.doFilter(OncePerRequestFilter.java:116)
	at org.springframework.security.web.FilterChainProxy$VirtualFilterChain.doFilter(FilterChainProxy.java:374)
	at org.springframework.security.web.context.SecurityContextHolderFilter.doFilter(SecurityContextHolderFilter.java:82)
	at org.springframework.security.web.context.SecurityContextHolderFilter.doFilter(SecurityContextHolderFilter.java:69)
	at org.springframework.security.web.FilterChainProxy$VirtualFilterChain.doFilter(FilterChainProxy.java:374)
	at org.springframework.security.web.context.request.async.WebAsyncManagerIntegrationFilter.doFilterInternal(WebAsyncManagerIntegrationFilter.java:62)
	at org.springframework.web.filter.OncePerRequestFilter.doFilter(OncePerRequestFilter.java:116)
	at org.springframework.security.web.FilterChainProxy$VirtualFilterChain.doFilter(FilterChainProxy.java:374)
	at org.springframework.security.web.session.DisableEncodeUrlFilter.doFilterInternal(DisableEncodeUrlFilter.java:42)
	at org.springframework.web.filter.OncePerRequestFilter.doFilter(OncePerRequestFilter.java:116)
	at org.springframework.security.web.FilterChainProxy$VirtualFilterChain.doFilter(FilterChainProxy.java:374)
	at org.springframework.security.web.FilterChainProxy.doFilterInternal(FilterChainProxy.java:233)
	at org.springframework.security.web.FilterChainProxy.doFilter(FilterChainProxy.java:191)
	at org.springframework.web.filter.CompositeFilter$VirtualFilterChain.doFilter(CompositeFilter.java:113)
	at org.springframework.web.filter.ServletRequestPathFilter.doFilter(ServletRequestPathFilter.java:52)
	at org.springframework.web.filter.CompositeFilter$VirtualFilterChain.doFilter(CompositeFilter.java:113)
	at org.springframework.web.filter.CompositeFilter.doFilter(CompositeFilter.java:74)
	at org.springframework.security.config.annotation.web.configuration.WebSecurityConfiguration$CompositeFilterChainProxy.doFilter(WebSecurityConfiguration.java:319)
	at org.springframework.web.filter.CompositeFilter$VirtualFilterChain.doFilter(CompositeFilter.java:113)
	at org.springframework.web.servlet.handler.HandlerMappingIntrospector.lambda$createCacheFilter$4(HandlerMappingIntrospector.java:267)
	at org.springframework.web.filter.CompositeFilter$VirtualFilterChain.doFilter(CompositeFilter.java:113)
	at org.springframework.web.filter.CompositeFilter.doFilter(CompositeFilter.java:74)
	at org.springframework.security.config.annotation.web.configuration.WebMvcSecurityConfiguration$CompositeFilterChainProxy.doFilter(WebMvcSecurityConfiguration.java:240)
	at org.springframework.web.filter.DelegatingFilterProxy.invokeDelegate(DelegatingFilterProxy.java:362)
	at org.springframework.web.filter.DelegatingFilterProxy.doFilter(DelegatingFilterProxy.java:278)
	at org.apache.catalina.core.ApplicationFilterChain.internalDoFilter(ApplicationFilterChain.java:162)
	at org.apache.catalina.core.ApplicationFilterChain.doFilter(ApplicationFilterChain.java:138)
	at org.springframework.web.filter.RequestContextFilter.doFilterInternal(RequestContextFilter.java:100)
	at org.springframework.web.filter.OncePerRequestFilter.doFilter(OncePerRequestFilter.java:116)
	at org.apache.catalina.core.ApplicationFilterChain.internalDoFilter(ApplicationFilterChain.java:162)
	at org.apache.catalina.core.ApplicationFilterChain.doFilter(ApplicationFilterChain.java:138)
	at org.springframework.web.filter.FormContentFilter.doFilterInternal(FormContentFilter.java:93)
	at org.springframework.web.filter.OncePerRequestFilter.doFilter(OncePerRequestFilter.java:116)
	at org.apache.catalina.core.ApplicationFilterChain.internalDoFilter(ApplicationFilterChain.java:162)
	at org.apache.catalina.core.ApplicationFilterChain.doFilter(ApplicationFilterChain.java:138)
	at org.springframework.web.filter.CharacterEncodingFilter.doFilterInternal(CharacterEncodingFilter.java:201)
	at org.springframework.web.filter.OncePerRequestFilter.doFilter(OncePerRequestFilter.java:116)
	at org.apache.catalina.core.ApplicationFilterChain.internalDoFilter(ApplicationFilterChain.java:162)
	at org.apache.catalina.core.ApplicationFilterChain.doFilter(ApplicationFilterChain.java:138)
	at org.apache.catalina.core.StandardWrapperValve.invoke(StandardWrapperValve.java:165)
	at org.apache.catalina.core.StandardContextValve.invoke(StandardContextValve.java:88)
	at org.apache.catalina.authenticator.AuthenticatorBase.invoke(AuthenticatorBase.java:492)
	at org.apache.catalina.core.StandardHostValve.invoke(StandardHostValve.java:113)
	at org.apache.catalina.valves.ErrorReportValve.invoke(ErrorReportValve.java:83)
	at org.apache.catalina.core.StandardEngineValve.invoke(StandardEngineValve.java:72)
	at org.apache.catalina.connector.CoyoteAdapter.service(CoyoteAdapter.java:342)
	at org.apache.coyote.http11.Http11Processor.service(Http11Processor.java:399)
	at org.apache.coyote.AbstractProcessorLight.process(AbstractProcessorLight.java:63)
	at org.apache.coyote.AbstractProtocol$ConnectionHandler.process(AbstractProtocol.java:903)
	at org.apache.tomcat.util.net.NioEndpoint$SocketProcessor.doRun(NioEndpoint.java:1775)
	at org.apache.tomcat.util.net.SocketProcessorBase.run(SocketProcessorBase.java:52)
	at org.apache.tomcat.util.threads.ThreadPoolExecutor.runWorker(ThreadPoolExecutor.java:973)
	at org.apache.tomcat.util.threads.ThreadPoolExecutor$Worker.run(ThreadPoolExecutor.java:491)
	at org.apache.tomcat.util.threads.TaskThread$WrappingRunnable.run(TaskThread.java:63)
	at java.base/java.lang.Thread.run(Thread.java:840)
2026-05-02 06:30:33 [SpringApplicationShutdownHook] INFO  [IP:  | User Name:  | User ID:  |  ] o.s.b.w.e.tomcat.GracefulShutdown - Commencing graceful shutdown. Waiting for active requests to complete
2026-05-02 06:30:35 [tomcat-shutdown] INFO  [IP:  | User Name:  | User ID:  |  ] o.s.b.w.e.tomcat.GracefulShutdown - Graceful shutdown complete
2026-05-02 06:30:35 [SpringApplicationShutdownHook] INFO  [IP:  | User Name:  | User ID:  |  ] o.s.o.j.LocalContainerEntityManagerFactoryBean - Closing JPA EntityManagerFactory for persistence unit 'default'
2026-05-02 06:30:35 [SpringApplicationShutdownHook] INFO  [IP:  | User Name:  | User ID:  |  ] com.zaxxer.hikari.HikariDataSource - HikariPool-1 - Shutdown initiated...
2026-05-02 06:30:35 [SpringApplicationShutdownHook] INFO  [IP:  | User Name:  | User ID:  |  ] com.zaxxer.hikari.HikariDataSource - HikariPool-1 - Shutdown completed.
2026-05-02 06:31:01 [background-preinit] INFO  [IP:  | User Name:  | User ID:  |  ] o.h.validator.internal.util.Version - HV000001: Hibernate Validator 8.0.3.Final
2026-05-02 06:31:01 [main] INFO  [IP:  | User Name:  | User ID:  |  ] c.e.e.EventsphereApplication - Starting EventsphereApplication using Java 17.0.14 with PID 15060 (D:\SpringBoot\eventsphere\target\classes started by AMU in D:\SpringBoot\eventsphere)
2026-05-02 06:31:01 [main] INFO  [IP:  | User Name:  | User ID:  |  ] c.e.e.EventsphereApplication - No active profile set, falling back to 1 default profile: "default"
2026-05-02 06:31:06 [main] INFO  [IP:  | User Name:  | User ID:  |  ] o.s.d.r.c.RepositoryConfigurationDelegate - Multiple Spring Data modules found, entering strict repository configuration mode
2026-05-02 06:31:06 [main] INFO  [IP:  | User Name:  | User ID:  |  ] o.s.d.r.c.RepositoryConfigurationDelegate - Bootstrapping Spring Data JPA repositories in DEFAULT mode.
2026-05-02 06:31:06 [main] INFO  [IP:  | User Name:  | User ID:  |  ] o.s.d.r.c.RepositoryConfigurationDelegate - Finished Spring Data repository scanning in 458 ms. Found 4 JPA repository interfaces.
2026-05-02 06:31:06 [main] INFO  [IP:  | User Name:  | User ID:  |  ] o.s.d.r.c.RepositoryConfigurationDelegate - Multiple Spring Data modules found, entering strict repository configuration mode
2026-05-02 06:31:06 [main] INFO  [IP:  | User Name:  | User ID:  |  ] o.s.d.r.c.RepositoryConfigurationDelegate - Bootstrapping Spring Data Redis repositories in DEFAULT mode.
2026-05-02 06:31:06 [main] INFO  [IP:  | User Name:  | User ID:  |  ] o.s.d.r.c.RepositoryConfigurationExtensionSupport - Spring Data Redis - Could not safely identify store assignment for repository candidate interface com.example.eventsphere.repository.CategoryRepository; If you want this repository to be a Redis repository, consider annotating your entities with one of these annotations: org.springframework.data.redis.core.RedisHash (preferred), or consider extending one of the following types with your repository: org.springframework.data.keyvalue.repository.KeyValueRepository
2026-05-02 06:31:06 [main] INFO  [IP:  | User Name:  | User ID:  |  ] o.s.d.r.c.RepositoryConfigurationExtensionSupport - Spring Data Redis - Could not safely identify store assignment for repository candidate interface com.example.eventsphere.repository.EventRepository; If you want this repository to be a Redis repository, consider annotating your entities with one of these annotations: org.springframework.data.redis.core.RedisHash (preferred), or consider extending one of the following types with your repository: org.springframework.data.keyvalue.repository.KeyValueRepository
2026-05-02 06:31:06 [main] INFO  [IP:  | User Name:  | User ID:  |  ] o.s.d.r.c.RepositoryConfigurationExtensionSupport - Spring Data Redis - Could not safely identify store assignment for repository candidate interface com.example.eventsphere.repository.UserRepository; If you want this repository to be a Redis repository, consider annotating your entities with one of these annotations: org.springframework.data.redis.core.RedisHash (preferred), or consider extending one of the following types with your repository: org.springframework.data.keyvalue.repository.KeyValueRepository
2026-05-02 06:31:06 [main] INFO  [IP:  | User Name:  | User ID:  |  ] o.s.d.r.c.RepositoryConfigurationExtensionSupport - Spring Data Redis - Could not safely identify store assignment for repository candidate interface com.example.eventsphere.repository.WorkspaceRepository; If you want this repository to be a Redis repository, consider annotating your entities with one of these annotations: org.springframework.data.redis.core.RedisHash (preferred), or consider extending one of the following types with your repository: org.springframework.data.keyvalue.repository.KeyValueRepository
2026-05-02 06:31:06 [main] INFO  [IP:  | User Name:  | User ID:  |  ] o.s.d.r.c.RepositoryConfigurationDelegate - Finished Spring Data repository scanning in 30 ms. Found 0 Redis repository interfaces.
2026-05-02 06:31:09 [main] INFO  [IP:  | User Name:  | User ID:  |  ] o.s.b.w.e.tomcat.TomcatWebServer - Tomcat initialized with port 8080 (http)
2026-05-02 06:31:09 [main] INFO  [IP:  | User Name:  | User ID:  |  ] o.a.coyote.http11.Http11NioProtocol - Initializing ProtocolHandler ["http-nio-8080"]
2026-05-02 06:31:09 [main] INFO  [IP:  | User Name:  | User ID:  |  ] o.a.catalina.core.StandardService - Starting service [Tomcat]
2026-05-02 06:31:09 [main] INFO  [IP:  | User Name:  | User ID:  |  ] o.a.catalina.core.StandardEngine - Starting Servlet engine: [Apache Tomcat/10.1.53]
2026-05-02 06:31:09 [main] INFO  [IP:  | User Name:  | User ID:  |  ] o.a.c.c.C.[Tomcat].[localhost].[/] - Initializing Spring embedded WebApplicationContext
2026-05-02 06:31:09 [main] INFO  [IP:  | User Name:  | User ID:  |  ] o.s.b.w.s.c.ServletWebServerApplicationContext - Root WebApplicationContext: initialization completed in 7172 ms
2026-05-02 06:31:10 [main] INFO  [IP:  | User Name:  | User ID:  |  ] o.h.jpa.internal.util.LogHelper - HHH000204: Processing PersistenceUnitInfo [name: default]
2026-05-02 06:31:10 [main] INFO  [IP:  | User Name:  | User ID:  |  ] org.hibernate.Version - HHH000412: Hibernate ORM core version 6.6.45.Final
2026-05-02 06:31:10 [main] INFO  [IP:  | User Name:  | User ID:  |  ] o.h.s.integration.SpatialService - HHH80000001: hibernate-spatial integration enabled : true
2026-05-02 06:31:10 [main] INFO  [IP:  | User Name:  | User ID:  |  ] o.h.c.i.RegionFactoryInitiator - HHH000026: Second-level cache disabled
2026-05-02 06:31:10 [main] INFO  [IP:  | User Name:  | User ID:  |  ] com.zaxxer.hikari.HikariDataSource - HikariPool-1 - Starting...
2026-05-02 06:31:13 [main] INFO  [IP:  | User Name:  | User ID:  |  ] com.zaxxer.hikari.pool.HikariPool - HikariPool-1 - Added connection org.postgresql.jdbc.PgConnection@1dfe5dd1
2026-05-02 06:31:13 [main] INFO  [IP:  | User Name:  | User ID:  |  ] com.zaxxer.hikari.HikariDataSource - HikariPool-1 - Start completed.
2026-05-02 06:31:13 [main] WARN  [IP:  | User Name:  | User ID:  |  ] org.hibernate.orm.deprecation - HHH90000025: PostgreSQLDialect does not need to be specified explicitly using 'hibernate.dialect' (remove the property setting and it will be selected by default)
2026-05-02 06:31:14 [main] INFO  [IP:  | User Name:  | User ID:  |  ] o.hibernate.orm.connections.pooling - HHH10001005: Database info:
	Database JDBC URL [Connecting through datasource 'HikariDataSource (HikariPool-1)']
	Database driver: undefined/unknown
	Database version: 17.6
	Autocommit mode: undefined/unknown
	Isolation level: undefined/unknown
	Minimum pool size: undefined/unknown
	Maximum pool size: undefined/unknown
2026-05-02 06:31:14 [main] INFO  [IP:  | User Name:  | User ID:  |  ] org.hibernate.spatial - HHH80000003: hibernate-spatial adding type contributions from : org.hibernate.spatial.dialect.postgis.PostgisDialectContributor
2026-05-02 06:31:15 [main] INFO  [IP:  | User Name:  | User ID:  |  ] o.s.o.j.p.SpringPersistenceUnitInfo - No LoadTimeWeaver setup: ignoring JPA class transformer
2026-05-02 06:31:15 [main] INFO  [IP:  | User Name:  | User ID:  |  ] org.hibernate.spatial - HHH80000003: hibernate-spatial adding type contributions from : org.hibernate.spatial.dialect.postgis.PostgisDialectContributor
2026-05-02 06:31:16 [main] INFO  [IP:  | User Name:  | User ID:  |  ] org.hibernate.spatial - HHH80000004: hibernate-spatial adding function contributions from : org.hibernate.spatial.dialect.postgis.PostgisDialectContributor
2026-05-02 06:31:18 [main] INFO  [IP:  | User Name:  | User ID:  |  ] o.h.e.t.j.p.i.JtaPlatformInitiator - HHH000489: No JTA platform available (set 'hibernate.transaction.jta.platform' to enable JTA platform integration)
2026-05-02 06:31:18 [main] INFO  [IP:  | User Name:  | User ID:  |  ] o.s.o.j.LocalContainerEntityManagerFactoryBean - Initialized JPA EntityManagerFactory for persistence unit 'default'
2026-05-02 06:31:19 [main] INFO  [IP:  | User Name:  | User ID:  |  ] o.s.d.j.r.query.QueryEnhancerFactory - Hibernate is in classpath; If applicable, HQL parser will be used.
2026-05-02 06:31:27 [main] INFO  [IP:  | User Name:  | User ID:  |  ] o.s.s.c.a.a.c.InitializeAuthenticationProviderBeanManagerConfigurer$InitializeAuthenticationProviderManagerConfigurer - Global AuthenticationManager configured with AuthenticationProvider bean with name authenticationProvider
2026-05-02 06:31:27 [main] WARN  [IP:  | User Name:  | User ID:  |  ] o.s.s.c.a.a.c.InitializeUserDetailsBeanManagerConfigurer$InitializeUserDetailsManagerConfigurer - Global AuthenticationManager configured with an AuthenticationProvider bean. UserDetailsService beans will not be used by Spring Security for automatically configuring username/password login. Consider removing the AuthenticationProvider bean. Alternatively, consider using the UserDetailsService in a manually instantiated DaoAuthenticationProvider. If the current configuration is intentional, to turn off this warning, increase the logging level of 'org.springframework.security.config.annotation.authentication.configuration.InitializeUserDetailsBeanManagerConfigurer' to ERROR
2026-05-02 06:31:28 [main] INFO  [IP:  | User Name:  | User ID:  |  ] o.a.coyote.http11.Http11NioProtocol - Starting ProtocolHandler ["http-nio-8080"]
2026-05-02 06:31:28 [main] INFO  [IP:  | User Name:  | User ID:  |  ] o.s.b.w.e.tomcat.TomcatWebServer - Tomcat started on port 8080 (http) with context path '/'
2026-05-02 06:31:28 [main] INFO  [IP:  | User Name:  | User ID:  |  ] c.e.e.EventsphereApplication - Started EventsphereApplication in 28.802 seconds (process running for 30.39)
2026-05-02 06:31:29 [main] INFO  [IP:  | User Name:  | User ID:  |  ] c.e.eventsphere.config.AdminConfig - Default Admin already exists. Skipping seeding.
2026-05-02 06:31:41 [http-nio-8080-exec-1] INFO  [IP:  | User Name:  | User ID:  |  ] o.a.c.c.C.[Tomcat].[localhost].[/] - Initializing Spring DispatcherServlet 'dispatcherServlet'
2026-05-02 06:31:41 [http-nio-8080-exec-1] INFO  [IP:  | User Name:  | User ID:  |  ] o.s.web.servlet.DispatcherServlet - Initializing Servlet 'dispatcherServlet'
2026-05-02 06:31:41 [http-nio-8080-exec-1] INFO  [IP:  | User Name:  | User ID:  |  ] o.s.web.servlet.DispatcherServlet - Completed initialization in 9 ms
2026-05-02 06:31:41 [http-nio-8080-exec-1] INFO  [IP: 0:0:0:0:0:0:0:1 | User Name: anonymous_user | User ID: anonymous_id | POST /api/auth/signup/complete] c.e.e.filter.RequestLoggingFilter - Incoming Request
2026-05-02 06:31:41 [http-nio-8080-exec-1] INFO  [IP: 0:0:0:0:0:0:0:1 | User Name: anonymous_user | User ID: anonymous_id | POST /api/auth/signup/complete] c.e.eventsphere.service.AuthService - Registration token expired. User took too long to complete profile.
2026-05-02 06:31:41 [http-nio-8080-exec-1] WARN  [IP: 0:0:0:0:0:0:0:1 | User Name: anonymous_user | User ID: anonymous_id | POST /api/auth/signup/complete] c.e.e.e.GlobalExceptionHandler - Business rule violation at /api/auth/signup/complete: Session expired. Please enter your email to get a new code.
2026-05-02 06:31:42 [http-nio-8080-exec-1] INFO  [IP: 0:0:0:0:0:0:0:1 | User Name: anonymous_user | User ID: anonymous_id | POST /api/auth/signup/complete] c.e.e.filter.RequestLoggingFilter - Completed in 768 ms with status 400
2026-05-02 06:32:21 [http-nio-8080-exec-2] INFO  [IP: 0:0:0:0:0:0:0:1 | User Name: anonymous_user | User ID: anonymous_id | POST /api/auth/signup/initiate] c.e.e.filter.RequestLoggingFilter - Incoming Request
2026-05-02 06:32:23 [http-nio-8080-exec-2] INFO  [IP: 0:0:0:0:0:0:0:1 | User Name: anonymous_user | User ID: anonymous_id | POST /api/auth/signup/initiate] c.e.eventsphere.service.OtpService - Generated new OTP for sovafa7370@inreur.com, expires in 10 minutes
2026-05-02 06:32:31 [http-nio-8080-exec-2] INFO  [IP: 0:0:0:0:0:0:0:1 | User Name: anonymous_user | User ID: anonymous_id | POST /api/auth/signup/initiate] c.e.eventsphere.service.EmailService - OTP email successfully sent to sovafa7370@inreur.com
2026-05-02 06:32:31 [http-nio-8080-exec-2] INFO  [IP: 0:0:0:0:0:0:0:1 | User Name: anonymous_user | User ID: anonymous_id | POST /api/auth/signup/initiate] c.e.eventsphere.service.AuthService - Signup initiated for email: sovafa7370@inreur.com
2026-05-02 06:32:31 [http-nio-8080-exec-2] INFO  [IP: 0:0:0:0:0:0:0:1 | User Name: anonymous_user | User ID: anonymous_id | POST /api/auth/signup/initiate] c.e.e.filter.RequestLoggingFilter - Completed in 10160 ms with status 200
2026-05-02 06:33:45 [http-nio-8080-exec-4] INFO  [IP: 0:0:0:0:0:0:0:1 | User Name: anonymous_user | User ID: anonymous_id | POST /api/auth/signup/verify] c.e.e.filter.RequestLoggingFilter - Incoming Request
2026-05-02 06:33:45 [http-nio-8080-exec-4] INFO  [IP: 0:0:0:0:0:0:0:1 | User Name: anonymous_user | User ID: anonymous_id | POST /api/auth/signup/verify] c.e.eventsphere.service.OtpService - OTP successfully verified and deleted for sovafa7370@inreur.com
2026-05-02 06:33:45 [http-nio-8080-exec-4] INFO  [IP: 0:0:0:0:0:0:0:1 | User Name: anonymous_user | User ID: anonymous_id | POST /api/auth/signup/verify] c.e.e.filter.RequestLoggingFilter - Completed in 100 ms with status 200
2026-05-02 06:34:11 [http-nio-8080-exec-5] INFO  [IP: 0:0:0:0:0:0:0:1 | User Name: anonymous_user | User ID: anonymous_id | POST /api/auth/signup/complete] c.e.e.filter.RequestLoggingFilter - Incoming Request
2026-05-02 06:34:12 [http-nio-8080-exec-5] WARN  [IP: 0:0:0:0:0:0:0:1 | User Name: anonymous_user | User ID: anonymous_id | POST /api/auth/signup/complete] o.h.e.jdbc.spi.SqlExceptionHelper - SQL Error: 0, SQLState: 23502
2026-05-02 06:34:12 [http-nio-8080-exec-5] ERROR [IP: 0:0:0:0:0:0:0:1 | User Name: anonymous_user | User ID: anonymous_id | POST /api/auth/signup/complete] o.h.e.jdbc.spi.SqlExceptionHelper - ERROR: null value in column "created_at" of relation "users" violates not-null constraint
  Detail: Failing row contains (b585e27a-122c-4e46-aab4-e310061ad592, Ali, null, 4214154441241, sovafa7370@inreur.com, $2a$10$BV82al8T9dSIQqb0ueO9D.yrpuzs3.iNWay.RP1VhP76Kt0BZgidu, null, 03214564455, ORGANIZER, ACTIVE, null, null, null, null).
2026-05-02 06:34:12 [http-nio-8080-exec-5] WARN  [IP: 0:0:0:0:0:0:0:1 | User Name: anonymous_user | User ID: anonymous_id | POST /api/auth/signup/complete] c.e.e.e.GlobalExceptionHandler - Database constraint violation at /api/auth/signup/complete: could not execute statement [ERROR: null value in column "created_at" of relation "users" violates not-null constraint
  Detail: Failing row contains (b585e27a-122c-4e46-aab4-e310061ad592, Ali, null, 4214154441241, sovafa7370@inreur.com, $2a$10$BV82al8T9dSIQqb0ueO9D.yrpuzs3.iNWay.RP1VhP76Kt0BZgidu, null, 03214564455, ORGANIZER, ACTIVE, null, null, null, null).] [insert into users (status,cnic,created_at,created_by,email,modified_at,modified_by,name,password,phone_no,profile_pic,role,username,user_id) values (?,?,?,?,?,?,?,?,?,?,?,?,?,?)]; SQL [insert into users (status,cnic,created_at,created_by,email,modified_at,modified_by,name,password,phone_no,profile_pic,role,username,user_id) values (?,?,?,?,?,?,?,?,?,?,?,?,?,?)]; constraint [created_at" of relation "users]
2026-05-02 06:34:12 [http-nio-8080-exec-5] INFO  [IP: 0:0:0:0:0:0:0:1 | User Name: anonymous_user | User ID: anonymous_id | POST /api/auth/signup/complete] c.e.e.filter.RequestLoggingFilter - Completed in 1259 ms with status 409
2026-05-02 06:35:03 [SpringApplicationShutdownHook] INFO  [IP:  | User Name:  | User ID:  |  ] o.s.b.w.e.tomcat.GracefulShutdown - Commencing graceful shutdown. Waiting for active requests to complete
2026-05-02 06:35:04 [tomcat-shutdown] INFO  [IP:  | User Name:  | User ID:  |  ] o.s.b.w.e.tomcat.GracefulShutdown - Graceful shutdown complete
2026-05-02 06:35:04 [SpringApplicationShutdownHook] INFO  [IP:  | User Name:  | User ID:  |  ] o.s.o.j.LocalContainerEntityManagerFactoryBean - Closing JPA EntityManagerFactory for persistence unit 'default'
2026-05-02 06:35:04 [SpringApplicationShutdownHook] INFO  [IP:  | User Name:  | User ID:  |  ] com.zaxxer.hikari.HikariDataSource - HikariPool-1 - Shutdown initiated...
2026-05-02 06:35:04 [SpringApplicationShutdownHook] INFO  [IP:  | User Name:  | User ID:  |  ] com.zaxxer.hikari.HikariDataSource - HikariPool-1 - Shutdown completed.
2026-05-02 06:36:55 [background-preinit] INFO  [IP:  | User Name:  | User ID:  |  ] o.h.validator.internal.util.Version - HV000001: Hibernate Validator 8.0.3.Final
2026-05-02 06:36:56 [main] INFO  [IP:  | User Name:  | User ID:  |  ] c.e.e.EventsphereApplication - Starting EventsphereApplication using Java 17.0.14 with PID 11568 (D:\SpringBoot\eventsphere\target\classes started by AMU in D:\SpringBoot\eventsphere)
2026-05-02 06:36:56 [main] INFO  [IP:  | User Name:  | User ID:  |  ] c.e.e.EventsphereApplication - No active profile set, falling back to 1 default profile: "default"
2026-05-02 06:37:00 [main] INFO  [IP:  | User Name:  | User ID:  |  ] o.s.d.r.c.RepositoryConfigurationDelegate - Multiple Spring Data modules found, entering strict repository configuration mode
2026-05-02 06:37:00 [main] INFO  [IP:  | User Name:  | User ID:  |  ] o.s.d.r.c.RepositoryConfigurationDelegate - Bootstrapping Spring Data JPA repositories in DEFAULT mode.
2026-05-02 06:37:01 [main] INFO  [IP:  | User Name:  | User ID:  |  ] o.s.d.r.c.RepositoryConfigurationDelegate - Finished Spring Data repository scanning in 506 ms. Found 4 JPA repository interfaces.
2026-05-02 06:37:01 [main] INFO  [IP:  | User Name:  | User ID:  |  ] o.s.d.r.c.RepositoryConfigurationDelegate - Multiple Spring Data modules found, entering strict repository configuration mode
2026-05-02 06:37:01 [main] INFO  [IP:  | User Name:  | User ID:  |  ] o.s.d.r.c.RepositoryConfigurationDelegate - Bootstrapping Spring Data Redis repositories in DEFAULT mode.
2026-05-02 06:37:01 [main] INFO  [IP:  | User Name:  | User ID:  |  ] o.s.d.r.c.RepositoryConfigurationExtensionSupport - Spring Data Redis - Could not safely identify store assignment for repository candidate interface com.example.eventsphere.repository.CategoryRepository; If you want this repository to be a Redis repository, consider annotating your entities with one of these annotations: org.springframework.data.redis.core.RedisHash (preferred), or consider extending one of the following types with your repository: org.springframework.data.keyvalue.repository.KeyValueRepository
2026-05-02 06:37:01 [main] INFO  [IP:  | User Name:  | User ID:  |  ] o.s.d.r.c.RepositoryConfigurationExtensionSupport - Spring Data Redis - Could not safely identify store assignment for repository candidate interface com.example.eventsphere.repository.EventRepository; If you want this repository to be a Redis repository, consider annotating your entities with one of these annotations: org.springframework.data.redis.core.RedisHash (preferred), or consider extending one of the following types with your repository: org.springframework.data.keyvalue.repository.KeyValueRepository
2026-05-02 06:37:01 [main] INFO  [IP:  | User Name:  | User ID:  |  ] o.s.d.r.c.RepositoryConfigurationExtensionSupport - Spring Data Redis - Could not safely identify store assignment for repository candidate interface com.example.eventsphere.repository.UserRepository; If you want this repository to be a Redis repository, consider annotating your entities with one of these annotations: org.springframework.data.redis.core.RedisHash (preferred), or consider extending one of the following types with your repository: org.springframework.data.keyvalue.repository.KeyValueRepository
2026-05-02 06:37:01 [main] INFO  [IP:  | User Name:  | User ID:  |  ] o.s.d.r.c.RepositoryConfigurationExtensionSupport - Spring Data Redis - Could not safely identify store assignment for repository candidate interface com.example.eventsphere.repository.WorkspaceRepository; If you want this repository to be a Redis repository, consider annotating your entities with one of these annotations: org.springframework.data.redis.core.RedisHash (preferred), or consider extending one of the following types with your repository: org.springframework.data.keyvalue.repository.KeyValueRepository
2026-05-02 06:37:01 [main] INFO  [IP:  | User Name:  | User ID:  |  ] o.s.d.r.c.RepositoryConfigurationDelegate - Finished Spring Data repository scanning in 35 ms. Found 0 Redis repository interfaces.
2026-05-02 06:37:04 [main] INFO  [IP:  | User Name:  | User ID:  |  ] o.s.b.w.e.tomcat.TomcatWebServer - Tomcat initialized with port 8080 (http)
2026-05-02 06:37:04 [main] INFO  [IP:  | User Name:  | User ID:  |  ] o.a.coyote.http11.Http11NioProtocol - Initializing ProtocolHandler ["http-nio-8080"]
2026-05-02 06:37:04 [main] INFO  [IP:  | User Name:  | User ID:  |  ] o.a.catalina.core.StandardService - Starting service [Tomcat]
2026-05-02 06:37:04 [main] INFO  [IP:  | User Name:  | User ID:  |  ] o.a.catalina.core.StandardEngine - Starting Servlet engine: [Apache Tomcat/10.1.53]
2026-05-02 06:37:04 [main] INFO  [IP:  | User Name:  | User ID:  |  ] o.a.c.c.C.[Tomcat].[localhost].[/] - Initializing Spring embedded WebApplicationContext
2026-05-02 06:37:04 [main] INFO  [IP:  | User Name:  | User ID:  |  ] o.s.b.w.s.c.ServletWebServerApplicationContext - Root WebApplicationContext: initialization completed in 8136 ms
2026-05-02 06:37:05 [main] INFO  [IP:  | User Name:  | User ID:  |  ] o.h.jpa.internal.util.LogHelper - HHH000204: Processing PersistenceUnitInfo [name: default]
2026-05-02 06:37:05 [main] INFO  [IP:  | User Name:  | User ID:  |  ] org.hibernate.Version - HHH000412: Hibernate ORM core version 6.6.45.Final
2026-05-02 06:37:05 [main] INFO  [IP:  | User Name:  | User ID:  |  ] o.h.s.integration.SpatialService - HHH80000001: hibernate-spatial integration enabled : true
2026-05-02 06:37:05 [main] INFO  [IP:  | User Name:  | User ID:  |  ] o.h.c.i.RegionFactoryInitiator - HHH000026: Second-level cache disabled
2026-05-02 06:37:06 [main] INFO  [IP:  | User Name:  | User ID:  |  ] com.zaxxer.hikari.HikariDataSource - HikariPool-1 - Starting...
2026-05-02 06:37:08 [main] INFO  [IP:  | User Name:  | User ID:  |  ] com.zaxxer.hikari.pool.HikariPool - HikariPool-1 - Added connection org.postgresql.jdbc.PgConnection@ad5cffa
2026-05-02 06:37:08 [main] INFO  [IP:  | User Name:  | User ID:  |  ] com.zaxxer.hikari.HikariDataSource - HikariPool-1 - Start completed.
2026-05-02 06:37:09 [main] WARN  [IP:  | User Name:  | User ID:  |  ] org.hibernate.orm.deprecation - HHH90000025: PostgreSQLDialect does not need to be specified explicitly using 'hibernate.dialect' (remove the property setting and it will be selected by default)
2026-05-02 06:37:09 [main] INFO  [IP:  | User Name:  | User ID:  |  ] o.hibernate.orm.connections.pooling - HHH10001005: Database info:
	Database JDBC URL [Connecting through datasource 'HikariDataSource (HikariPool-1)']
	Database driver: undefined/unknown
	Database version: 17.6
	Autocommit mode: undefined/unknown
	Isolation level: undefined/unknown
	Minimum pool size: undefined/unknown
	Maximum pool size: undefined/unknown
2026-05-02 06:37:09 [main] INFO  [IP:  | User Name:  | User ID:  |  ] org.hibernate.spatial - HHH80000003: hibernate-spatial adding type contributions from : org.hibernate.spatial.dialect.postgis.PostgisDialectContributor
2026-05-02 06:37:10 [main] INFO  [IP:  | User Name:  | User ID:  |  ] o.s.o.j.p.SpringPersistenceUnitInfo - No LoadTimeWeaver setup: ignoring JPA class transformer
2026-05-02 06:37:10 [main] INFO  [IP:  | User Name:  | User ID:  |  ] org.hibernate.spatial - HHH80000003: hibernate-spatial adding type contributions from : org.hibernate.spatial.dialect.postgis.PostgisDialectContributor
2026-05-02 06:37:11 [main] INFO  [IP:  | User Name:  | User ID:  |  ] org.hibernate.spatial - HHH80000004: hibernate-spatial adding function contributions from : org.hibernate.spatial.dialect.postgis.PostgisDialectContributor
2026-05-02 06:37:13 [main] INFO  [IP:  | User Name:  | User ID:  |  ] o.h.e.t.j.p.i.JtaPlatformInitiator - HHH000489: No JTA platform available (set 'hibernate.transaction.jta.platform' to enable JTA platform integration)
2026-05-02 06:37:13 [main] INFO  [IP:  | User Name:  | User ID:  |  ] o.s.o.j.LocalContainerEntityManagerFactoryBean - Initialized JPA EntityManagerFactory for persistence unit 'default'
2026-05-02 06:37:14 [main] INFO  [IP:  | User Name:  | User ID:  |  ] o.s.d.j.r.query.QueryEnhancerFactory - Hibernate is in classpath; If applicable, HQL parser will be used.
2026-05-02 06:37:24 [main] INFO  [IP:  | User Name:  | User ID:  |  ] o.s.s.c.a.a.c.InitializeAuthenticationProviderBeanManagerConfigurer$InitializeAuthenticationProviderManagerConfigurer - Global AuthenticationManager configured with AuthenticationProvider bean with name authenticationProvider
2026-05-02 06:37:24 [main] WARN  [IP:  | User Name:  | User ID:  |  ] o.s.s.c.a.a.c.InitializeUserDetailsBeanManagerConfigurer$InitializeUserDetailsManagerConfigurer - Global AuthenticationManager configured with an AuthenticationProvider bean. UserDetailsService beans will not be used by Spring Security for automatically configuring username/password login. Consider removing the AuthenticationProvider bean. Alternatively, consider using the UserDetailsService in a manually instantiated DaoAuthenticationProvider. If the current configuration is intentional, to turn off this warning, increase the logging level of 'org.springframework.security.config.annotation.authentication.configuration.InitializeUserDetailsBeanManagerConfigurer' to ERROR
2026-05-02 06:37:26 [main] INFO  [IP:  | User Name:  | User ID:  |  ] o.a.coyote.http11.Http11NioProtocol - Starting ProtocolHandler ["http-nio-8080"]
2026-05-02 06:37:26 [main] INFO  [IP:  | User Name:  | User ID:  |  ] o.s.b.w.e.tomcat.TomcatWebServer - Tomcat started on port 8080 (http) with context path '/'
2026-05-02 06:37:26 [main] INFO  [IP:  | User Name:  | User ID:  |  ] c.e.e.EventsphereApplication - Started EventsphereApplication in 32.352 seconds (process running for 34.245)
2026-05-02 06:37:26 [main] INFO  [IP:  | User Name:  | User ID:  |  ] c.e.eventsphere.config.AdminConfig - Default Admin already exists. Skipping seeding.
2026-05-02 06:38:09 [http-nio-8080-exec-1] INFO  [IP:  | User Name:  | User ID:  |  ] o.a.c.c.C.[Tomcat].[localhost].[/] - Initializing Spring DispatcherServlet 'dispatcherServlet'
2026-05-02 06:38:09 [http-nio-8080-exec-1] INFO  [IP:  | User Name:  | User ID:  |  ] o.s.web.servlet.DispatcherServlet - Initializing Servlet 'dispatcherServlet'
2026-05-02 06:38:09 [http-nio-8080-exec-1] INFO  [IP:  | User Name:  | User ID:  |  ] o.s.web.servlet.DispatcherServlet - Completed initialization in 8 ms
2026-05-02 06:38:09 [http-nio-8080-exec-1] INFO  [IP: 0:0:0:0:0:0:0:1 | User Name: anonymous_user | User ID: anonymous_id | POST /api/auth/signup/complete] c.e.e.filter.RequestLoggingFilter - Incoming Request
2026-05-02 06:38:11 [http-nio-8080-exec-1] INFO  [IP: 0:0:0:0:0:0:0:1 | User Name: anonymous_user | User ID: anonymous_id | POST /api/auth/signup/complete] c.e.eventsphere.service.AuthService - New user successfully registered: sovafa7370@inreur.com
2026-05-02 06:38:11 [http-nio-8080-exec-1] INFO  [IP: 0:0:0:0:0:0:0:1 | User Name: anonymous_user | User ID: anonymous_id | POST /api/auth/signup/complete] c.e.e.filter.RequestLoggingFilter - Completed in 2039 ms with status 200
2026-05-02 06:39:23 [http-nio-8080-exec-3] INFO  [IP: 0:0:0:0:0:0:0:1 | User Name:  | User ID: e9654ab7-c1bc-4ee1-b0e6-07ae16e90c74 | GET /api/users/get-all-users] c.e.e.filter.RequestLoggingFilter - Incoming Request
2026-05-02 06:39:23 [http-nio-8080-exec-3] WARN  [IP: 0:0:0:0:0:0:0:1 | User Name:  | User ID: e9654ab7-c1bc-4ee1-b0e6-07ae16e90c74 | GET /api/users/get-all-users] c.e.e.e.GlobalExceptionHandler - Access denied at /api/users/get-all-users: Access Denied
2026-05-02 06:39:23 [http-nio-8080-exec-3] INFO  [IP: 0:0:0:0:0:0:0:1 | User Name:  | User ID: e9654ab7-c1bc-4ee1-b0e6-07ae16e90c74 | GET /api/users/get-all-users] c.e.e.filter.RequestLoggingFilter - Completed in 75 ms with status 403
2026-05-02 06:39:33 [http-nio-8080-exec-4] INFO  [IP: 0:0:0:0:0:0:0:1 | User Name:  | User ID: e9654ab7-c1bc-4ee1-b0e6-07ae16e90c74 | GET /api/users/get-profile] c.e.e.filter.RequestLoggingFilter - Incoming Request
2026-05-02 06:39:34 [http-nio-8080-exec-4] INFO  [IP: 0:0:0:0:0:0:0:1 | User Name:  | User ID: e9654ab7-c1bc-4ee1-b0e6-07ae16e90c74 | GET /api/users/get-profile] c.e.e.filter.RequestLoggingFilter - Completed in 395 ms with status 200
2026-05-02 06:40:54 [SpringApplicationShutdownHook] INFO  [IP:  | User Name:  | User ID:  |  ] o.s.b.w.e.tomcat.GracefulShutdown - Commencing graceful shutdown. Waiting for active requests to complete
2026-05-02 06:40:55 [tomcat-shutdown] INFO  [IP:  | User Name:  | User ID:  |  ] o.s.b.w.e.tomcat.GracefulShutdown - Graceful shutdown complete
2026-05-02 06:40:55 [SpringApplicationShutdownHook] INFO  [IP:  | User Name:  | User ID:  |  ] o.s.o.j.LocalContainerEntityManagerFactoryBean - Closing JPA EntityManagerFactory for persistence unit 'default'
2026-05-02 06:40:55 [SpringApplicationShutdownHook] INFO  [IP:  | User Name:  | User ID:  |  ] com.zaxxer.hikari.HikariDataSource - HikariPool-1 - Shutdown initiated...
2026-05-02 06:40:55 [SpringApplicationShutdownHook] INFO  [IP:  | User Name:  | User ID:  |  ] com.zaxxer.hikari.HikariDataSource - HikariPool-1 - Shutdown completed.
2026-05-02 06:42:43 [background-preinit] INFO  [IP:  | User Name:  | User ID:  |  ] o.h.validator.internal.util.Version - HV000001: Hibernate Validator 8.0.3.Final
2026-05-02 06:42:43 [main] INFO  [IP:  | User Name:  | User ID:  |  ] c.e.e.EventsphereApplication - Starting EventsphereApplication using Java 17.0.14 with PID 16988 (D:\SpringBoot\eventsphere\target\classes started by AMU in D:\SpringBoot\eventsphere)
2026-05-02 06:42:43 [main] INFO  [IP:  | User Name:  | User ID:  |  ] c.e.e.EventsphereApplication - No active profile set, falling back to 1 default profile: "default"
2026-05-02 06:42:47 [main] INFO  [IP:  | User Name:  | User ID:  |  ] o.s.d.r.c.RepositoryConfigurationDelegate - Multiple Spring Data modules found, entering strict repository configuration mode
2026-05-02 06:42:47 [main] INFO  [IP:  | User Name:  | User ID:  |  ] o.s.d.r.c.RepositoryConfigurationDelegate - Bootstrapping Spring Data JPA repositories in DEFAULT mode.
2026-05-02 06:42:47 [main] INFO  [IP:  | User Name:  | User ID:  |  ] o.s.d.r.c.RepositoryConfigurationDelegate - Finished Spring Data repository scanning in 435 ms. Found 4 JPA repository interfaces.
2026-05-02 06:42:47 [main] INFO  [IP:  | User Name:  | User ID:  |  ] o.s.d.r.c.RepositoryConfigurationDelegate - Multiple Spring Data modules found, entering strict repository configuration mode
2026-05-02 06:42:47 [main] INFO  [IP:  | User Name:  | User ID:  |  ] o.s.d.r.c.RepositoryConfigurationDelegate - Bootstrapping Spring Data Redis repositories in DEFAULT mode.
2026-05-02 06:42:48 [main] INFO  [IP:  | User Name:  | User ID:  |  ] o.s.d.r.c.RepositoryConfigurationExtensionSupport - Spring Data Redis - Could not safely identify store assignment for repository candidate interface com.example.eventsphere.repository.CategoryRepository; If you want this repository to be a Redis repository, consider annotating your entities with one of these annotations: org.springframework.data.redis.core.RedisHash (preferred), or consider extending one of the following types with your repository: org.springframework.data.keyvalue.repository.KeyValueRepository
2026-05-02 06:42:48 [main] INFO  [IP:  | User Name:  | User ID:  |  ] o.s.d.r.c.RepositoryConfigurationExtensionSupport - Spring Data Redis - Could not safely identify store assignment for repository candidate interface com.example.eventsphere.repository.EventRepository; If you want this repository to be a Redis repository, consider annotating your entities with one of these annotations: org.springframework.data.redis.core.RedisHash (preferred), or consider extending one of the following types with your repository: org.springframework.data.keyvalue.repository.KeyValueRepository
2026-05-02 06:42:48 [main] INFO  [IP:  | User Name:  | User ID:  |  ] o.s.d.r.c.RepositoryConfigurationExtensionSupport - Spring Data Redis - Could not safely identify store assignment for repository candidate interface com.example.eventsphere.repository.UserRepository; If you want this repository to be a Redis repository, consider annotating your entities with one of these annotations: org.springframework.data.redis.core.RedisHash (preferred), or consider extending one of the following types with your repository: org.springframework.data.keyvalue.repository.KeyValueRepository
2026-05-02 06:42:48 [main] INFO  [IP:  | User Name:  | User ID:  |  ] o.s.d.r.c.RepositoryConfigurationExtensionSupport - Spring Data Redis - Could not safely identify store assignment for repository candidate interface com.example.eventsphere.repository.WorkspaceRepository; If you want this repository to be a Redis repository, consider annotating your entities with one of these annotations: org.springframework.data.redis.core.RedisHash (preferred), or consider extending one of the following types with your repository: org.springframework.data.keyvalue.repository.KeyValueRepository
2026-05-02 06:42:48 [main] INFO  [IP:  | User Name:  | User ID:  |  ] o.s.d.r.c.RepositoryConfigurationDelegate - Finished Spring Data repository scanning in 36 ms. Found 0 Redis repository interfaces.
2026-05-02 06:42:50 [main] INFO  [IP:  | User Name:  | User ID:  |  ] o.s.b.w.e.tomcat.TomcatWebServer - Tomcat initialized with port 8080 (http)
2026-05-02 06:42:50 [main] INFO  [IP:  | User Name:  | User ID:  |  ] o.a.coyote.http11.Http11NioProtocol - Initializing ProtocolHandler ["http-nio-8080"]
2026-05-02 06:42:50 [main] INFO  [IP:  | User Name:  | User ID:  |  ] o.a.catalina.core.StandardService - Starting service [Tomcat]
2026-05-02 06:42:50 [main] INFO  [IP:  | User Name:  | User ID:  |  ] o.a.catalina.core.StandardEngine - Starting Servlet engine: [Apache Tomcat/10.1.53]
2026-05-02 06:42:51 [main] INFO  [IP:  | User Name:  | User ID:  |  ] o.a.c.c.C.[Tomcat].[localhost].[/] - Initializing Spring embedded WebApplicationContext
2026-05-02 06:42:51 [main] INFO  [IP:  | User Name:  | User ID:  |  ] o.s.b.w.s.c.ServletWebServerApplicationContext - Root WebApplicationContext: initialization completed in 7345 ms
2026-05-02 06:42:51 [main] INFO  [IP:  | User Name:  | User ID:  |  ] o.h.jpa.internal.util.LogHelper - HHH000204: Processing PersistenceUnitInfo [name: default]
2026-05-02 06:42:51 [main] INFO  [IP:  | User Name:  | User ID:  |  ] org.hibernate.Version - HHH000412: Hibernate ORM core version 6.6.45.Final
2026-05-02 06:42:51 [main] INFO  [IP:  | User Name:  | User ID:  |  ] o.h.s.integration.SpatialService - HHH80000001: hibernate-spatial integration enabled : true
2026-05-02 06:42:51 [main] INFO  [IP:  | User Name:  | User ID:  |  ] o.h.c.i.RegionFactoryInitiator - HHH000026: Second-level cache disabled
2026-05-02 06:42:52 [main] INFO  [IP:  | User Name:  | User ID:  |  ] com.zaxxer.hikari.HikariDataSource - HikariPool-1 - Starting...
2026-05-02 06:42:54 [main] INFO  [IP:  | User Name:  | User ID:  |  ] com.zaxxer.hikari.pool.HikariPool - HikariPool-1 - Added connection org.postgresql.jdbc.PgConnection@3b66ac74
2026-05-02 06:42:54 [main] INFO  [IP:  | User Name:  | User ID:  |  ] com.zaxxer.hikari.HikariDataSource - HikariPool-1 - Start completed.
2026-05-02 06:42:54 [main] WARN  [IP:  | User Name:  | User ID:  |  ] org.hibernate.orm.deprecation - HHH90000025: PostgreSQLDialect does not need to be specified explicitly using 'hibernate.dialect' (remove the property setting and it will be selected by default)
2026-05-02 06:42:55 [main] INFO  [IP:  | User Name:  | User ID:  |  ] o.hibernate.orm.connections.pooling - HHH10001005: Database info:
	Database JDBC URL [Connecting through datasource 'HikariDataSource (HikariPool-1)']
	Database driver: undefined/unknown
	Database version: 17.6
	Autocommit mode: undefined/unknown
	Isolation level: undefined/unknown
	Minimum pool size: undefined/unknown
	Maximum pool size: undefined/unknown
2026-05-02 06:42:55 [main] INFO  [IP:  | User Name:  | User ID:  |  ] org.hibernate.spatial - HHH80000003: hibernate-spatial adding type contributions from : org.hibernate.spatial.dialect.postgis.PostgisDialectContributor
2026-05-02 06:42:56 [main] INFO  [IP:  | User Name:  | User ID:  |  ] o.s.o.j.p.SpringPersistenceUnitInfo - No LoadTimeWeaver setup: ignoring JPA class transformer
2026-05-02 06:42:56 [main] INFO  [IP:  | User Name:  | User ID:  |  ] org.hibernate.spatial - HHH80000003: hibernate-spatial adding type contributions from : org.hibernate.spatial.dialect.postgis.PostgisDialectContributor
2026-05-02 06:42:57 [main] INFO  [IP:  | User Name:  | User ID:  |  ] org.hibernate.spatial - HHH80000004: hibernate-spatial adding function contributions from : org.hibernate.spatial.dialect.postgis.PostgisDialectContributor
2026-05-02 06:42:58 [main] INFO  [IP:  | User Name:  | User ID:  |  ] o.h.e.t.j.p.i.JtaPlatformInitiator - HHH000489: No JTA platform available (set 'hibernate.transaction.jta.platform' to enable JTA platform integration)
2026-05-02 06:42:58 [main] INFO  [IP:  | User Name:  | User ID:  |  ] o.s.o.j.LocalContainerEntityManagerFactoryBean - Initialized JPA EntityManagerFactory for persistence unit 'default'
2026-05-02 06:42:59 [main] INFO  [IP:  | User Name:  | User ID:  |  ] o.s.d.j.r.query.QueryEnhancerFactory - Hibernate is in classpath; If applicable, HQL parser will be used.
2026-05-02 06:43:07 [main] INFO  [IP:  | User Name:  | User ID:  |  ] o.s.s.c.a.a.c.InitializeAuthenticationProviderBeanManagerConfigurer$InitializeAuthenticationProviderManagerConfigurer - Global AuthenticationManager configured with AuthenticationProvider bean with name authenticationProvider
2026-05-02 06:43:07 [main] WARN  [IP:  | User Name:  | User ID:  |  ] o.s.s.c.a.a.c.InitializeUserDetailsBeanManagerConfigurer$InitializeUserDetailsManagerConfigurer - Global AuthenticationManager configured with an AuthenticationProvider bean. UserDetailsService beans will not be used by Spring Security for automatically configuring username/password login. Consider removing the AuthenticationProvider bean. Alternatively, consider using the UserDetailsService in a manually instantiated DaoAuthenticationProvider. If the current configuration is intentional, to turn off this warning, increase the logging level of 'org.springframework.security.config.annotation.authentication.configuration.InitializeUserDetailsBeanManagerConfigurer' to ERROR
2026-05-02 06:43:09 [main] INFO  [IP:  | User Name:  | User ID:  |  ] o.a.coyote.http11.Http11NioProtocol - Starting ProtocolHandler ["http-nio-8080"]
2026-05-02 06:43:09 [main] INFO  [IP:  | User Name:  | User ID:  |  ] o.s.b.w.e.tomcat.TomcatWebServer - Tomcat started on port 8080 (http) with context path '/'
2026-05-02 06:43:09 [main] INFO  [IP:  | User Name:  | User ID:  |  ] c.e.e.EventsphereApplication - Started EventsphereApplication in 27.858 seconds (process running for 29.413)
2026-05-02 06:43:09 [main] INFO  [IP:  | User Name:  | User ID:  |  ] c.e.eventsphere.config.AdminConfig - Default Admin already exists. Skipping seeding.
2026-05-02 06:43:16 [http-nio-8080-exec-1] INFO  [IP:  | User Name:  | User ID:  |  ] o.a.c.c.C.[Tomcat].[localhost].[/] - Initializing Spring DispatcherServlet 'dispatcherServlet'
2026-05-02 06:43:16 [http-nio-8080-exec-1] INFO  [IP:  | User Name:  | User ID:  |  ] o.s.web.servlet.DispatcherServlet - Initializing Servlet 'dispatcherServlet'
2026-05-02 06:43:16 [http-nio-8080-exec-1] INFO  [IP:  | User Name:  | User ID:  |  ] o.s.web.servlet.DispatcherServlet - Completed initialization in 4 ms
2026-05-02 06:43:16 [http-nio-8080-exec-1] INFO  [IP: 0:0:0:0:0:0:0:1 | User Name: anonymous_user | User ID: anonymous_id | POST /api/auth/logout] c.e.e.filter.RequestLoggingFilter - Incoming Request
2026-05-02 06:43:17 [http-nio-8080-exec-1] INFO  [IP: 0:0:0:0:0:0:0:1 | User Name: anonymous_user | User ID: anonymous_id | POST /api/auth/logout] c.e.e.security.TokenBlackList - Token added to Redis blacklist. Expiring in 294570ms
2026-05-02 06:43:17 [http-nio-8080-exec-1] INFO  [IP: 0:0:0:0:0:0:0:1 | User Name: anonymous_user | User ID: anonymous_id | POST /api/auth/logout] c.e.eventsphere.service.AuthService - User successfully logged out and token blacklisted.
2026-05-02 06:43:18 [http-nio-8080-exec-1] INFO  [IP: 0:0:0:0:0:0:0:1 | User Name: anonymous_user | User ID: anonymous_id | POST /api/auth/logout] c.e.e.filter.RequestLoggingFilter - Completed in 1905 ms with status 200
2026-05-02 06:43:32 [http-nio-8080-exec-2] INFO  [IP: 0:0:0:0:0:0:0:1 | User Name: anonymous_user | User ID: anonymous_id | POST /api/auth/signup/complete] c.e.e.filter.RequestLoggingFilter - Incoming Request
2026-05-02 06:43:32 [http-nio-8080-exec-2] WARN  [IP: 0:0:0:0:0:0:0:1 | User Name: anonymous_user | User ID: anonymous_id | POST /api/auth/signup/complete] c.e.e.e.GlobalExceptionHandler - Validation failed at /api/auth/signup/complete: Validation failed for argument [0] in public org.springframework.http.ResponseEntity<com.example.eventsphere.dto.LoginResponse> com.example.eventsphere.controller.AuthController.completeSignup(com.example.eventsphere.dto.CompleteProfileRequest,java.lang.String): [Field error in object 'completeProfileRequest' on field 'username': rejected value [null]; codes [NotBlank.completeProfileRequest.username,NotBlank.username,NotBlank.java.lang.String,NotBlank]; arguments [org.springframework.context.support.DefaultMessageSourceResolvable: codes [completeProfileRequest.username,username]; arguments []; default message [username]]; default message [Username is required]] 
2026-05-02 06:43:32 [http-nio-8080-exec-2] INFO  [IP: 0:0:0:0:0:0:0:1 | User Name: anonymous_user | User ID: anonymous_id | POST /api/auth/signup/complete] c.e.e.filter.RequestLoggingFilter - Completed in 341 ms with status 400
2026-05-02 06:44:30 [http-nio-8080-exec-3] INFO  [IP: 0:0:0:0:0:0:0:1 | User Name: anonymous_user | User ID: anonymous_id | POST /api/auth/signup/complete] c.e.e.filter.RequestLoggingFilter - Incoming Request
2026-05-02 06:44:30 [http-nio-8080-exec-3] WARN  [IP: 0:0:0:0:0:0:0:1 | User Name: anonymous_user | User ID: anonymous_id | POST /api/auth/signup/complete] c.e.e.e.GlobalExceptionHandler - Business rule violation at /api/auth/signup/complete: This CNIC is already registered to another account.
2026-05-02 06:44:30 [http-nio-8080-exec-3] INFO  [IP: 0:0:0:0:0:0:0:1 | User Name: anonymous_user | User ID: anonymous_id | POST /api/auth/signup/complete] c.e.e.filter.RequestLoggingFilter - Completed in 454 ms with status 400
2026-05-02 06:44:56 [http-nio-8080-exec-4] WARN  [IP:  | User Name:  | User ID:  |  ] c.e.e.filter.JwtAuthenticationFilter - Attempted access with REVOKED/BLACKLISTED token
2026-05-02 06:45:29 [http-nio-8080-exec-5] INFO  [IP: 0:0:0:0:0:0:0:1 | User Name: anonymous_user | User ID: anonymous_id | POST /api/auth/login] c.e.e.filter.RequestLoggingFilter - Incoming Request
2026-05-02 06:45:30 [http-nio-8080-exec-5] INFO  [IP: 0:0:0:0:0:0:0:1 | User Name: anonymous_user | User ID: anonymous_id | POST /api/auth/login] c.e.eventsphere.service.AuthService - Successful login for user: null
2026-05-02 06:45:30 [http-nio-8080-exec-5] INFO  [IP: 0:0:0:0:0:0:0:1 | User Name: anonymous_user | User ID: anonymous_id | POST /api/auth/login] c.e.e.filter.RequestLoggingFilter - Completed in 555 ms with status 200
2026-05-02 06:46:04 [http-nio-8080-exec-6] INFO  [IP: 0:0:0:0:0:0:0:1 | User Name:  | User ID: e9654ab7-c1bc-4ee1-b0e6-07ae16e90c74 | GET /api/users/get-profile] c.e.e.filter.RequestLoggingFilter - Incoming Request
2026-05-02 06:46:05 [http-nio-8080-exec-6] INFO  [IP: 0:0:0:0:0:0:0:1 | User Name:  | User ID: e9654ab7-c1bc-4ee1-b0e6-07ae16e90c74 | GET /api/users/get-profile] c.e.e.filter.RequestLoggingFilter - Completed in 713 ms with status 200
2026-05-02 06:47:40 [http-nio-8080-exec-8] INFO  [IP: 0:0:0:0:0:0:0:1 | User Name: anonymous_user | User ID: anonymous_id | POST /api/auth/signup/verify] c.e.e.filter.RequestLoggingFilter - Incoming Request
2026-05-02 06:47:40 [http-nio-8080-exec-8] WARN  [IP: 0:0:0:0:0:0:0:1 | User Name: anonymous_user | User ID: anonymous_id | POST /api/auth/signup/verify] c.e.eventsphere.service.OtpService - Invalid or expired OTP attempt for sovafa7370@inreur.com
2026-05-02 06:47:40 [http-nio-8080-exec-8] WARN  [IP: 0:0:0:0:0:0:0:1 | User Name: anonymous_user | User ID: anonymous_id | POST /api/auth/signup/verify] c.e.e.e.GlobalExceptionHandler - Business rule violation at /api/auth/signup/verify: Invalid or expired OTP.
2026-05-02 06:47:40 [http-nio-8080-exec-8] INFO  [IP: 0:0:0:0:0:0:0:1 | User Name: anonymous_user | User ID: anonymous_id | POST /api/auth/signup/verify] c.e.e.filter.RequestLoggingFilter - Completed in 140 ms with status 400
2026-05-02 06:48:04 [SpringApplicationShutdownHook] INFO  [IP:  | User Name:  | User ID:  |  ] o.s.b.w.e.tomcat.GracefulShutdown - Commencing graceful shutdown. Waiting for active requests to complete
2026-05-02 06:48:06 [tomcat-shutdown] INFO  [IP:  | User Name:  | User ID:  |  ] o.s.b.w.e.tomcat.GracefulShutdown - Graceful shutdown complete
2026-05-02 06:48:06 [SpringApplicationShutdownHook] INFO  [IP:  | User Name:  | User ID:  |  ] o.s.o.j.LocalContainerEntityManagerFactoryBean - Closing JPA EntityManagerFactory for persistence unit 'default'
2026-05-02 06:48:06 [SpringApplicationShutdownHook] INFO  [IP:  | User Name:  | User ID:  |  ] com.zaxxer.hikari.HikariDataSource - HikariPool-1 - Shutdown initiated...
2026-05-02 06:48:06 [SpringApplicationShutdownHook] INFO  [IP:  | User Name:  | User ID:  |  ] com.zaxxer.hikari.HikariDataSource - HikariPool-1 - Shutdown completed.
2026-05-02 06:51:01 [background-preinit] INFO  [IP:  | User Name:  | User ID:  |  ] o.h.validator.internal.util.Version - HV000001: Hibernate Validator 8.0.3.Final
2026-05-02 06:51:02 [main] INFO  [IP:  | User Name:  | User ID:  |  ] c.e.e.EventsphereApplication - Starting EventsphereApplication using Java 17.0.14 with PID 16928 (D:\SpringBoot\eventsphere\target\classes started by AMU in D:\SpringBoot\eventsphere)
2026-05-02 06:51:02 [main] INFO  [IP:  | User Name:  | User ID:  |  ] c.e.e.EventsphereApplication - No active profile set, falling back to 1 default profile: "default"
2026-05-02 06:51:06 [main] INFO  [IP:  | User Name:  | User ID:  |  ] o.s.d.r.c.RepositoryConfigurationDelegate - Multiple Spring Data modules found, entering strict repository configuration mode
2026-05-02 06:51:06 [main] INFO  [IP:  | User Name:  | User ID:  |  ] o.s.d.r.c.RepositoryConfigurationDelegate - Bootstrapping Spring Data JPA repositories in DEFAULT mode.
2026-05-02 06:51:07 [main] INFO  [IP:  | User Name:  | User ID:  |  ] o.s.d.r.c.RepositoryConfigurationDelegate - Finished Spring Data repository scanning in 494 ms. Found 4 JPA repository interfaces.
2026-05-02 06:51:07 [main] INFO  [IP:  | User Name:  | User ID:  |  ] o.s.d.r.c.RepositoryConfigurationDelegate - Multiple Spring Data modules found, entering strict repository configuration mode
2026-05-02 06:51:07 [main] INFO  [IP:  | User Name:  | User ID:  |  ] o.s.d.r.c.RepositoryConfigurationDelegate - Bootstrapping Spring Data Redis repositories in DEFAULT mode.
2026-05-02 06:51:07 [main] INFO  [IP:  | User Name:  | User ID:  |  ] o.s.d.r.c.RepositoryConfigurationExtensionSupport - Spring Data Redis - Could not safely identify store assignment for repository candidate interface com.example.eventsphere.repository.CategoryRepository; If you want this repository to be a Redis repository, consider annotating your entities with one of these annotations: org.springframework.data.redis.core.RedisHash (preferred), or consider extending one of the following types with your repository: org.springframework.data.keyvalue.repository.KeyValueRepository
2026-05-02 06:51:07 [main] INFO  [IP:  | User Name:  | User ID:  |  ] o.s.d.r.c.RepositoryConfigurationExtensionSupport - Spring Data Redis - Could not safely identify store assignment for repository candidate interface com.example.eventsphere.repository.EventRepository; If you want this repository to be a Redis repository, consider annotating your entities with one of these annotations: org.springframework.data.redis.core.RedisHash (preferred), or consider extending one of the following types with your repository: org.springframework.data.keyvalue.repository.KeyValueRepository
2026-05-02 06:51:07 [main] INFO  [IP:  | User Name:  | User ID:  |  ] o.s.d.r.c.RepositoryConfigurationExtensionSupport - Spring Data Redis - Could not safely identify store assignment for repository candidate interface com.example.eventsphere.repository.UserRepository; If you want this repository to be a Redis repository, consider annotating your entities with one of these annotations: org.springframework.data.redis.core.RedisHash (preferred), or consider extending one of the following types with your repository: org.springframework.data.keyvalue.repository.KeyValueRepository
2026-05-02 06:51:07 [main] INFO  [IP:  | User Name:  | User ID:  |  ] o.s.d.r.c.RepositoryConfigurationExtensionSupport - Spring Data Redis - Could not safely identify store assignment for repository candidate interface com.example.eventsphere.repository.WorkspaceRepository; If you want this repository to be a Redis repository, consider annotating your entities with one of these annotations: org.springframework.data.redis.core.RedisHash (preferred), or consider extending one of the following types with your repository: org.springframework.data.keyvalue.repository.KeyValueRepository
2026-05-02 06:51:07 [main] INFO  [IP:  | User Name:  | User ID:  |  ] o.s.d.r.c.RepositoryConfigurationDelegate - Finished Spring Data repository scanning in 36 ms. Found 0 Redis repository interfaces.
2026-05-02 06:51:10 [main] INFO  [IP:  | User Name:  | User ID:  |  ] o.s.b.w.e.tomcat.TomcatWebServer - Tomcat initialized with port 8080 (http)
2026-05-02 06:51:10 [main] INFO  [IP:  | User Name:  | User ID:  |  ] o.a.coyote.http11.Http11NioProtocol - Initializing ProtocolHandler ["http-nio-8080"]
2026-05-02 06:51:10 [main] INFO  [IP:  | User Name:  | User ID:  |  ] o.a.catalina.core.StandardService - Starting service [Tomcat]
2026-05-02 06:51:10 [main] INFO  [IP:  | User Name:  | User ID:  |  ] o.a.catalina.core.StandardEngine - Starting Servlet engine: [Apache Tomcat/10.1.53]
2026-05-02 06:51:10 [main] INFO  [IP:  | User Name:  | User ID:  |  ] o.a.c.c.C.[Tomcat].[localhost].[/] - Initializing Spring embedded WebApplicationContext
2026-05-02 06:51:10 [main] INFO  [IP:  | User Name:  | User ID:  |  ] o.s.b.w.s.c.ServletWebServerApplicationContext - Root WebApplicationContext: initialization completed in 8123 ms
2026-05-02 06:51:11 [main] INFO  [IP:  | User Name:  | User ID:  |  ] o.h.jpa.internal.util.LogHelper - HHH000204: Processing PersistenceUnitInfo [name: default]
2026-05-02 06:51:11 [main] INFO  [IP:  | User Name:  | User ID:  |  ] org.hibernate.Version - HHH000412: Hibernate ORM core version 6.6.45.Final
2026-05-02 06:51:11 [main] INFO  [IP:  | User Name:  | User ID:  |  ] o.h.s.integration.SpatialService - HHH80000001: hibernate-spatial integration enabled : true
2026-05-02 06:51:11 [main] INFO  [IP:  | User Name:  | User ID:  |  ] o.h.c.i.RegionFactoryInitiator - HHH000026: Second-level cache disabled
2026-05-02 06:51:12 [main] INFO  [IP:  | User Name:  | User ID:  |  ] com.zaxxer.hikari.HikariDataSource - HikariPool-1 - Starting...
2026-05-02 06:51:14 [main] INFO  [IP:  | User Name:  | User ID:  |  ] com.zaxxer.hikari.pool.HikariPool - HikariPool-1 - Added connection org.postgresql.jdbc.PgConnection@5b88af70
2026-05-02 06:51:14 [main] INFO  [IP:  | User Name:  | User ID:  |  ] com.zaxxer.hikari.HikariDataSource - HikariPool-1 - Start completed.
2026-05-02 06:51:14 [main] WARN  [IP:  | User Name:  | User ID:  |  ] org.hibernate.orm.deprecation - HHH90000025: PostgreSQLDialect does not need to be specified explicitly using 'hibernate.dialect' (remove the property setting and it will be selected by default)
2026-05-02 06:51:15 [main] INFO  [IP:  | User Name:  | User ID:  |  ] o.hibernate.orm.connections.pooling - HHH10001005: Database info:
	Database JDBC URL [Connecting through datasource 'HikariDataSource (HikariPool-1)']
	Database driver: undefined/unknown
	Database version: 17.6
	Autocommit mode: undefined/unknown
	Isolation level: undefined/unknown
	Minimum pool size: undefined/unknown
	Maximum pool size: undefined/unknown
2026-05-02 06:51:15 [main] INFO  [IP:  | User Name:  | User ID:  |  ] org.hibernate.spatial - HHH80000003: hibernate-spatial adding type contributions from : org.hibernate.spatial.dialect.postgis.PostgisDialectContributor
2026-05-02 06:51:16 [main] INFO  [IP:  | User Name:  | User ID:  |  ] o.s.o.j.p.SpringPersistenceUnitInfo - No LoadTimeWeaver setup: ignoring JPA class transformer
2026-05-02 06:51:16 [main] INFO  [IP:  | User Name:  | User ID:  |  ] org.hibernate.spatial - HHH80000003: hibernate-spatial adding type contributions from : org.hibernate.spatial.dialect.postgis.PostgisDialectContributor
2026-05-02 06:51:17 [main] INFO  [IP:  | User Name:  | User ID:  |  ] org.hibernate.spatial - HHH80000004: hibernate-spatial adding function contributions from : org.hibernate.spatial.dialect.postgis.PostgisDialectContributor
2026-05-02 06:51:19 [main] INFO  [IP:  | User Name:  | User ID:  |  ] o.h.e.t.j.p.i.JtaPlatformInitiator - HHH000489: No JTA platform available (set 'hibernate.transaction.jta.platform' to enable JTA platform integration)
2026-05-02 06:51:19 [main] INFO  [IP:  | User Name:  | User ID:  |  ] o.s.o.j.LocalContainerEntityManagerFactoryBean - Initialized JPA EntityManagerFactory for persistence unit 'default'
2026-05-02 06:51:20 [main] INFO  [IP:  | User Name:  | User ID:  |  ] o.s.d.j.r.query.QueryEnhancerFactory - Hibernate is in classpath; If applicable, HQL parser will be used.
2026-05-02 06:51:33 [main] INFO  [IP:  | User Name:  | User ID:  |  ] o.s.s.c.a.a.c.InitializeAuthenticationProviderBeanManagerConfigurer$InitializeAuthenticationProviderManagerConfigurer - Global AuthenticationManager configured with AuthenticationProvider bean with name authenticationProvider
2026-05-02 06:51:33 [main] WARN  [IP:  | User Name:  | User ID:  |  ] o.s.s.c.a.a.c.InitializeUserDetailsBeanManagerConfigurer$InitializeUserDetailsManagerConfigurer - Global AuthenticationManager configured with an AuthenticationProvider bean. UserDetailsService beans will not be used by Spring Security for automatically configuring username/password login. Consider removing the AuthenticationProvider bean. Alternatively, consider using the UserDetailsService in a manually instantiated DaoAuthenticationProvider. If the current configuration is intentional, to turn off this warning, increase the logging level of 'org.springframework.security.config.annotation.authentication.configuration.InitializeUserDetailsBeanManagerConfigurer' to ERROR
2026-05-02 06:51:34 [main] INFO  [IP:  | User Name:  | User ID:  |  ] o.a.coyote.http11.Http11NioProtocol - Starting ProtocolHandler ["http-nio-8080"]
2026-05-02 06:51:35 [main] INFO  [IP:  | User Name:  | User ID:  |  ] o.s.b.w.e.tomcat.TomcatWebServer - Tomcat started on port 8080 (http) with context path '/'
2026-05-02 06:51:35 [main] INFO  [IP:  | User Name:  | User ID:  |  ] c.e.e.EventsphereApplication - Started EventsphereApplication in 35.315 seconds (process running for 36.846)
2026-05-02 06:51:35 [main] INFO  [IP:  | User Name:  | User ID:  |  ] c.e.eventsphere.config.AdminConfig - Default Admin already exists. Skipping seeding.
2026-05-02 06:55:49 [SpringApplicationShutdownHook] INFO  [IP:  | User Name:  | User ID:  |  ] o.s.b.w.e.tomcat.GracefulShutdown - Commencing graceful shutdown. Waiting for active requests to complete
2026-05-02 06:55:51 [tomcat-shutdown] INFO  [IP:  | User Name:  | User ID:  |  ] o.s.b.w.e.tomcat.GracefulShutdown - Graceful shutdown complete
2026-05-02 06:55:51 [SpringApplicationShutdownHook] INFO  [IP:  | User Name:  | User ID:  |  ] o.s.o.j.LocalContainerEntityManagerFactoryBean - Closing JPA EntityManagerFactory for persistence unit 'default'
2026-05-02 06:55:51 [SpringApplicationShutdownHook] INFO  [IP:  | User Name:  | User ID:  |  ] com.zaxxer.hikari.HikariDataSource - HikariPool-1 - Shutdown initiated...
2026-05-02 06:55:51 [SpringApplicationShutdownHook] INFO  [IP:  | User Name:  | User ID:  |  ] com.zaxxer.hikari.HikariDataSource - HikariPool-1 - Shutdown completed.
2026-05-02 06:55:59 [background-preinit] INFO  [IP:  | User Name:  | User ID:  |  ] o.h.validator.internal.util.Version - HV000001: Hibernate Validator 8.0.3.Final
2026-05-02 06:55:59 [main] INFO  [IP:  | User Name:  | User ID:  |  ] c.e.e.EventsphereApplication - Starting EventsphereApplication using Java 17.0.14 with PID 8780 (D:\SpringBoot\eventsphere\target\classes started by AMU in D:\SpringBoot\eventsphere)
2026-05-02 06:55:59 [main] INFO  [IP:  | User Name:  | User ID:  |  ] c.e.e.EventsphereApplication - No active profile set, falling back to 1 default profile: "default"
2026-05-02 06:56:03 [main] INFO  [IP:  | User Name:  | User ID:  |  ] o.s.d.r.c.RepositoryConfigurationDelegate - Multiple Spring Data modules found, entering strict repository configuration mode
2026-05-02 06:56:03 [main] INFO  [IP:  | User Name:  | User ID:  |  ] o.s.d.r.c.RepositoryConfigurationDelegate - Bootstrapping Spring Data JPA repositories in DEFAULT mode.
2026-05-02 06:56:04 [main] INFO  [IP:  | User Name:  | User ID:  |  ] o.s.d.r.c.RepositoryConfigurationDelegate - Finished Spring Data repository scanning in 421 ms. Found 4 JPA repository interfaces.
2026-05-02 06:56:04 [main] INFO  [IP:  | User Name:  | User ID:  |  ] o.s.d.r.c.RepositoryConfigurationDelegate - Multiple Spring Data modules found, entering strict repository configuration mode
2026-05-02 06:56:04 [main] INFO  [IP:  | User Name:  | User ID:  |  ] o.s.d.r.c.RepositoryConfigurationDelegate - Bootstrapping Spring Data Redis repositories in DEFAULT mode.
2026-05-02 06:56:04 [main] INFO  [IP:  | User Name:  | User ID:  |  ] o.s.d.r.c.RepositoryConfigurationExtensionSupport - Spring Data Redis - Could not safely identify store assignment for repository candidate interface com.example.eventsphere.repository.CategoryRepository; If you want this repository to be a Redis repository, consider annotating your entities with one of these annotations: org.springframework.data.redis.core.RedisHash (preferred), or consider extending one of the following types with your repository: org.springframework.data.keyvalue.repository.KeyValueRepository
2026-05-02 06:56:04 [main] INFO  [IP:  | User Name:  | User ID:  |  ] o.s.d.r.c.RepositoryConfigurationExtensionSupport - Spring Data Redis - Could not safely identify store assignment for repository candidate interface com.example.eventsphere.repository.EventRepository; If you want this repository to be a Redis repository, consider annotating your entities with one of these annotations: org.springframework.data.redis.core.RedisHash (preferred), or consider extending one of the following types with your repository: org.springframework.data.keyvalue.repository.KeyValueRepository
2026-05-02 06:56:04 [main] INFO  [IP:  | User Name:  | User ID:  |  ] o.s.d.r.c.RepositoryConfigurationExtensionSupport - Spring Data Redis - Could not safely identify store assignment for repository candidate interface com.example.eventsphere.repository.UserRepository; If you want this repository to be a Redis repository, consider annotating your entities with one of these annotations: org.springframework.data.redis.core.RedisHash (preferred), or consider extending one of the following types with your repository: org.springframework.data.keyvalue.repository.KeyValueRepository
2026-05-02 06:56:04 [main] INFO  [IP:  | User Name:  | User ID:  |  ] o.s.d.r.c.RepositoryConfigurationExtensionSupport - Spring Data Redis - Could not safely identify store assignment for repository candidate interface com.example.eventsphere.repository.WorkspaceRepository; If you want this repository to be a Redis repository, consider annotating your entities with one of these annotations: org.springframework.data.redis.core.RedisHash (preferred), or consider extending one of the following types with your repository: org.springframework.data.keyvalue.repository.KeyValueRepository
2026-05-02 06:56:04 [main] INFO  [IP:  | User Name:  | User ID:  |  ] o.s.d.r.c.RepositoryConfigurationDelegate - Finished Spring Data repository scanning in 31 ms. Found 0 Redis repository interfaces.
2026-05-02 06:56:06 [main] INFO  [IP:  | User Name:  | User ID:  |  ] o.s.b.w.e.tomcat.TomcatWebServer - Tomcat initialized with port 8080 (http)
2026-05-02 06:56:06 [main] INFO  [IP:  | User Name:  | User ID:  |  ] o.a.coyote.http11.Http11NioProtocol - Initializing ProtocolHandler ["http-nio-8080"]
2026-05-02 06:56:06 [main] INFO  [IP:  | User Name:  | User ID:  |  ] o.a.catalina.core.StandardService - Starting service [Tomcat]
2026-05-02 06:56:06 [main] INFO  [IP:  | User Name:  | User ID:  |  ] o.a.catalina.core.StandardEngine - Starting Servlet engine: [Apache Tomcat/10.1.53]
2026-05-02 06:56:07 [main] INFO  [IP:  | User Name:  | User ID:  |  ] o.a.c.c.C.[Tomcat].[localhost].[/] - Initializing Spring embedded WebApplicationContext
2026-05-02 06:56:07 [main] INFO  [IP:  | User Name:  | User ID:  |  ] o.s.b.w.s.c.ServletWebServerApplicationContext - Root WebApplicationContext: initialization completed in 6886 ms
2026-05-02 06:56:07 [main] INFO  [IP:  | User Name:  | User ID:  |  ] o.h.jpa.internal.util.LogHelper - HHH000204: Processing PersistenceUnitInfo [name: default]
2026-05-02 06:56:07 [main] INFO  [IP:  | User Name:  | User ID:  |  ] org.hibernate.Version - HHH000412: Hibernate ORM core version 6.6.45.Final
2026-05-02 06:56:07 [main] INFO  [IP:  | User Name:  | User ID:  |  ] o.h.s.integration.SpatialService - HHH80000001: hibernate-spatial integration enabled : true
2026-05-02 06:56:07 [main] INFO  [IP:  | User Name:  | User ID:  |  ] o.h.c.i.RegionFactoryInitiator - HHH000026: Second-level cache disabled
2026-05-02 06:56:08 [main] INFO  [IP:  | User Name:  | User ID:  |  ] com.zaxxer.hikari.HikariDataSource - HikariPool-1 - Starting...
2026-05-02 06:56:10 [main] INFO  [IP:  | User Name:  | User ID:  |  ] com.zaxxer.hikari.pool.HikariPool - HikariPool-1 - Added connection org.postgresql.jdbc.PgConnection@3b66ac74
2026-05-02 06:56:10 [main] INFO  [IP:  | User Name:  | User ID:  |  ] com.zaxxer.hikari.HikariDataSource - HikariPool-1 - Start completed.
2026-05-02 06:56:10 [main] WARN  [IP:  | User Name:  | User ID:  |  ] org.hibernate.orm.deprecation - HHH90000025: PostgreSQLDialect does not need to be specified explicitly using 'hibernate.dialect' (remove the property setting and it will be selected by default)
2026-05-02 06:56:11 [main] INFO  [IP:  | User Name:  | User ID:  |  ] o.hibernate.orm.connections.pooling - HHH10001005: Database info:
	Database JDBC URL [Connecting through datasource 'HikariDataSource (HikariPool-1)']
	Database driver: undefined/unknown
	Database version: 17.6
	Autocommit mode: undefined/unknown
	Isolation level: undefined/unknown
	Minimum pool size: undefined/unknown
	Maximum pool size: undefined/unknown
2026-05-02 06:56:11 [main] INFO  [IP:  | User Name:  | User ID:  |  ] org.hibernate.spatial - HHH80000003: hibernate-spatial adding type contributions from : org.hibernate.spatial.dialect.postgis.PostgisDialectContributor
2026-05-02 06:56:12 [main] INFO  [IP:  | User Name:  | User ID:  |  ] o.s.o.j.p.SpringPersistenceUnitInfo - No LoadTimeWeaver setup: ignoring JPA class transformer
2026-05-02 06:56:12 [main] INFO  [IP:  | User Name:  | User ID:  |  ] org.hibernate.spatial - HHH80000003: hibernate-spatial adding type contributions from : org.hibernate.spatial.dialect.postgis.PostgisDialectContributor
2026-05-02 06:56:13 [main] INFO  [IP:  | User Name:  | User ID:  |  ] org.hibernate.spatial - HHH80000004: hibernate-spatial adding function contributions from : org.hibernate.spatial.dialect.postgis.PostgisDialectContributor
2026-05-02 06:56:14 [main] INFO  [IP:  | User Name:  | User ID:  |  ] o.h.e.t.j.p.i.JtaPlatformInitiator - HHH000489: No JTA platform available (set 'hibernate.transaction.jta.platform' to enable JTA platform integration)
2026-05-02 06:56:14 [main] INFO  [IP:  | User Name:  | User ID:  |  ] o.s.o.j.LocalContainerEntityManagerFactoryBean - Initialized JPA EntityManagerFactory for persistence unit 'default'
2026-05-02 06:56:15 [main] INFO  [IP:  | User Name:  | User ID:  |  ] o.s.d.j.r.query.QueryEnhancerFactory - Hibernate is in classpath; If applicable, HQL parser will be used.
2026-05-02 06:56:24 [main] INFO  [IP:  | User Name:  | User ID:  |  ] o.s.s.c.a.a.c.InitializeAuthenticationProviderBeanManagerConfigurer$InitializeAuthenticationProviderManagerConfigurer - Global AuthenticationManager configured with AuthenticationProvider bean with name authenticationProvider
2026-05-02 06:56:24 [main] WARN  [IP:  | User Name:  | User ID:  |  ] o.s.s.c.a.a.c.InitializeUserDetailsBeanManagerConfigurer$InitializeUserDetailsManagerConfigurer - Global AuthenticationManager configured with an AuthenticationProvider bean. UserDetailsService beans will not be used by Spring Security for automatically configuring username/password login. Consider removing the AuthenticationProvider bean. Alternatively, consider using the UserDetailsService in a manually instantiated DaoAuthenticationProvider. If the current configuration is intentional, to turn off this warning, increase the logging level of 'org.springframework.security.config.annotation.authentication.configuration.InitializeUserDetailsBeanManagerConfigurer' to ERROR
2026-05-02 06:56:25 [main] INFO  [IP:  | User Name:  | User ID:  |  ] o.a.coyote.http11.Http11NioProtocol - Starting ProtocolHandler ["http-nio-8080"]
2026-05-02 06:56:25 [main] INFO  [IP:  | User Name:  | User ID:  |  ] o.s.b.w.e.tomcat.TomcatWebServer - Tomcat started on port 8080 (http) with context path '/'
2026-05-02 06:56:26 [main] INFO  [IP:  | User Name:  | User ID:  |  ] c.e.e.EventsphereApplication - Started EventsphereApplication in 28.363 seconds (process running for 29.747)
2026-05-02 06:56:26 [main] INFO  [IP:  | User Name:  | User ID:  |  ] c.e.eventsphere.config.AdminConfig - Default Admin already exists. Skipping seeding.
2026-05-02 07:00:54 [http-nio-8080-exec-1] INFO  [IP:  | User Name:  | User ID:  |  ] o.a.c.c.C.[Tomcat].[localhost].[/] - Initializing Spring DispatcherServlet 'dispatcherServlet'
2026-05-02 07:00:54 [http-nio-8080-exec-1] INFO  [IP:  | User Name:  | User ID:  |  ] o.s.web.servlet.DispatcherServlet - Initializing Servlet 'dispatcherServlet'
2026-05-02 07:00:54 [http-nio-8080-exec-1] INFO  [IP:  | User Name:  | User ID:  |  ] o.s.web.servlet.DispatcherServlet - Completed initialization in 5 ms
2026-05-02 07:00:54 [http-nio-8080-exec-1] INFO  [IP: 0:0:0:0:0:0:0:1 | User Name: anonymous_user | User ID: anonymous_id | POST /api/auth/signup/initiate] c.e.e.filter.RequestLoggingFilter - Incoming Request
2026-05-02 07:00:57 [http-nio-8080-exec-1] INFO  [IP: 0:0:0:0:0:0:0:1 | User Name: anonymous_user | User ID: anonymous_id | POST /api/auth/signup/initiate] c.e.eventsphere.service.OtpService - Generated new OTP for aliteenager1234@gmail.com, expires in 10 minutes
2026-05-02 07:01:05 [http-nio-8080-exec-1] INFO  [IP: 0:0:0:0:0:0:0:1 | User Name: anonymous_user | User ID: anonymous_id | POST /api/auth/signup/initiate] c.e.eventsphere.service.EmailService - OTP email successfully sent to aliteenager1234@gmail.com
2026-05-02 07:01:05 [http-nio-8080-exec-1] INFO  [IP: 0:0:0:0:0:0:0:1 | User Name: anonymous_user | User ID: anonymous_id | POST /api/auth/signup/initiate] c.e.eventsphere.service.AuthService - Signup initiated for email: aliteenager1234@gmail.com
2026-05-02 07:01:05 [http-nio-8080-exec-1] INFO  [IP: 0:0:0:0:0:0:0:1 | User Name: anonymous_user | User ID: anonymous_id | POST /api/auth/signup/initiate] c.e.e.filter.RequestLoggingFilter - Completed in 10952 ms with status 200
2026-05-02 07:02:21 [http-nio-8080-exec-3] INFO  [IP: 0:0:0:0:0:0:0:1 | User Name: anonymous_user | User ID: anonymous_id | POST /api/auth/signup/verify] c.e.e.filter.RequestLoggingFilter - Incoming Request
2026-05-02 07:02:21 [http-nio-8080-exec-3] INFO  [IP: 0:0:0:0:0:0:0:1 | User Name: anonymous_user | User ID: anonymous_id | POST /api/auth/signup/verify] c.e.eventsphere.service.OtpService - OTP successfully verified and deleted for aliteenager1234@gmail.com
2026-05-02 07:02:21 [http-nio-8080-exec-3] INFO  [IP: 0:0:0:0:0:0:0:1 | User Name: anonymous_user | User ID: anonymous_id | POST /api/auth/signup/verify] c.e.e.filter.RequestLoggingFilter - Completed in 174 ms with status 200
2026-05-02 07:03:06 [http-nio-8080-exec-4] INFO  [IP: 0:0:0:0:0:0:0:1 | User Name: anonymous_user | User ID: anonymous_id | POST /api/auth/signup/complete] c.e.e.filter.RequestLoggingFilter - Incoming Request
2026-05-02 07:03:07 [http-nio-8080-exec-4] WARN  [IP: 0:0:0:0:0:0:0:1 | User Name: anonymous_user | User ID: anonymous_id | POST /api/auth/signup/complete] c.e.eventsphere.service.AuthService - SECURITY ALERT: User aliteenager1234@gmail.com attempted to register as an ADMIN!
2026-05-02 07:03:07 [http-nio-8080-exec-4] WARN  [IP: 0:0:0:0:0:0:0:1 | User Name: anonymous_user | User ID: anonymous_id | POST /api/auth/signup/complete] c.e.e.e.GlobalExceptionHandler - Business rule violation at /api/auth/signup/complete: You do not have permission to register as an Admin.
2026-05-02 07:03:07 [http-nio-8080-exec-4] INFO  [IP: 0:0:0:0:0:0:0:1 | User Name: anonymous_user | User ID: anonymous_id | POST /api/auth/signup/complete] c.e.e.filter.RequestLoggingFilter - Completed in 720 ms with status 400
2026-05-02 07:03:15 [http-nio-8080-exec-5] INFO  [IP: 0:0:0:0:0:0:0:1 | User Name: anonymous_user | User ID: anonymous_id | POST /api/auth/signup/complete] c.e.e.filter.RequestLoggingFilter - Incoming Request
2026-05-02 07:03:15 [http-nio-8080-exec-5] WARN  [IP: 0:0:0:0:0:0:0:1 | User Name: anonymous_user | User ID: anonymous_id | POST /api/auth/signup/complete] c.e.e.e.GlobalExceptionHandler - Business rule violation at /api/auth/signup/complete: JSON parse error: Cannot deserialize value of type `com.example.eventsphere.enums.UserRole` from String "as": not one of the values accepted for Enum class: [ATTENDEE, ADMIN, ORGANIZER]
2026-05-02 07:03:16 [http-nio-8080-exec-5] INFO  [IP: 0:0:0:0:0:0:0:1 | User Name: anonymous_user | User ID: anonymous_id | POST /api/auth/signup/complete] c.e.e.filter.RequestLoggingFilter - Completed in 15 ms with status 400
2026-05-02 07:03:32 [http-nio-8080-exec-6] INFO  [IP: 0:0:0:0:0:0:0:1 | User Name: anonymous_user | User ID: anonymous_id | POST /api/auth/signup/complete] c.e.e.filter.RequestLoggingFilter - Incoming Request
2026-05-02 07:03:33 [http-nio-8080-exec-6] INFO  [IP: 0:0:0:0:0:0:0:1 | User Name: anonymous_user | User ID: anonymous_id | POST /api/auth/signup/complete] c.e.eventsphere.service.AuthService - New user successfully registered: aliteenager1234@gmail.com
2026-05-02 07:03:33 [http-nio-8080-exec-6] INFO  [IP: 0:0:0:0:0:0:0:1 | User Name: anonymous_user | User ID: anonymous_id | POST /api/auth/signup/complete] c.e.e.filter.RequestLoggingFilter - Completed in 1143 ms with status 200
2026-05-02 07:03:56 [http-nio-8080-exec-7] INFO  [IP: 0:0:0:0:0:0:0:1 | User Name: ali.imran | User ID: 81ca140f-1ec2-4231-b15e-dffd7ec0e491 | GET /api/users/get-profile] c.e.e.filter.RequestLoggingFilter - Incoming Request
2026-05-02 07:03:57 [http-nio-8080-exec-7] INFO  [IP: 0:0:0:0:0:0:0:1 | User Name: ali.imran | User ID: 81ca140f-1ec2-4231-b15e-dffd7ec0e491 | GET /api/users/get-profile] c.e.e.filter.RequestLoggingFilter - Completed in 395 ms with status 200
2026-05-02 07:05:11 [http-nio-8080-exec-9] INFO  [IP: 0:0:0:0:0:0:0:1 | User Name: ali.imran | User ID: 81ca140f-1ec2-4231-b15e-dffd7ec0e491 | GET /api/users/get-profile] c.e.e.filter.RequestLoggingFilter - Incoming Request
2026-05-02 07:05:12 [http-nio-8080-exec-9] INFO  [IP: 0:0:0:0:0:0:0:1 | User Name: ali.imran | User ID: 81ca140f-1ec2-4231-b15e-dffd7ec0e491 | GET /api/users/get-profile] c.e.e.filter.RequestLoggingFilter - Completed in 584 ms with status 200
2026-05-02 07:06:00 [http-nio-8080-exec-10] INFO  [IP: 0:0:0:0:0:0:0:1 | User Name: anonymous_user | User ID: anonymous_id | POST /api/auth/login] c.e.e.filter.RequestLoggingFilter - Incoming Request
2026-05-02 07:06:01 [http-nio-8080-exec-10] INFO  [IP: 0:0:0:0:0:0:0:1 | User Name: anonymous_user | User ID: anonymous_id | POST /api/auth/login] c.e.eventsphere.service.AuthService - Successful login for user: ali.imran
2026-05-02 07:06:01 [http-nio-8080-exec-10] INFO  [IP: 0:0:0:0:0:0:0:1 | User Name: anonymous_user | User ID: anonymous_id | POST /api/auth/login] c.e.e.filter.RequestLoggingFilter - Completed in 495 ms with status 200
2026-05-02 07:06:19 [http-nio-8080-exec-1] INFO  [IP: 0:0:0:0:0:0:0:1 | User Name: anonymous_user | User ID: anonymous_id | POST /api/auth/login] c.e.e.filter.RequestLoggingFilter - Incoming Request
2026-05-02 07:06:20 [http-nio-8080-exec-1] INFO  [IP: 0:0:0:0:0:0:0:1 | User Name: anonymous_user | User ID: anonymous_id | POST /api/auth/login] c.e.eventsphere.service.AuthService - Successful login for user: ali.imran
2026-05-02 07:06:20 [http-nio-8080-exec-1] INFO  [IP: 0:0:0:0:0:0:0:1 | User Name: anonymous_user | User ID: anonymous_id | POST /api/auth/login] c.e.e.filter.RequestLoggingFilter - Completed in 473 ms with status 200
2026-05-02 07:06:45 [http-nio-8080-exec-2] INFO  [IP: 0:0:0:0:0:0:0:1 | User Name: ali.imran | User ID: 81ca140f-1ec2-4231-b15e-dffd7ec0e491 | GET /api/users/get-profile] c.e.e.filter.RequestLoggingFilter - Incoming Request
2026-05-02 07:06:45 [http-nio-8080-exec-2] INFO  [IP: 0:0:0:0:0:0:0:1 | User Name: ali.imran | User ID: 81ca140f-1ec2-4231-b15e-dffd7ec0e491 | GET /api/users/get-profile] c.e.e.filter.RequestLoggingFilter - Completed in 384 ms with status 200
2026-05-02 07:08:07 [http-nio-8080-exec-4] INFO  [IP: 0:0:0:0:0:0:0:1 | User Name: anonymous_user | User ID: anonymous_id | POST /api/auth/logout] c.e.e.filter.RequestLoggingFilter - Incoming Request
2026-05-02 07:08:07 [http-nio-8080-exec-4] INFO  [IP: 0:0:0:0:0:0:0:1 | User Name: anonymous_user | User ID: anonymous_id | POST /api/auth/logout] c.e.e.security.TokenBlackList - Token added to Redis blacklist. Expiring in 325634ms
2026-05-02 07:08:07 [http-nio-8080-exec-4] INFO  [IP: 0:0:0:0:0:0:0:1 | User Name: anonymous_user | User ID: anonymous_id | POST /api/auth/logout] c.e.eventsphere.service.AuthService - User successfully logged out and token blacklisted.
2026-05-02 07:08:07 [http-nio-8080-exec-4] INFO  [IP: 0:0:0:0:0:0:0:1 | User Name: anonymous_user | User ID: anonymous_id | POST /api/auth/logout] c.e.e.filter.RequestLoggingFilter - Completed in 24 ms with status 200
2026-05-02 07:08:14 [http-nio-8080-exec-5] WARN  [IP:  | User Name:  | User ID:  |  ] c.e.e.filter.JwtAuthenticationFilter - Attempted access with REVOKED/BLACKLISTED token
2026-05-02 07:11:42 [SpringApplicationShutdownHook] INFO  [IP:  | User Name:  | User ID:  |  ] o.s.b.w.e.tomcat.GracefulShutdown - Commencing graceful shutdown. Waiting for active requests to complete
2026-05-02 07:11:44 [tomcat-shutdown] INFO  [IP:  | User Name:  | User ID:  |  ] o.s.b.w.e.tomcat.GracefulShutdown - Graceful shutdown complete
2026-05-02 07:11:44 [SpringApplicationShutdownHook] INFO  [IP:  | User Name:  | User ID:  |  ] o.s.o.j.LocalContainerEntityManagerFactoryBean - Closing JPA EntityManagerFactory for persistence unit 'default'
2026-05-02 07:11:44 [SpringApplicationShutdownHook] INFO  [IP:  | User Name:  | User ID:  |  ] com.zaxxer.hikari.HikariDataSource - HikariPool-1 - Shutdown initiated...
2026-05-02 07:11:44 [SpringApplicationShutdownHook] INFO  [IP:  | User Name:  | User ID:  |  ] com.zaxxer.hikari.HikariDataSource - HikariPool-1 - Shutdown completed.
2026-05-02 07:34:24 [background-preinit] INFO  [IP:  | User Name:  | User ID:  |  ] o.h.validator.internal.util.Version - HV000001: Hibernate Validator 8.0.3.Final
2026-05-02 07:34:25 [main] INFO  [IP:  | User Name:  | User ID:  |  ] c.e.e.EventsphereApplication - Starting EventsphereApplication using Java 17.0.14 with PID 5640 (D:\SpringBoot\eventsphere\target\classes started by AMU in D:\SpringBoot\eventsphere)
2026-05-02 07:34:25 [main] INFO  [IP:  | User Name:  | User ID:  |  ] c.e.e.EventsphereApplication - No active profile set, falling back to 1 default profile: "default"
2026-05-02 07:34:32 [main] INFO  [IP:  | User Name:  | User ID:  |  ] o.s.d.r.c.RepositoryConfigurationDelegate - Multiple Spring Data modules found, entering strict repository configuration mode
2026-05-02 07:34:32 [main] INFO  [IP:  | User Name:  | User ID:  |  ] o.s.d.r.c.RepositoryConfigurationDelegate - Bootstrapping Spring Data JPA repositories in DEFAULT mode.
2026-05-02 07:34:33 [main] INFO  [IP:  | User Name:  | User ID:  |  ] o.s.d.r.c.RepositoryConfigurationDelegate - Finished Spring Data repository scanning in 885 ms. Found 4 JPA repository interfaces.
2026-05-02 07:34:33 [main] INFO  [IP:  | User Name:  | User ID:  |  ] o.s.d.r.c.RepositoryConfigurationDelegate - Multiple Spring Data modules found, entering strict repository configuration mode
2026-05-02 07:34:33 [main] INFO  [IP:  | User Name:  | User ID:  |  ] o.s.d.r.c.RepositoryConfigurationDelegate - Bootstrapping Spring Data Redis repositories in DEFAULT mode.
2026-05-02 07:34:33 [main] INFO  [IP:  | User Name:  | User ID:  |  ] o.s.d.r.c.RepositoryConfigurationExtensionSupport - Spring Data Redis - Could not safely identify store assignment for repository candidate interface com.example.eventsphere.repository.CategoryRepository; If you want this repository to be a Redis repository, consider annotating your entities with one of these annotations: org.springframework.data.redis.core.RedisHash (preferred), or consider extending one of the following types with your repository: org.springframework.data.keyvalue.repository.KeyValueRepository
2026-05-02 07:34:33 [main] INFO  [IP:  | User Name:  | User ID:  |  ] o.s.d.r.c.RepositoryConfigurationExtensionSupport - Spring Data Redis - Could not safely identify store assignment for repository candidate interface com.example.eventsphere.repository.EventRepository; If you want this repository to be a Redis repository, consider annotating your entities with one of these annotations: org.springframework.data.redis.core.RedisHash (preferred), or consider extending one of the following types with your repository: org.springframework.data.keyvalue.repository.KeyValueRepository
2026-05-02 07:34:33 [main] INFO  [IP:  | User Name:  | User ID:  |  ] o.s.d.r.c.RepositoryConfigurationExtensionSupport - Spring Data Redis - Could not safely identify store assignment for repository candidate interface com.example.eventsphere.repository.UserRepository; If you want this repository to be a Redis repository, consider annotating your entities with one of these annotations: org.springframework.data.redis.core.RedisHash (preferred), or consider extending one of the following types with your repository: org.springframework.data.keyvalue.repository.KeyValueRepository
2026-05-02 07:34:33 [main] INFO  [IP:  | User Name:  | User ID:  |  ] o.s.d.r.c.RepositoryConfigurationExtensionSupport - Spring Data Redis - Could not safely identify store assignment for repository candidate interface com.example.eventsphere.repository.WorkspaceRepository; If you want this repository to be a Redis repository, consider annotating your entities with one of these annotations: org.springframework.data.redis.core.RedisHash (preferred), or consider extending one of the following types with your repository: org.springframework.data.keyvalue.repository.KeyValueRepository
2026-05-02 07:34:33 [main] INFO  [IP:  | User Name:  | User ID:  |  ] o.s.d.r.c.RepositoryConfigurationDelegate - Finished Spring Data repository scanning in 179 ms. Found 0 Redis repository interfaces.
2026-05-02 07:34:38 [main] INFO  [IP:  | User Name:  | User ID:  |  ] o.s.b.w.e.tomcat.TomcatWebServer - Tomcat initialized with port 8080 (http)
2026-05-02 07:34:38 [main] INFO  [IP:  | User Name:  | User ID:  |  ] o.a.coyote.http11.Http11NioProtocol - Initializing ProtocolHandler ["http-nio-8080"]
2026-05-02 07:34:38 [main] INFO  [IP:  | User Name:  | User ID:  |  ] o.a.catalina.core.StandardService - Starting service [Tomcat]
2026-05-02 07:34:38 [main] INFO  [IP:  | User Name:  | User ID:  |  ] o.a.catalina.core.StandardEngine - Starting Servlet engine: [Apache Tomcat/10.1.53]
2026-05-02 07:34:38 [main] INFO  [IP:  | User Name:  | User ID:  |  ] o.a.c.c.C.[Tomcat].[localhost].[/] - Initializing Spring embedded WebApplicationContext
2026-05-02 07:34:38 [main] INFO  [IP:  | User Name:  | User ID:  |  ] o.s.b.w.s.c.ServletWebServerApplicationContext - Root WebApplicationContext: initialization completed in 13212 ms
2026-05-02 07:34:39 [main] INFO  [IP:  | User Name:  | User ID:  |  ] o.h.jpa.internal.util.LogHelper - HHH000204: Processing PersistenceUnitInfo [name: default]
2026-05-02 07:34:39 [main] INFO  [IP:  | User Name:  | User ID:  |  ] org.hibernate.Version - HHH000412: Hibernate ORM core version 6.6.45.Final
2026-05-02 07:34:39 [main] INFO  [IP:  | User Name:  | User ID:  |  ] o.h.s.integration.SpatialService - HHH80000001: hibernate-spatial integration enabled : true
2026-05-02 07:34:39 [main] INFO  [IP:  | User Name:  | User ID:  |  ] o.h.c.i.RegionFactoryInitiator - HHH000026: Second-level cache disabled
2026-05-02 07:34:40 [main] INFO  [IP:  | User Name:  | User ID:  |  ] com.zaxxer.hikari.HikariDataSource - HikariPool-1 - Starting...
2026-05-02 07:34:48 [main] INFO  [IP:  | User Name:  | User ID:  |  ] com.zaxxer.hikari.pool.HikariPool - HikariPool-1 - Added connection org.postgresql.jdbc.PgConnection@2739ecc0
2026-05-02 07:34:48 [main] INFO  [IP:  | User Name:  | User ID:  |  ] com.zaxxer.hikari.HikariDataSource - HikariPool-1 - Start completed.
2026-05-02 07:34:49 [main] WARN  [IP:  | User Name:  | User ID:  |  ] org.hibernate.orm.deprecation - HHH90000025: PostgreSQLDialect does not need to be specified explicitly using 'hibernate.dialect' (remove the property setting and it will be selected by default)
2026-05-02 07:34:49 [main] INFO  [IP:  | User Name:  | User ID:  |  ] o.hibernate.orm.connections.pooling - HHH10001005: Database info:
	Database JDBC URL [Connecting through datasource 'HikariDataSource (HikariPool-1)']
	Database driver: undefined/unknown
	Database version: 17.6
	Autocommit mode: undefined/unknown
	Isolation level: undefined/unknown
	Minimum pool size: undefined/unknown
	Maximum pool size: undefined/unknown
2026-05-02 07:34:49 [main] INFO  [IP:  | User Name:  | User ID:  |  ] org.hibernate.spatial - HHH80000003: hibernate-spatial adding type contributions from : org.hibernate.spatial.dialect.postgis.PostgisDialectContributor
2026-05-02 07:34:50 [main] INFO  [IP:  | User Name:  | User ID:  |  ] o.s.o.j.p.SpringPersistenceUnitInfo - No LoadTimeWeaver setup: ignoring JPA class transformer
2026-05-02 07:34:50 [main] INFO  [IP:  | User Name:  | User ID:  |  ] org.hibernate.spatial - HHH80000003: hibernate-spatial adding type contributions from : org.hibernate.spatial.dialect.postgis.PostgisDialectContributor
2026-05-02 07:34:51 [main] INFO  [IP:  | User Name:  | User ID:  |  ] org.hibernate.spatial - HHH80000004: hibernate-spatial adding function contributions from : org.hibernate.spatial.dialect.postgis.PostgisDialectContributor
2026-05-02 07:34:53 [main] INFO  [IP:  | User Name:  | User ID:  |  ] o.h.e.t.j.p.i.JtaPlatformInitiator - HHH000489: No JTA platform available (set 'hibernate.transaction.jta.platform' to enable JTA platform integration)
2026-05-02 07:34:53 [main] INFO  [IP:  | User Name:  | User ID:  |  ] o.s.o.j.LocalContainerEntityManagerFactoryBean - Initialized JPA EntityManagerFactory for persistence unit 'default'
2026-05-02 07:34:54 [main] INFO  [IP:  | User Name:  | User ID:  |  ] o.s.d.j.r.query.QueryEnhancerFactory - Hibernate is in classpath; If applicable, HQL parser will be used.
2026-05-02 07:35:03 [main] INFO  [IP:  | User Name:  | User ID:  |  ] o.s.s.c.a.a.c.InitializeAuthenticationProviderBeanManagerConfigurer$InitializeAuthenticationProviderManagerConfigurer - Global AuthenticationManager configured with AuthenticationProvider bean with name authenticationProvider
2026-05-02 07:35:03 [main] WARN  [IP:  | User Name:  | User ID:  |  ] o.s.s.c.a.a.c.InitializeUserDetailsBeanManagerConfigurer$InitializeUserDetailsManagerConfigurer - Global AuthenticationManager configured with an AuthenticationProvider bean. UserDetailsService beans will not be used by Spring Security for automatically configuring username/password login. Consider removing the AuthenticationProvider bean. Alternatively, consider using the UserDetailsService in a manually instantiated DaoAuthenticationProvider. If the current configuration is intentional, to turn off this warning, increase the logging level of 'org.springframework.security.config.annotation.authentication.configuration.InitializeUserDetailsBeanManagerConfigurer' to ERROR
2026-05-02 07:35:05 [main] INFO  [IP:  | User Name:  | User ID:  |  ] o.a.coyote.http11.Http11NioProtocol - Starting ProtocolHandler ["http-nio-8080"]
2026-05-02 07:35:05 [main] INFO  [IP:  | User Name:  | User ID:  |  ] o.s.b.w.e.tomcat.TomcatWebServer - Tomcat started on port 8080 (http) with context path '/'
2026-05-02 07:35:05 [main] INFO  [IP:  | User Name:  | User ID:  |  ] c.e.e.EventsphereApplication - Started EventsphereApplication in 44.977 seconds (process running for 47.22)
2026-05-02 07:35:06 [main] INFO  [IP:  | User Name:  | User ID:  |  ] c.e.eventsphere.config.AdminConfig - Default Admin already exists. Skipping seeding.
2026-05-02 07:36:33 [http-nio-8080-exec-1] INFO  [IP:  | User Name:  | User ID:  |  ] o.a.c.c.C.[Tomcat].[localhost].[/] - Initializing Spring DispatcherServlet 'dispatcherServlet'
2026-05-02 07:36:33 [http-nio-8080-exec-1] INFO  [IP:  | User Name:  | User ID:  |  ] o.s.web.servlet.DispatcherServlet - Initializing Servlet 'dispatcherServlet'
2026-05-02 07:36:33 [http-nio-8080-exec-1] INFO  [IP:  | User Name:  | User ID:  |  ] o.s.web.servlet.DispatcherServlet - Completed initialization in 6 ms
2026-05-02 07:36:34 [http-nio-8080-exec-1] INFO  [IP: 0:0:0:0:0:0:0:1 | User Name: anonymous_user | User ID: anonymous_id | POST /api/auth/signup/initiate] c.e.e.filter.RequestLoggingFilter - Incoming Request
2026-05-02 07:36:34 [http-nio-8080-exec-1] WARN  [IP: 0:0:0:0:0:0:0:1 | User Name: anonymous_user | User ID: anonymous_id | POST /api/auth/signup/initiate] c.e.e.e.GlobalExceptionHandler - Business rule violation at /api/auth/signup/initiate: Email is already registered.
2026-05-02 07:36:34 [http-nio-8080-exec-1] INFO  [IP: 0:0:0:0:0:0:0:1 | User Name: anonymous_user | User ID: anonymous_id | POST /api/auth/signup/initiate] c.e.e.filter.RequestLoggingFilter - Completed in 914 ms with status 400
2026-05-02 07:36:43 [http-nio-8080-exec-2] INFO  [IP: 0:0:0:0:0:0:0:1 | User Name: anonymous_user | User ID: anonymous_id | POST /api/auth/signup/initiate] c.e.e.filter.RequestLoggingFilter - Incoming Request
2026-05-02 07:36:43 [http-nio-8080-exec-2] WARN  [IP: 0:0:0:0:0:0:0:1 | User Name: anonymous_user | User ID: anonymous_id | POST /api/auth/signup/initiate] c.e.e.e.GlobalExceptionHandler - Business rule violation at /api/auth/signup/initiate: Email is already registered.
2026-05-02 07:36:43 [http-nio-8080-exec-2] INFO  [IP: 0:0:0:0:0:0:0:1 | User Name: anonymous_user | User ID: anonymous_id | POST /api/auth/signup/initiate] c.e.e.filter.RequestLoggingFilter - Completed in 385 ms with status 400
2026-05-02 07:38:25 [http-nio-8080-exec-3] INFO  [IP: 0:0:0:0:0:0:0:1 | User Name: anonymous_user | User ID: anonymous_id | POST /api/auth/signup/initiate] c.e.e.filter.RequestLoggingFilter - Incoming Request
2026-05-02 07:38:27 [http-nio-8080-exec-3] INFO  [IP: 0:0:0:0:0:0:0:1 | User Name: anonymous_user | User ID: anonymous_id | POST /api/auth/signup/initiate] c.e.eventsphere.service.OtpService - Generated new OTP for brappekauvautro-5060@yopmail.com, expires in 10 minutes
2026-05-02 07:38:28 [http-nio-8080-exec-3] ERROR [IP: 0:0:0:0:0:0:0:1 | User Name: anonymous_user | User ID: anonymous_id | POST /api/auth/signup/initiate] c.e.eventsphere.service.EmailService - Failed to send OTP email to brappekauvautro-5060@yopmail.com
org.springframework.mail.MailSendException: Mail server connection failed. Failed messages: org.eclipse.angus.mail.util.MailConnectException: Couldn't connect to host, port: smtp.titan.mail, 465; timeout -1;
  nested exception is:
	java.net.UnknownHostException: smtp.titan.mail; message exceptions (1) are:
Failed message 1: org.eclipse.angus.mail.util.MailConnectException: Couldn't connect to host, port: smtp.titan.mail, 465; timeout -1;
  nested exception is:
	java.net.UnknownHostException: smtp.titan.mail
	at org.springframework.mail.javamail.JavaMailSenderImpl.doSend(JavaMailSenderImpl.java:410)
	at org.springframework.mail.javamail.JavaMailSenderImpl.send(JavaMailSenderImpl.java:317)
	at org.springframework.mail.MailSender.send(MailSender.java:42)
	at com.example.eventsphere.service.EmailService.sendOtpEmail(EmailService.java:33)
	at com.example.eventsphere.service.AuthService.initiateSignup(AuthService.java:116)
	at com.example.eventsphere.controller.AuthController.initiateSignup(AuthController.java:49)
	at java.base/jdk.internal.reflect.NativeMethodAccessorImpl.invoke0(Native Method)
	at java.base/jdk.internal.reflect.NativeMethodAccessorImpl.invoke(NativeMethodAccessorImpl.java:77)
	at java.base/jdk.internal.reflect.DelegatingMethodAccessorImpl.invoke(DelegatingMethodAccessorImpl.java:43)
	at java.base/java.lang.reflect.Method.invoke(Method.java:569)
	at org.springframework.web.method.support.InvocableHandlerMethod.doInvoke(InvocableHandlerMethod.java:258)
	at org.springframework.web.method.support.InvocableHandlerMethod.invokeForRequest(InvocableHandlerMethod.java:191)
	at org.springframework.web.servlet.mvc.method.annotation.ServletInvocableHandlerMethod.invokeAndHandle(ServletInvocableHandlerMethod.java:118)
	at org.springframework.web.servlet.mvc.method.annotation.RequestMappingHandlerAdapter.invokeHandlerMethod(RequestMappingHandlerAdapter.java:991)
	at org.springframework.web.servlet.mvc.method.annotation.RequestMappingHandlerAdapter.handleInternal(RequestMappingHandlerAdapter.java:896)
	at org.springframework.web.servlet.mvc.method.AbstractHandlerMethodAdapter.handle(AbstractHandlerMethodAdapter.java:87)
	at org.springframework.web.servlet.DispatcherServlet.doDispatch(DispatcherServlet.java:1089)
	at org.springframework.web.servlet.DispatcherServlet.doService(DispatcherServlet.java:979)
	at org.springframework.web.servlet.FrameworkServlet.processRequest(FrameworkServlet.java:1014)
	at org.springframework.web.servlet.FrameworkServlet.doPost(FrameworkServlet.java:914)
	at jakarta.servlet.http.HttpServlet.service(HttpServlet.java:590)
	at org.springframework.web.servlet.FrameworkServlet.service(FrameworkServlet.java:885)
	at jakarta.servlet.http.HttpServlet.service(HttpServlet.java:658)
	at org.apache.catalina.core.ApplicationFilterChain.internalDoFilter(ApplicationFilterChain.java:193)
	at org.apache.catalina.core.ApplicationFilterChain.doFilter(ApplicationFilterChain.java:138)
	at org.apache.tomcat.websocket.server.WsFilter.doFilter(WsFilter.java:51)
	at org.apache.catalina.core.ApplicationFilterChain.internalDoFilter(ApplicationFilterChain.java:162)
	at org.apache.catalina.core.ApplicationFilterChain.doFilter(ApplicationFilterChain.java:138)
	at org.springframework.web.filter.OncePerRequestFilter.doFilter(OncePerRequestFilter.java:110)
	at org.apache.catalina.core.ApplicationFilterChain.internalDoFilter(ApplicationFilterChain.java:162)
	at org.apache.catalina.core.ApplicationFilterChain.doFilter(ApplicationFilterChain.java:138)
	at org.springframework.web.filter.OncePerRequestFilter.doFilter(OncePerRequestFilter.java:101)
	at org.apache.catalina.core.ApplicationFilterChain.internalDoFilter(ApplicationFilterChain.java:162)
	at org.apache.catalina.core.ApplicationFilterChain.doFilter(ApplicationFilterChain.java:138)
	at org.springframework.web.filter.CompositeFilter$VirtualFilterChain.doFilter(CompositeFilter.java:108)
	at org.springframework.web.filter.CompositeFilter$VirtualFilterChain.doFilter(CompositeFilter.java:108)
	at org.springframework.security.web.FilterChainProxy.lambda$doFilterInternal$3(FilterChainProxy.java:231)
	at org.springframework.security.web.FilterChainProxy$VirtualFilterChain.doFilter(FilterChainProxy.java:365)
	at org.springframework.security.web.access.intercept.AuthorizationFilter.doFilter(AuthorizationFilter.java:101)
	at org.springframework.security.web.FilterChainProxy$VirtualFilterChain.doFilter(FilterChainProxy.java:374)
	at org.springframework.security.web.access.ExceptionTranslationFilter.doFilter(ExceptionTranslationFilter.java:125)
	at org.springframework.security.web.access.ExceptionTranslationFilter.doFilter(ExceptionTranslationFilter.java:119)
	at org.springframework.security.web.FilterChainProxy$VirtualFilterChain.doFilter(FilterChainProxy.java:374)
	at org.springframework.security.web.session.SessionManagementFilter.doFilter(SessionManagementFilter.java:131)
	at org.springframework.security.web.session.SessionManagementFilter.doFilter(SessionManagementFilter.java:85)
	at org.springframework.security.web.FilterChainProxy$VirtualFilterChain.doFilter(FilterChainProxy.java:374)
	at org.springframework.security.web.authentication.AnonymousAuthenticationFilter.doFilter(AnonymousAuthenticationFilter.java:100)
	at org.springframework.security.web.FilterChainProxy$VirtualFilterChain.doFilter(FilterChainProxy.java:374)
	at org.springframework.security.web.servletapi.SecurityContextHolderAwareRequestFilter.doFilter(SecurityContextHolderAwareRequestFilter.java:179)
	at org.springframework.security.web.FilterChainProxy$VirtualFilterChain.doFilter(FilterChainProxy.java:374)
	at org.springframework.security.web.savedrequest.RequestCacheAwareFilter.doFilter(RequestCacheAwareFilter.java:63)
	at org.springframework.security.web.FilterChainProxy$VirtualFilterChain.doFilter(FilterChainProxy.java:374)
	at com.example.eventsphere.filter.RequestLoggingFilter.doFilterInternal(RequestLoggingFilter.java:63)
	at org.springframework.web.filter.OncePerRequestFilter.doFilter(OncePerRequestFilter.java:116)
	at org.springframework.security.web.FilterChainProxy$VirtualFilterChain.doFilter(FilterChainProxy.java:374)
	at org.springframework.web.filter.OncePerRequestFilter.doFilter(OncePerRequestFilter.java:101)
	at org.springframework.security.web.FilterChainProxy$VirtualFilterChain.doFilter(FilterChainProxy.java:374)
	at org.springframework.security.web.authentication.logout.LogoutFilter.doFilter(LogoutFilter.java:107)
	at org.springframework.security.web.authentication.logout.LogoutFilter.doFilter(LogoutFilter.java:93)
	at org.springframework.security.web.FilterChainProxy$VirtualFilterChain.doFilter(FilterChainProxy.java:374)
	at org.springframework.web.filter.CorsFilter.doFilterInternal(CorsFilter.java:91)
	at org.springframework.web.filter.OncePerRequestFilter.doFilter(OncePerRequestFilter.java:116)
	at org.springframework.security.web.FilterChainProxy$VirtualFilterChain.doFilter(FilterChainProxy.java:374)
	at org.springframework.security.web.header.HeaderWriterFilter.doHeadersAfter(HeaderWriterFilter.java:90)
	at org.springframework.security.web.header.HeaderWriterFilter.doFilterInternal(HeaderWriterFilter.java:75)
	at org.springframework.web.filter.OncePerRequestFilter.doFilter(OncePerRequestFilter.java:116)
	at org.springframework.security.web.FilterChainProxy$VirtualFilterChain.doFilter(FilterChainProxy.java:374)
	at org.springframework.security.web.context.SecurityContextHolderFilter.doFilter(SecurityContextHolderFilter.java:82)
	at org.springframework.security.web.context.SecurityContextHolderFilter.doFilter(SecurityContextHolderFilter.java:69)
	at org.springframework.security.web.FilterChainProxy$VirtualFilterChain.doFilter(FilterChainProxy.java:374)
	at org.springframework.security.web.context.request.async.WebAsyncManagerIntegrationFilter.doFilterInternal(WebAsyncManagerIntegrationFilter.java:62)
	at org.springframework.web.filter.OncePerRequestFilter.doFilter(OncePerRequestFilter.java:116)
	at org.springframework.security.web.FilterChainProxy$VirtualFilterChain.doFilter(FilterChainProxy.java:374)
	at org.springframework.security.web.session.DisableEncodeUrlFilter.doFilterInternal(DisableEncodeUrlFilter.java:42)
	at org.springframework.web.filter.OncePerRequestFilter.doFilter(OncePerRequestFilter.java:116)
	at org.springframework.security.web.FilterChainProxy$VirtualFilterChain.doFilter(FilterChainProxy.java:374)
	at org.springframework.security.web.FilterChainProxy.doFilterInternal(FilterChainProxy.java:233)
	at org.springframework.security.web.FilterChainProxy.doFilter(FilterChainProxy.java:191)
	at org.springframework.web.filter.CompositeFilter$VirtualFilterChain.doFilter(CompositeFilter.java:113)
	at org.springframework.web.filter.ServletRequestPathFilter.doFilter(ServletRequestPathFilter.java:52)
	at org.springframework.web.filter.CompositeFilter$VirtualFilterChain.doFilter(CompositeFilter.java:113)
	at org.springframework.web.filter.CompositeFilter.doFilter(CompositeFilter.java:74)
	at org.springframework.security.config.annotation.web.configuration.WebSecurityConfiguration$CompositeFilterChainProxy.doFilter(WebSecurityConfiguration.java:319)
	at org.springframework.web.filter.CompositeFilter$VirtualFilterChain.doFilter(CompositeFilter.java:113)
	at org.springframework.web.servlet.handler.HandlerMappingIntrospector.lambda$createCacheFilter$4(HandlerMappingIntrospector.java:267)
	at org.springframework.web.filter.CompositeFilter$VirtualFilterChain.doFilter(CompositeFilter.java:113)
	at org.springframework.web.filter.CompositeFilter.doFilter(CompositeFilter.java:74)
	at org.springframework.security.config.annotation.web.configuration.WebMvcSecurityConfiguration$CompositeFilterChainProxy.doFilter(WebMvcSecurityConfiguration.java:240)
	at org.springframework.web.filter.DelegatingFilterProxy.invokeDelegate(DelegatingFilterProxy.java:362)
	at org.springframework.web.filter.DelegatingFilterProxy.doFilter(DelegatingFilterProxy.java:278)
	at org.apache.catalina.core.ApplicationFilterChain.internalDoFilter(ApplicationFilterChain.java:162)
	at org.apache.catalina.core.ApplicationFilterChain.doFilter(ApplicationFilterChain.java:138)
	at org.springframework.web.filter.RequestContextFilter.doFilterInternal(RequestContextFilter.java:100)
	at org.springframework.web.filter.OncePerRequestFilter.doFilter(OncePerRequestFilter.java:116)
	at org.apache.catalina.core.ApplicationFilterChain.internalDoFilter(ApplicationFilterChain.java:162)
	at org.apache.catalina.core.ApplicationFilterChain.doFilter(ApplicationFilterChain.java:138)
	at org.springframework.web.filter.FormContentFilter.doFilterInternal(FormContentFilter.java:93)
	at org.springframework.web.filter.OncePerRequestFilter.doFilter(OncePerRequestFilter.java:116)
	at org.apache.catalina.core.ApplicationFilterChain.internalDoFilter(ApplicationFilterChain.java:162)
	at org.apache.catalina.core.ApplicationFilterChain.doFilter(ApplicationFilterChain.java:138)
	at org.springframework.web.filter.CharacterEncodingFilter.doFilterInternal(CharacterEncodingFilter.java:201)
	at org.springframework.web.filter.OncePerRequestFilter.doFilter(OncePerRequestFilter.java:116)
	at org.apache.catalina.core.ApplicationFilterChain.internalDoFilter(ApplicationFilterChain.java:162)
	at org.apache.catalina.core.ApplicationFilterChain.doFilter(ApplicationFilterChain.java:138)
	at org.apache.catalina.core.StandardWrapperValve.invoke(StandardWrapperValve.java:165)
	at org.apache.catalina.core.StandardContextValve.invoke(StandardContextValve.java:88)
	at org.apache.catalina.authenticator.AuthenticatorBase.invoke(AuthenticatorBase.java:492)
	at org.apache.catalina.core.StandardHostValve.invoke(StandardHostValve.java:113)
	at org.apache.catalina.valves.ErrorReportValve.invoke(ErrorReportValve.java:83)
	at org.apache.catalina.core.StandardEngineValve.invoke(StandardEngineValve.java:72)
	at org.apache.catalina.connector.CoyoteAdapter.service(CoyoteAdapter.java:342)
	at org.apache.coyote.http11.Http11Processor.service(Http11Processor.java:399)
	at org.apache.coyote.AbstractProcessorLight.process(AbstractProcessorLight.java:63)
	at org.apache.coyote.AbstractProtocol$ConnectionHandler.process(AbstractProtocol.java:903)
	at org.apache.tomcat.util.net.NioEndpoint$SocketProcessor.doRun(NioEndpoint.java:1775)
	at org.apache.tomcat.util.net.SocketProcessorBase.run(SocketProcessorBase.java:52)
	at org.apache.tomcat.util.threads.ThreadPoolExecutor.runWorker(ThreadPoolExecutor.java:973)
	at org.apache.tomcat.util.threads.ThreadPoolExecutor$Worker.run(ThreadPoolExecutor.java:491)
	at org.apache.tomcat.util.threads.TaskThread$WrappingRunnable.run(TaskThread.java:63)
	at java.base/java.lang.Thread.run(Thread.java:840)
Caused by: org.eclipse.angus.mail.util.MailConnectException: Couldn't connect to host, port: smtp.titan.mail, 465; timeout -1;
  nested exception is:
	java.net.UnknownHostException: smtp.titan.mail
	at org.eclipse.angus.mail.smtp.SMTPTransport.openServer(SMTPTransport.java:2243)
	at org.eclipse.angus.mail.smtp.SMTPTransport.protocolConnect(SMTPTransport.java:729)
	at jakarta.mail.Service.connect(Service.java:345)
	at org.springframework.mail.javamail.JavaMailSenderImpl.connectTransport(JavaMailSenderImpl.java:480)
	at org.springframework.mail.javamail.JavaMailSenderImpl.doSend(JavaMailSenderImpl.java:399)
	... 119 common frames omitted
Caused by: java.net.UnknownHostException: smtp.titan.mail
	at java.base/sun.nio.ch.NioSocketImpl.connect(NioSocketImpl.java:572)
	at java.base/java.net.SocksSocketImpl.connect(SocksSocketImpl.java:327)
	at java.base/java.net.Socket.connect(Socket.java:633)
	at java.base/java.net.Socket.connect(Socket.java:583)
	at org.eclipse.angus.mail.util.SocketFetcher.createSocket(SocketFetcher.java:368)
	at org.eclipse.angus.mail.util.SocketFetcher.getSocket(SocketFetcher.java:243)
	at org.eclipse.angus.mail.smtp.SMTPTransport.openServer(SMTPTransport.java:2193)
	... 123 common frames omitted
2026-05-02 07:38:28 [http-nio-8080-exec-3] WARN  [IP: 0:0:0:0:0:0:0:1 | User Name: anonymous_user | User ID: anonymous_id | POST /api/auth/signup/initiate] c.e.e.e.GlobalExceptionHandler - Business rule violation at /api/auth/signup/initiate: Could not send verification email. Please check your email settings.
2026-05-02 07:38:28 [http-nio-8080-exec-3] INFO  [IP: 0:0:0:0:0:0:0:1 | User Name: anonymous_user | User ID: anonymous_id | POST /api/auth/signup/initiate] c.e.e.filter.RequestLoggingFilter - Completed in 2294 ms with status 400
2026-05-02 07:40:12 [SpringApplicationShutdownHook] INFO  [IP:  | User Name:  | User ID:  |  ] o.s.b.w.e.tomcat.GracefulShutdown - Commencing graceful shutdown. Waiting for active requests to complete
2026-05-02 07:40:14 [tomcat-shutdown] INFO  [IP:  | User Name:  | User ID:  |  ] o.s.b.w.e.tomcat.GracefulShutdown - Graceful shutdown complete
2026-05-02 07:40:14 [SpringApplicationShutdownHook] INFO  [IP:  | User Name:  | User ID:  |  ] o.s.o.j.LocalContainerEntityManagerFactoryBean - Closing JPA EntityManagerFactory for persistence unit 'default'
2026-05-02 07:40:14 [SpringApplicationShutdownHook] INFO  [IP:  | User Name:  | User ID:  |  ] com.zaxxer.hikari.HikariDataSource - HikariPool-1 - Shutdown initiated...
2026-05-02 07:40:14 [SpringApplicationShutdownHook] INFO  [IP:  | User Name:  | User ID:  |  ] com.zaxxer.hikari.HikariDataSource - HikariPool-1 - Shutdown completed.
2026-05-02 07:42:09 [background-preinit] INFO  [IP:  | User Name:  | User ID:  |  ] o.h.validator.internal.util.Version - HV000001: Hibernate Validator 8.0.3.Final
2026-05-02 07:42:10 [main] INFO  [IP:  | User Name:  | User ID:  |  ] c.e.e.EventsphereApplication - Starting EventsphereApplication using Java 17.0.14 with PID 9144 (D:\SpringBoot\eventsphere\target\classes started by AMU in D:\SpringBoot\eventsphere)
2026-05-02 07:42:10 [main] INFO  [IP:  | User Name:  | User ID:  |  ] c.e.e.EventsphereApplication - No active profile set, falling back to 1 default profile: "default"
2026-05-02 07:42:14 [main] INFO  [IP:  | User Name:  | User ID:  |  ] o.s.d.r.c.RepositoryConfigurationDelegate - Multiple Spring Data modules found, entering strict repository configuration mode
2026-05-02 07:42:14 [main] INFO  [IP:  | User Name:  | User ID:  |  ] o.s.d.r.c.RepositoryConfigurationDelegate - Bootstrapping Spring Data JPA repositories in DEFAULT mode.
2026-05-02 07:42:14 [main] INFO  [IP:  | User Name:  | User ID:  |  ] o.s.d.r.c.RepositoryConfigurationDelegate - Finished Spring Data repository scanning in 404 ms. Found 4 JPA repository interfaces.
2026-05-02 07:42:14 [main] INFO  [IP:  | User Name:  | User ID:  |  ] o.s.d.r.c.RepositoryConfigurationDelegate - Multiple Spring Data modules found, entering strict repository configuration mode
2026-05-02 07:42:14 [main] INFO  [IP:  | User Name:  | User ID:  |  ] o.s.d.r.c.RepositoryConfigurationDelegate - Bootstrapping Spring Data Redis repositories in DEFAULT mode.
2026-05-02 07:42:15 [main] INFO  [IP:  | User Name:  | User ID:  |  ] o.s.d.r.c.RepositoryConfigurationExtensionSupport - Spring Data Redis - Could not safely identify store assignment for repository candidate interface com.example.eventsphere.repository.CategoryRepository; If you want this repository to be a Redis repository, consider annotating your entities with one of these annotations: org.springframework.data.redis.core.RedisHash (preferred), or consider extending one of the following types with your repository: org.springframework.data.keyvalue.repository.KeyValueRepository
2026-05-02 07:42:15 [main] INFO  [IP:  | User Name:  | User ID:  |  ] o.s.d.r.c.RepositoryConfigurationExtensionSupport - Spring Data Redis - Could not safely identify store assignment for repository candidate interface com.example.eventsphere.repository.EventRepository; If you want this repository to be a Redis repository, consider annotating your entities with one of these annotations: org.springframework.data.redis.core.RedisHash (preferred), or consider extending one of the following types with your repository: org.springframework.data.keyvalue.repository.KeyValueRepository
2026-05-02 07:42:15 [main] INFO  [IP:  | User Name:  | User ID:  |  ] o.s.d.r.c.RepositoryConfigurationExtensionSupport - Spring Data Redis - Could not safely identify store assignment for repository candidate interface com.example.eventsphere.repository.UserRepository; If you want this repository to be a Redis repository, consider annotating your entities with one of these annotations: org.springframework.data.redis.core.RedisHash (preferred), or consider extending one of the following types with your repository: org.springframework.data.keyvalue.repository.KeyValueRepository
2026-05-02 07:42:15 [main] INFO  [IP:  | User Name:  | User ID:  |  ] o.s.d.r.c.RepositoryConfigurationExtensionSupport - Spring Data Redis - Could not safely identify store assignment for repository candidate interface com.example.eventsphere.repository.WorkspaceRepository; If you want this repository to be a Redis repository, consider annotating your entities with one of these annotations: org.springframework.data.redis.core.RedisHash (preferred), or consider extending one of the following types with your repository: org.springframework.data.keyvalue.repository.KeyValueRepository
2026-05-02 07:42:15 [main] INFO  [IP:  | User Name:  | User ID:  |  ] o.s.d.r.c.RepositoryConfigurationDelegate - Finished Spring Data repository scanning in 31 ms. Found 0 Redis repository interfaces.
2026-05-02 07:42:17 [main] INFO  [IP:  | User Name:  | User ID:  |  ] o.s.b.w.e.tomcat.TomcatWebServer - Tomcat initialized with port 8080 (http)
2026-05-02 07:42:17 [main] INFO  [IP:  | User Name:  | User ID:  |  ] o.a.coyote.http11.Http11NioProtocol - Initializing ProtocolHandler ["http-nio-8080"]
2026-05-02 07:42:17 [main] INFO  [IP:  | User Name:  | User ID:  |  ] o.a.catalina.core.StandardService - Starting service [Tomcat]
2026-05-02 07:42:17 [main] INFO  [IP:  | User Name:  | User ID:  |  ] o.a.catalina.core.StandardEngine - Starting Servlet engine: [Apache Tomcat/10.1.53]
2026-05-02 07:42:17 [main] INFO  [IP:  | User Name:  | User ID:  |  ] o.a.c.c.C.[Tomcat].[localhost].[/] - Initializing Spring embedded WebApplicationContext
2026-05-02 07:42:17 [main] INFO  [IP:  | User Name:  | User ID:  |  ] o.s.b.w.s.c.ServletWebServerApplicationContext - Root WebApplicationContext: initialization completed in 7483 ms
2026-05-02 07:42:18 [main] INFO  [IP:  | User Name:  | User ID:  |  ] o.h.jpa.internal.util.LogHelper - HHH000204: Processing PersistenceUnitInfo [name: default]
2026-05-02 07:42:18 [main] INFO  [IP:  | User Name:  | User ID:  |  ] org.hibernate.Version - HHH000412: Hibernate ORM core version 6.6.45.Final
2026-05-02 07:42:18 [main] INFO  [IP:  | User Name:  | User ID:  |  ] o.h.s.integration.SpatialService - HHH80000001: hibernate-spatial integration enabled : true
2026-05-02 07:42:18 [main] INFO  [IP:  | User Name:  | User ID:  |  ] o.h.c.i.RegionFactoryInitiator - HHH000026: Second-level cache disabled
2026-05-02 07:42:19 [main] INFO  [IP:  | User Name:  | User ID:  |  ] com.zaxxer.hikari.HikariDataSource - HikariPool-1 - Starting...
2026-05-02 07:42:31 [main] INFO  [IP:  | User Name:  | User ID:  |  ] com.zaxxer.hikari.pool.HikariPool - HikariPool-1 - Added connection org.postgresql.jdbc.PgConnection@fceab5d
2026-05-02 07:42:31 [main] INFO  [IP:  | User Name:  | User ID:  |  ] com.zaxxer.hikari.HikariDataSource - HikariPool-1 - Start completed.
2026-05-02 07:42:32 [main] WARN  [IP:  | User Name:  | User ID:  |  ] org.hibernate.orm.deprecation - HHH90000025: PostgreSQLDialect does not need to be specified explicitly using 'hibernate.dialect' (remove the property setting and it will be selected by default)
2026-05-02 07:42:32 [main] INFO  [IP:  | User Name:  | User ID:  |  ] o.hibernate.orm.connections.pooling - HHH10001005: Database info:
	Database JDBC URL [Connecting through datasource 'HikariDataSource (HikariPool-1)']
	Database driver: undefined/unknown
	Database version: 17.6
	Autocommit mode: undefined/unknown
	Isolation level: undefined/unknown
	Minimum pool size: undefined/unknown
	Maximum pool size: undefined/unknown
2026-05-02 07:42:32 [main] INFO  [IP:  | User Name:  | User ID:  |  ] org.hibernate.spatial - HHH80000003: hibernate-spatial adding type contributions from : org.hibernate.spatial.dialect.postgis.PostgisDialectContributor
2026-05-02 07:42:34 [main] INFO  [IP:  | User Name:  | User ID:  |  ] o.s.o.j.p.SpringPersistenceUnitInfo - No LoadTimeWeaver setup: ignoring JPA class transformer
2026-05-02 07:42:34 [main] INFO  [IP:  | User Name:  | User ID:  |  ] org.hibernate.spatial - HHH80000003: hibernate-spatial adding type contributions from : org.hibernate.spatial.dialect.postgis.PostgisDialectContributor
2026-05-02 07:42:36 [main] INFO  [IP:  | User Name:  | User ID:  |  ] org.hibernate.spatial - HHH80000004: hibernate-spatial adding function contributions from : org.hibernate.spatial.dialect.postgis.PostgisDialectContributor
2026-05-02 07:42:38 [main] INFO  [IP:  | User Name:  | User ID:  |  ] o.h.e.t.j.p.i.JtaPlatformInitiator - HHH000489: No JTA platform available (set 'hibernate.transaction.jta.platform' to enable JTA platform integration)
2026-05-02 07:42:38 [main] INFO  [IP:  | User Name:  | User ID:  |  ] o.s.o.j.LocalContainerEntityManagerFactoryBean - Initialized JPA EntityManagerFactory for persistence unit 'default'
2026-05-02 07:42:39 [main] INFO  [IP:  | User Name:  | User ID:  |  ] o.s.d.j.r.query.QueryEnhancerFactory - Hibernate is in classpath; If applicable, HQL parser will be used.
2026-05-02 07:42:47 [main] INFO  [IP:  | User Name:  | User ID:  |  ] o.s.s.c.a.a.c.InitializeAuthenticationProviderBeanManagerConfigurer$InitializeAuthenticationProviderManagerConfigurer - Global AuthenticationManager configured with AuthenticationProvider bean with name authenticationProvider
2026-05-02 07:42:47 [main] WARN  [IP:  | User Name:  | User ID:  |  ] o.s.s.c.a.a.c.InitializeUserDetailsBeanManagerConfigurer$InitializeUserDetailsManagerConfigurer - Global AuthenticationManager configured with an AuthenticationProvider bean. UserDetailsService beans will not be used by Spring Security for automatically configuring username/password login. Consider removing the AuthenticationProvider bean. Alternatively, consider using the UserDetailsService in a manually instantiated DaoAuthenticationProvider. If the current configuration is intentional, to turn off this warning, increase the logging level of 'org.springframework.security.config.annotation.authentication.configuration.InitializeUserDetailsBeanManagerConfigurer' to ERROR
2026-05-02 07:42:48 [main] INFO  [IP:  | User Name:  | User ID:  |  ] o.a.coyote.http11.Http11NioProtocol - Starting ProtocolHandler ["http-nio-8080"]
2026-05-02 07:42:48 [main] INFO  [IP:  | User Name:  | User ID:  |  ] o.s.b.w.e.tomcat.TomcatWebServer - Tomcat started on port 8080 (http) with context path '/'
2026-05-02 07:42:48 [main] INFO  [IP:  | User Name:  | User ID:  |  ] c.e.e.EventsphereApplication - Started EventsphereApplication in 41.709 seconds (process running for 43.383)
2026-05-02 07:42:49 [main] INFO  [IP:  | User Name:  | User ID:  |  ] c.e.eventsphere.config.AdminConfig - Default Admin already exists. Skipping seeding.
2026-05-02 07:42:55 [http-nio-8080-exec-1] INFO  [IP:  | User Name:  | User ID:  |  ] o.a.c.c.C.[Tomcat].[localhost].[/] - Initializing Spring DispatcherServlet 'dispatcherServlet'
2026-05-02 07:42:55 [http-nio-8080-exec-1] INFO  [IP:  | User Name:  | User ID:  |  ] o.s.web.servlet.DispatcherServlet - Initializing Servlet 'dispatcherServlet'
2026-05-02 07:42:55 [http-nio-8080-exec-1] INFO  [IP:  | User Name:  | User ID:  |  ] o.s.web.servlet.DispatcherServlet - Completed initialization in 5 ms
2026-05-02 07:42:55 [http-nio-8080-exec-1] INFO  [IP: 0:0:0:0:0:0:0:1 | User Name: anonymous_user | User ID: anonymous_id | POST /api/auth/signup/initiate] c.e.e.filter.RequestLoggingFilter - Incoming Request
2026-05-02 07:42:57 [http-nio-8080-exec-1] INFO  [IP: 0:0:0:0:0:0:0:1 | User Name: anonymous_user | User ID: anonymous_id | POST /api/auth/signup/initiate] c.e.eventsphere.service.OtpService - Generated new OTP for brappekauvautro-5060@yopmail.com, expires in 10 minutes
2026-05-02 07:43:05 [http-nio-8080-exec-1] INFO  [IP: 0:0:0:0:0:0:0:1 | User Name: anonymous_user | User ID: anonymous_id | POST /api/auth/signup/initiate] c.e.eventsphere.service.EmailService - OTP email successfully sent to brappekauvautro-5060@yopmail.com
2026-05-02 07:43:05 [http-nio-8080-exec-1] INFO  [IP: 0:0:0:0:0:0:0:1 | User Name: anonymous_user | User ID: anonymous_id | POST /api/auth/signup/initiate] c.e.eventsphere.service.AuthService - Signup initiated for email: brappekauvautro-5060@yopmail.com
2026-05-02 07:43:05 [http-nio-8080-exec-1] INFO  [IP: 0:0:0:0:0:0:0:1 | User Name: anonymous_user | User ID: anonymous_id | POST /api/auth/signup/initiate] c.e.e.filter.RequestLoggingFilter - Completed in 10396 ms with status 200
2026-05-02 07:43:50 [http-nio-8080-exec-2] INFO  [IP: 0:0:0:0:0:0:0:1 | User Name: anonymous_user | User ID: anonymous_id | POST /api/auth/signup/verify] c.e.e.filter.RequestLoggingFilter - Incoming Request
2026-05-02 07:43:50 [http-nio-8080-exec-2] INFO  [IP: 0:0:0:0:0:0:0:1 | User Name: anonymous_user | User ID: anonymous_id | POST /api/auth/signup/verify] c.e.eventsphere.service.OtpService - OTP successfully verified and deleted for brappekauvautro-5060@yopmail.com
2026-05-02 07:43:50 [http-nio-8080-exec-2] INFO  [IP: 0:0:0:0:0:0:0:1 | User Name: anonymous_user | User ID: anonymous_id | POST /api/auth/signup/verify] c.e.e.filter.RequestLoggingFilter - Completed in 252 ms with status 200
2026-05-02 07:44:48 [http-nio-8080-exec-3] INFO  [IP: 0:0:0:0:0:0:0:1 | User Name: anonymous_user | User ID: anonymous_id | POST /api/auth/signup/complete] c.e.e.filter.RequestLoggingFilter - Incoming Request
2026-05-02 07:44:49 [http-nio-8080-exec-3] WARN  [IP: 0:0:0:0:0:0:0:1 | User Name: anonymous_user | User ID: anonymous_id | POST /api/auth/signup/complete] c.e.e.e.GlobalExceptionHandler - Business rule violation at /api/auth/signup/complete: Could not commit JPA transaction
2026-05-02 07:44:49 [http-nio-8080-exec-3] INFO  [IP: 0:0:0:0:0:0:0:1 | User Name: anonymous_user | User ID: anonymous_id | POST /api/auth/signup/complete] c.e.e.filter.RequestLoggingFilter - Completed in 1070 ms with status 400
2026-05-02 07:50:02 [SpringApplicationShutdownHook] INFO  [IP:  | User Name:  | User ID:  |  ] o.s.b.w.e.tomcat.GracefulShutdown - Commencing graceful shutdown. Waiting for active requests to complete
2026-05-02 07:50:03 [tomcat-shutdown] INFO  [IP:  | User Name:  | User ID:  |  ] o.s.b.w.e.tomcat.GracefulShutdown - Graceful shutdown complete
2026-05-02 07:50:03 [SpringApplicationShutdownHook] INFO  [IP:  | User Name:  | User ID:  |  ] o.s.o.j.LocalContainerEntityManagerFactoryBean - Closing JPA EntityManagerFactory for persistence unit 'default'
2026-05-02 07:50:03 [SpringApplicationShutdownHook] INFO  [IP:  | User Name:  | User ID:  |  ] com.zaxxer.hikari.HikariDataSource - HikariPool-1 - Shutdown initiated...
2026-05-02 07:50:03 [SpringApplicationShutdownHook] INFO  [IP:  | User Name:  | User ID:  |  ] com.zaxxer.hikari.HikariDataSource - HikariPool-1 - Shutdown completed.
2026-05-02 07:50:36 [background-preinit] INFO  [IP:  | User Name:  | User ID:  |  ] o.h.validator.internal.util.Version - HV000001: Hibernate Validator 8.0.3.Final
2026-05-02 07:50:36 [main] INFO  [IP:  | User Name:  | User ID:  |  ] c.e.e.EventsphereApplication - Starting EventsphereApplication using Java 17.0.14 with PID 13204 (D:\SpringBoot\eventsphere\target\classes started by AMU in D:\SpringBoot\eventsphere)
2026-05-02 07:50:36 [main] INFO  [IP:  | User Name:  | User ID:  |  ] c.e.e.EventsphereApplication - No active profile set, falling back to 1 default profile: "default"
2026-05-02 07:50:41 [main] INFO  [IP:  | User Name:  | User ID:  |  ] o.s.d.r.c.RepositoryConfigurationDelegate - Multiple Spring Data modules found, entering strict repository configuration mode
2026-05-02 07:50:41 [main] INFO  [IP:  | User Name:  | User ID:  |  ] o.s.d.r.c.RepositoryConfigurationDelegate - Bootstrapping Spring Data JPA repositories in DEFAULT mode.
2026-05-02 07:50:41 [main] INFO  [IP:  | User Name:  | User ID:  |  ] o.s.d.r.c.RepositoryConfigurationDelegate - Finished Spring Data repository scanning in 453 ms. Found 4 JPA repository interfaces.
2026-05-02 07:50:41 [main] INFO  [IP:  | User Name:  | User ID:  |  ] o.s.d.r.c.RepositoryConfigurationDelegate - Multiple Spring Data modules found, entering strict repository configuration mode
2026-05-02 07:50:41 [main] INFO  [IP:  | User Name:  | User ID:  |  ] o.s.d.r.c.RepositoryConfigurationDelegate - Bootstrapping Spring Data Redis repositories in DEFAULT mode.
2026-05-02 07:50:42 [main] INFO  [IP:  | User Name:  | User ID:  |  ] o.s.d.r.c.RepositoryConfigurationExtensionSupport - Spring Data Redis - Could not safely identify store assignment for repository candidate interface com.example.eventsphere.repository.CategoryRepository; If you want this repository to be a Redis repository, consider annotating your entities with one of these annotations: org.springframework.data.redis.core.RedisHash (preferred), or consider extending one of the following types with your repository: org.springframework.data.keyvalue.repository.KeyValueRepository
2026-05-02 07:50:42 [main] INFO  [IP:  | User Name:  | User ID:  |  ] o.s.d.r.c.RepositoryConfigurationExtensionSupport - Spring Data Redis - Could not safely identify store assignment for repository candidate interface com.example.eventsphere.repository.EventRepository; If you want this repository to be a Redis repository, consider annotating your entities with one of these annotations: org.springframework.data.redis.core.RedisHash (preferred), or consider extending one of the following types with your repository: org.springframework.data.keyvalue.repository.KeyValueRepository
2026-05-02 07:50:42 [main] INFO  [IP:  | User Name:  | User ID:  |  ] o.s.d.r.c.RepositoryConfigurationExtensionSupport - Spring Data Redis - Could not safely identify store assignment for repository candidate interface com.example.eventsphere.repository.UserRepository; If you want this repository to be a Redis repository, consider annotating your entities with one of these annotations: org.springframework.data.redis.core.RedisHash (preferred), or consider extending one of the following types with your repository: org.springframework.data.keyvalue.repository.KeyValueRepository
2026-05-02 07:50:42 [main] INFO  [IP:  | User Name:  | User ID:  |  ] o.s.d.r.c.RepositoryConfigurationExtensionSupport - Spring Data Redis - Could not safely identify store assignment for repository candidate interface com.example.eventsphere.repository.WorkspaceRepository; If you want this repository to be a Redis repository, consider annotating your entities with one of these annotations: org.springframework.data.redis.core.RedisHash (preferred), or consider extending one of the following types with your repository: org.springframework.data.keyvalue.repository.KeyValueRepository
2026-05-02 07:50:42 [main] INFO  [IP:  | User Name:  | User ID:  |  ] o.s.d.r.c.RepositoryConfigurationDelegate - Finished Spring Data repository scanning in 34 ms. Found 0 Redis repository interfaces.
2026-05-02 07:50:44 [main] INFO  [IP:  | User Name:  | User ID:  |  ] o.s.b.w.e.tomcat.TomcatWebServer - Tomcat initialized with port 8080 (http)
2026-05-02 07:50:44 [main] INFO  [IP:  | User Name:  | User ID:  |  ] o.a.coyote.http11.Http11NioProtocol - Initializing ProtocolHandler ["http-nio-8080"]
2026-05-02 07:50:44 [main] INFO  [IP:  | User Name:  | User ID:  |  ] o.a.catalina.core.StandardService - Starting service [Tomcat]
2026-05-02 07:50:44 [main] INFO  [IP:  | User Name:  | User ID:  |  ] o.a.catalina.core.StandardEngine - Starting Servlet engine: [Apache Tomcat/10.1.53]
2026-05-02 07:50:45 [main] INFO  [IP:  | User Name:  | User ID:  |  ] o.a.c.c.C.[Tomcat].[localhost].[/] - Initializing Spring embedded WebApplicationContext
2026-05-02 07:50:45 [main] INFO  [IP:  | User Name:  | User ID:  |  ] o.s.b.w.s.c.ServletWebServerApplicationContext - Root WebApplicationContext: initialization completed in 8241 ms
2026-05-02 07:50:45 [main] INFO  [IP:  | User Name:  | User ID:  |  ] o.h.jpa.internal.util.LogHelper - HHH000204: Processing PersistenceUnitInfo [name: default]
2026-05-02 07:50:45 [main] INFO  [IP:  | User Name:  | User ID:  |  ] org.hibernate.Version - HHH000412: Hibernate ORM core version 6.6.45.Final
2026-05-02 07:50:45 [main] INFO  [IP:  | User Name:  | User ID:  |  ] o.h.s.integration.SpatialService - HHH80000001: hibernate-spatial integration enabled : true
2026-05-02 07:50:45 [main] INFO  [IP:  | User Name:  | User ID:  |  ] o.h.c.i.RegionFactoryInitiator - HHH000026: Second-level cache disabled
2026-05-02 07:50:46 [main] INFO  [IP:  | User Name:  | User ID:  |  ] com.zaxxer.hikari.HikariDataSource - HikariPool-1 - Starting...
2026-05-02 07:50:49 [main] INFO  [IP:  | User Name:  | User ID:  |  ] com.zaxxer.hikari.pool.HikariPool - HikariPool-1 - Added connection org.postgresql.jdbc.PgConnection@1fa18f87
2026-05-02 07:50:49 [main] INFO  [IP:  | User Name:  | User ID:  |  ] com.zaxxer.hikari.HikariDataSource - HikariPool-1 - Start completed.
2026-05-02 07:50:49 [main] WARN  [IP:  | User Name:  | User ID:  |  ] org.hibernate.orm.deprecation - HHH90000025: PostgreSQLDialect does not need to be specified explicitly using 'hibernate.dialect' (remove the property setting and it will be selected by default)
2026-05-02 07:50:50 [main] INFO  [IP:  | User Name:  | User ID:  |  ] o.hibernate.orm.connections.pooling - HHH10001005: Database info:
	Database JDBC URL [Connecting through datasource 'HikariDataSource (HikariPool-1)']
	Database driver: undefined/unknown
	Database version: 17.6
	Autocommit mode: undefined/unknown
	Isolation level: undefined/unknown
	Minimum pool size: undefined/unknown
	Maximum pool size: undefined/unknown
2026-05-02 07:50:50 [main] INFO  [IP:  | User Name:  | User ID:  |  ] org.hibernate.spatial - HHH80000003: hibernate-spatial adding type contributions from : org.hibernate.spatial.dialect.postgis.PostgisDialectContributor
2026-05-02 07:50:50 [main] INFO  [IP:  | User Name:  | User ID:  |  ] o.s.o.j.p.SpringPersistenceUnitInfo - No LoadTimeWeaver setup: ignoring JPA class transformer
2026-05-02 07:50:50 [main] INFO  [IP:  | User Name:  | User ID:  |  ] org.hibernate.spatial - HHH80000003: hibernate-spatial adding type contributions from : org.hibernate.spatial.dialect.postgis.PostgisDialectContributor
2026-05-02 07:50:52 [main] INFO  [IP:  | User Name:  | User ID:  |  ] org.hibernate.spatial - HHH80000004: hibernate-spatial adding function contributions from : org.hibernate.spatial.dialect.postgis.PostgisDialectContributor
2026-05-02 07:50:53 [main] INFO  [IP:  | User Name:  | User ID:  |  ] o.h.e.t.j.p.i.JtaPlatformInitiator - HHH000489: No JTA platform available (set 'hibernate.transaction.jta.platform' to enable JTA platform integration)
2026-05-02 07:50:53 [main] INFO  [IP:  | User Name:  | User ID:  |  ] o.s.o.j.LocalContainerEntityManagerFactoryBean - Initialized JPA EntityManagerFactory for persistence unit 'default'
2026-05-02 07:50:54 [main] INFO  [IP:  | User Name:  | User ID:  |  ] o.s.d.j.r.query.QueryEnhancerFactory - Hibernate is in classpath; If applicable, HQL parser will be used.
2026-05-02 07:51:04 [main] INFO  [IP:  | User Name:  | User ID:  |  ] o.s.s.c.a.a.c.InitializeAuthenticationProviderBeanManagerConfigurer$InitializeAuthenticationProviderManagerConfigurer - Global AuthenticationManager configured with AuthenticationProvider bean with name authenticationProvider
2026-05-02 07:51:04 [main] WARN  [IP:  | User Name:  | User ID:  |  ] o.s.s.c.a.a.c.InitializeUserDetailsBeanManagerConfigurer$InitializeUserDetailsManagerConfigurer - Global AuthenticationManager configured with an AuthenticationProvider bean. UserDetailsService beans will not be used by Spring Security for automatically configuring username/password login. Consider removing the AuthenticationProvider bean. Alternatively, consider using the UserDetailsService in a manually instantiated DaoAuthenticationProvider. If the current configuration is intentional, to turn off this warning, increase the logging level of 'org.springframework.security.config.annotation.authentication.configuration.InitializeUserDetailsBeanManagerConfigurer' to ERROR
2026-05-02 07:51:06 [main] INFO  [IP:  | User Name:  | User ID:  |  ] o.a.coyote.http11.Http11NioProtocol - Starting ProtocolHandler ["http-nio-8080"]
2026-05-02 07:51:06 [main] INFO  [IP:  | User Name:  | User ID:  |  ] o.s.b.w.e.tomcat.TomcatWebServer - Tomcat started on port 8080 (http) with context path '/'
2026-05-02 07:51:06 [main] INFO  [IP:  | User Name:  | User ID:  |  ] c.e.e.EventsphereApplication - Started EventsphereApplication in 31.882 seconds (process running for 33.298)
2026-05-02 07:51:06 [main] INFO  [IP:  | User Name:  | User ID:  |  ] c.e.eventsphere.config.AdminConfig - Default Admin already exists. Skipping seeding.
2026-05-02 07:51:14 [http-nio-8080-exec-1] INFO  [IP:  | User Name:  | User ID:  |  ] o.a.c.c.C.[Tomcat].[localhost].[/] - Initializing Spring DispatcherServlet 'dispatcherServlet'
2026-05-02 07:51:14 [http-nio-8080-exec-1] INFO  [IP:  | User Name:  | User ID:  |  ] o.s.web.servlet.DispatcherServlet - Initializing Servlet 'dispatcherServlet'
2026-05-02 07:51:14 [http-nio-8080-exec-1] INFO  [IP:  | User Name:  | User ID:  |  ] o.s.web.servlet.DispatcherServlet - Completed initialization in 1 ms
2026-05-02 07:51:14 [http-nio-8080-exec-1] INFO  [IP: 0:0:0:0:0:0:0:1 | User Name: anonymous_user | User ID: anonymous_id | POST /api/auth/signup/initiate] c.e.e.filter.RequestLoggingFilter - Incoming Request
2026-05-02 07:51:16 [http-nio-8080-exec-1] INFO  [IP: 0:0:0:0:0:0:0:1 | User Name: anonymous_user | User ID: anonymous_id | POST /api/auth/signup/initiate] c.e.eventsphere.service.OtpService - Generated new OTP for brappekauvautro-5060@yopmail.com, expires in 10 minutes
2026-05-02 07:51:25 [http-nio-8080-exec-1] INFO  [IP: 0:0:0:0:0:0:0:1 | User Name: anonymous_user | User ID: anonymous_id | POST /api/auth/signup/initiate] c.e.eventsphere.service.EmailService - OTP email successfully sent to brappekauvautro-5060@yopmail.com
2026-05-02 07:51:25 [http-nio-8080-exec-1] INFO  [IP: 0:0:0:0:0:0:0:1 | User Name: anonymous_user | User ID: anonymous_id | POST /api/auth/signup/initiate] c.e.eventsphere.service.AuthService - Signup initiated for email: brappekauvautro-5060@yopmail.com
2026-05-02 07:51:25 [http-nio-8080-exec-1] INFO  [IP: 0:0:0:0:0:0:0:1 | User Name: anonymous_user | User ID: anonymous_id | POST /api/auth/signup/initiate] c.e.e.filter.RequestLoggingFilter - Completed in 11164 ms with status 200
2026-05-02 07:51:44 [http-nio-8080-exec-2] INFO  [IP: 0:0:0:0:0:0:0:1 | User Name: anonymous_user | User ID: anonymous_id | POST /api/auth/signup/verify] c.e.e.filter.RequestLoggingFilter - Incoming Request
2026-05-02 07:51:44 [http-nio-8080-exec-2] INFO  [IP: 0:0:0:0:0:0:0:1 | User Name: anonymous_user | User ID: anonymous_id | POST /api/auth/signup/verify] c.e.eventsphere.service.OtpService - OTP successfully verified and deleted for brappekauvautro-5060@yopmail.com
2026-05-02 07:51:44 [http-nio-8080-exec-2] INFO  [IP: 0:0:0:0:0:0:0:1 | User Name: anonymous_user | User ID: anonymous_id | POST /api/auth/signup/verify] c.e.e.filter.RequestLoggingFilter - Completed in 115 ms with status 200
2026-05-02 07:51:56 [http-nio-8080-exec-3] INFO  [IP: 0:0:0:0:0:0:0:1 | User Name: anonymous_user | User ID: anonymous_id | POST /api/auth/signup/complete] c.e.e.filter.RequestLoggingFilter - Incoming Request
2026-05-02 07:51:57 [http-nio-8080-exec-3] INFO  [IP: 0:0:0:0:0:0:0:1 | User Name: anonymous_user | User ID: anonymous_id | POST /api/auth/signup/complete] c.e.eventsphere.service.AuthService - New user successfully registered: brappekauvautro-5060@yopmail.com
2026-05-02 07:51:57 [http-nio-8080-exec-3] INFO  [IP: 0:0:0:0:0:0:0:1 | User Name: anonymous_user | User ID: anonymous_id | POST /api/auth/signup/complete] c.e.e.filter.RequestLoggingFilter - Completed in 1283 ms with status 200
2026-05-02 07:52:28 [http-nio-8080-exec-4] ERROR [IP:  | User Name:  | User ID:  |  ] c.e.e.filter.JwtAuthenticationFilter - Could not set user authentication in security context
java.lang.IllegalArgumentException: Invalid UUID string: brappekauvautro-5060@yopmail.com
	at java.base/java.util.UUID.fromString1(UUID.java:280)
	at java.base/java.util.UUID.fromString(UUID.java:258)
	at com.example.eventsphere.filter.JwtAuthenticationFilter.doFilterInternal(JwtAuthenticationFilter.java:60)
	at org.springframework.web.filter.OncePerRequestFilter.doFilter(OncePerRequestFilter.java:116)
	at org.springframework.security.web.FilterChainProxy$VirtualFilterChain.doFilter(FilterChainProxy.java:374)
	at org.springframework.security.web.authentication.logout.LogoutFilter.doFilter(LogoutFilter.java:107)
	at org.springframework.security.web.authentication.logout.LogoutFilter.doFilter(LogoutFilter.java:93)
	at org.springframework.security.web.FilterChainProxy$VirtualFilterChain.doFilter(FilterChainProxy.java:374)
	at org.springframework.web.filter.CorsFilter.doFilterInternal(CorsFilter.java:91)
	at org.springframework.web.filter.OncePerRequestFilter.doFilter(OncePerRequestFilter.java:116)
	at org.springframework.security.web.FilterChainProxy$VirtualFilterChain.doFilter(FilterChainProxy.java:374)
	at org.springframework.security.web.header.HeaderWriterFilter.doHeadersAfter(HeaderWriterFilter.java:90)
	at org.springframework.security.web.header.HeaderWriterFilter.doFilterInternal(HeaderWriterFilter.java:75)
	at org.springframework.web.filter.OncePerRequestFilter.doFilter(OncePerRequestFilter.java:116)
	at org.springframework.security.web.FilterChainProxy$VirtualFilterChain.doFilter(FilterChainProxy.java:374)
	at org.springframework.security.web.context.SecurityContextHolderFilter.doFilter(SecurityContextHolderFilter.java:82)
	at org.springframework.security.web.context.SecurityContextHolderFilter.doFilter(SecurityContextHolderFilter.java:69)
	at org.springframework.security.web.FilterChainProxy$VirtualFilterChain.doFilter(FilterChainProxy.java:374)
	at org.springframework.security.web.context.request.async.WebAsyncManagerIntegrationFilter.doFilterInternal(WebAsyncManagerIntegrationFilter.java:62)
	at org.springframework.web.filter.OncePerRequestFilter.doFilter(OncePerRequestFilter.java:116)
	at org.springframework.security.web.FilterChainProxy$VirtualFilterChain.doFilter(FilterChainProxy.java:374)
	at org.springframework.security.web.session.DisableEncodeUrlFilter.doFilterInternal(DisableEncodeUrlFilter.java:42)
	at org.springframework.web.filter.OncePerRequestFilter.doFilter(OncePerRequestFilter.java:116)
	at org.springframework.security.web.FilterChainProxy$VirtualFilterChain.doFilter(FilterChainProxy.java:374)
	at org.springframework.security.web.FilterChainProxy.doFilterInternal(FilterChainProxy.java:233)
	at org.springframework.security.web.FilterChainProxy.doFilter(FilterChainProxy.java:191)
	at org.springframework.web.filter.CompositeFilter$VirtualFilterChain.doFilter(CompositeFilter.java:113)
	at org.springframework.web.filter.ServletRequestPathFilter.doFilter(ServletRequestPathFilter.java:52)
	at org.springframework.web.filter.CompositeFilter$VirtualFilterChain.doFilter(CompositeFilter.java:113)
	at org.springframework.web.filter.CompositeFilter.doFilter(CompositeFilter.java:74)
	at org.springframework.security.config.annotation.web.configuration.WebSecurityConfiguration$CompositeFilterChainProxy.doFilter(WebSecurityConfiguration.java:319)
	at org.springframework.web.filter.CompositeFilter$VirtualFilterChain.doFilter(CompositeFilter.java:113)
	at org.springframework.web.servlet.handler.HandlerMappingIntrospector.lambda$createCacheFilter$4(HandlerMappingIntrospector.java:267)
	at org.springframework.web.filter.CompositeFilter$VirtualFilterChain.doFilter(CompositeFilter.java:113)
	at org.springframework.web.filter.CompositeFilter.doFilter(CompositeFilter.java:74)
	at org.springframework.security.config.annotation.web.configuration.WebMvcSecurityConfiguration$CompositeFilterChainProxy.doFilter(WebMvcSecurityConfiguration.java:240)
	at org.springframework.web.filter.DelegatingFilterProxy.invokeDelegate(DelegatingFilterProxy.java:362)
	at org.springframework.web.filter.DelegatingFilterProxy.doFilter(DelegatingFilterProxy.java:278)
	at org.apache.catalina.core.ApplicationFilterChain.internalDoFilter(ApplicationFilterChain.java:162)
	at org.apache.catalina.core.ApplicationFilterChain.doFilter(ApplicationFilterChain.java:138)
	at org.springframework.web.filter.RequestContextFilter.doFilterInternal(RequestContextFilter.java:100)
	at org.springframework.web.filter.OncePerRequestFilter.doFilter(OncePerRequestFilter.java:116)
	at org.apache.catalina.core.ApplicationFilterChain.internalDoFilter(ApplicationFilterChain.java:162)
	at org.apache.catalina.core.ApplicationFilterChain.doFilter(ApplicationFilterChain.java:138)
	at org.springframework.web.filter.FormContentFilter.doFilterInternal(FormContentFilter.java:93)
	at org.springframework.web.filter.OncePerRequestFilter.doFilter(OncePerRequestFilter.java:116)
	at org.apache.catalina.core.ApplicationFilterChain.internalDoFilter(ApplicationFilterChain.java:162)
	at org.apache.catalina.core.ApplicationFilterChain.doFilter(ApplicationFilterChain.java:138)
	at org.springframework.web.filter.CharacterEncodingFilter.doFilterInternal(CharacterEncodingFilter.java:201)
	at org.springframework.web.filter.OncePerRequestFilter.doFilter(OncePerRequestFilter.java:116)
	at org.apache.catalina.core.ApplicationFilterChain.internalDoFilter(ApplicationFilterChain.java:162)
	at org.apache.catalina.core.ApplicationFilterChain.doFilter(ApplicationFilterChain.java:138)
	at org.apache.catalina.core.StandardWrapperValve.invoke(StandardWrapperValve.java:165)
	at org.apache.catalina.core.StandardContextValve.invoke(StandardContextValve.java:88)
	at org.apache.catalina.authenticator.AuthenticatorBase.invoke(AuthenticatorBase.java:492)
	at org.apache.catalina.core.StandardHostValve.invoke(StandardHostValve.java:113)
	at org.apache.catalina.valves.ErrorReportValve.invoke(ErrorReportValve.java:83)
	at org.apache.catalina.core.StandardEngineValve.invoke(StandardEngineValve.java:72)
	at org.apache.catalina.connector.CoyoteAdapter.service(CoyoteAdapter.java:342)
	at org.apache.coyote.http11.Http11Processor.service(Http11Processor.java:399)
	at org.apache.coyote.AbstractProcessorLight.process(AbstractProcessorLight.java:63)
	at org.apache.coyote.AbstractProtocol$ConnectionHandler.process(AbstractProtocol.java:903)
	at org.apache.tomcat.util.net.NioEndpoint$SocketProcessor.doRun(NioEndpoint.java:1775)
	at org.apache.tomcat.util.net.SocketProcessorBase.run(SocketProcessorBase.java:52)
	at org.apache.tomcat.util.threads.ThreadPoolExecutor.runWorker(ThreadPoolExecutor.java:973)
	at org.apache.tomcat.util.threads.ThreadPoolExecutor$Worker.run(ThreadPoolExecutor.java:491)
	at org.apache.tomcat.util.threads.TaskThread$WrappingRunnable.run(TaskThread.java:63)
	at java.base/java.lang.Thread.run(Thread.java:840)
2026-05-02 07:52:42 [http-nio-8080-exec-5] INFO  [IP: 0:0:0:0:0:0:0:1 | User Name: test.123 | User ID: 69fbea54-4d74-49c5-b6e8-0fb0ce146a8a | GET /api/users/get-profile] c.e.e.filter.RequestLoggingFilter - Incoming Request
2026-05-02 07:52:42 [http-nio-8080-exec-5] INFO  [IP: 0:0:0:0:0:0:0:1 | User Name: test.123 | User ID: 69fbea54-4d74-49c5-b6e8-0fb0ce146a8a | GET /api/users/get-profile] c.e.e.filter.RequestLoggingFilter - Completed in 405 ms with status 200
2026-05-02 07:53:15 [SpringApplicationShutdownHook] INFO  [IP:  | User Name:  | User ID:  |  ] o.s.b.w.e.tomcat.GracefulShutdown - Commencing graceful shutdown. Waiting for active requests to complete
2026-05-02 07:53:17 [tomcat-shutdown] INFO  [IP:  | User Name:  | User ID:  |  ] o.s.b.w.e.tomcat.GracefulShutdown - Graceful shutdown complete
2026-05-02 07:53:17 [SpringApplicationShutdownHook] INFO  [IP:  | User Name:  | User ID:  |  ] o.s.o.j.LocalContainerEntityManagerFactoryBean - Closing JPA EntityManagerFactory for persistence unit 'default'
2026-05-02 07:53:17 [SpringApplicationShutdownHook] INFO  [IP:  | User Name:  | User ID:  |  ] com.zaxxer.hikari.HikariDataSource - HikariPool-1 - Shutdown initiated...
2026-05-02 07:53:17 [SpringApplicationShutdownHook] INFO  [IP:  | User Name:  | User ID:  |  ] com.zaxxer.hikari.HikariDataSource - HikariPool-1 - Shutdown completed.
2026-05-02 15:45:53 [background-preinit] INFO  [IP:  | User Name:  | User ID:  |  ] o.h.validator.internal.util.Version - HV000001: Hibernate Validator 8.0.3.Final
2026-05-02 15:45:53 [main] INFO  [IP:  | User Name:  | User ID:  |  ] c.e.e.controller.AuthControllerTest - Starting AuthControllerTest using Java 17.0.14 with PID 23588 (started by AMU in D:\SpringBoot\eventsphere)
2026-05-02 15:45:53 [main] INFO  [IP:  | User Name:  | User ID:  |  ] c.e.e.controller.AuthControllerTest - No active profile set, falling back to 1 default profile: "default"
2026-05-02 15:46:00 [main] WARN  [IP:  | User Name:  | User ID:  |  ] o.s.w.c.s.GenericWebApplicationContext - Exception encountered during context initialization - cancelling refresh attempt: org.springframework.beans.factory.UnsatisfiedDependencyException: Error creating bean with name 'jwtAuthenticationFilter' defined in file [D:\SpringBoot\eventsphere\target\classes\com\example\eventsphere\filter\JwtAuthenticationFilter.class]: Unsatisfied dependency expressed through constructor parameter 0: No qualifying bean of type 'com.example.eventsphere.utils.JwtUtil' available: expected at least 1 bean which qualifies as autowire candidate. Dependency annotations: {}
2026-05-02 15:46:00 [main] INFO  [IP:  | User Name:  | User ID:  |  ] o.s.b.a.l.ConditionEvaluationReportLogger - 

Error starting ApplicationContext. To display the condition evaluation report re-run your application with 'debug' enabled.
2026-05-02 15:46:00 [main] ERROR [IP:  | User Name:  | User ID:  |  ] o.s.b.d.LoggingFailureAnalysisReporter - 

***************************
APPLICATION FAILED TO START
***************************

Description:

Parameter 0 of constructor in com.example.eventsphere.filter.JwtAuthenticationFilter required a bean of type 'com.example.eventsphere.utils.JwtUtil' that could not be found.


Action:

Consider defining a bean of type 'com.example.eventsphere.utils.JwtUtil' in your configuration.

2026-05-02 15:46:00 [main] WARN  [IP:  | User Name:  | User ID:  |  ] o.s.test.context.TestContextManager - Caught exception while allowing TestExecutionListener [org.springframework.test.context.bean.override.BeanOverrideTestExecutionListener] to prepare test instance [com.example.eventsphere.controller.AuthControllerTest@27bcb4ad]
java.lang.IllegalStateException: Failed to load ApplicationContext for [WebMergedContextConfiguration@733534f9 testClass = com.example.eventsphere.controller.AuthControllerTest, locations = [], classes = [com.example.eventsphere.EventsphereApplication], contextInitializerClasses = [], activeProfiles = [], propertySourceDescriptors = [], propertySourceProperties = ["org.springframework.boot.test.autoconfigure.web.servlet.WebMvcTestContextBootstrapper=true"], contextCustomizers = [[ImportsContextCustomizer@661e279d key = [org.springframework.boot.autoconfigure.security.oauth2.client.servlet.OAuth2ClientWebSecurityAutoConfiguration, org.springframework.boot.autoconfigure.task.TaskExecutionAutoConfiguration, org.springframework.boot.autoconfigure.cache.CacheAutoConfiguration, org.springframework.boot.autoconfigure.web.servlet.HttpEncodingAutoConfiguration, org.springframework.boot.autoconfigure.validation.ValidationAutoConfiguration, org.springframework.boot.autoconfigure.security.saml2.Saml2RelyingPartyAutoConfiguration, org.springframework.boot.autoconfigure.context.MessageSourceAutoConfiguration, org.springframework.boot.autoconfigure.hateoas.HypermediaAutoConfiguration, org.springframework.boot.autoconfigure.jackson.JacksonAutoConfiguration, org.springframework.boot.autoconfigure.data.web.SpringDataWebAutoConfiguration, org.springframework.boot.test.autoconfigure.web.reactive.WebTestClientAutoConfiguration, org.springframework.boot.autoconfigure.web.servlet.error.ErrorMvcAutoConfiguration, org.springframework.boot.test.autoconfigure.web.servlet.MockMvcAutoConfiguration, org.springframework.boot.autoconfigure.security.servlet.SecurityAutoConfiguration, org.springframework.boot.autoconfigure.security.servlet.SecurityFilterAutoConfiguration, org.springframework.boot.autoconfigure.http.HttpMessageConvertersAutoConfiguration, org.springframework.boot.autoconfigure.security.oauth2.client.OAuth2ClientAutoConfiguration, org.springframework.boot.test.autoconfigure.web.servlet.MockMvcSecurityConfiguration, org.springframework.boot.test.autoconfigure.web.servlet.MockMvcWebClientAutoConfiguration, org.springframework.boot.test.autoconfigure.web.servlet.MockMvcWebDriverAutoConfiguration, org.springframework.boot.autoconfigure.thymeleaf.ThymeleafAutoConfiguration, org.springframework.boot.autoconfigure.gson.GsonAutoConfiguration, org.springframework.boot.autoconfigure.jsonb.JsonbAutoConfiguration, org.springframework.boot.autoconfigure.freemarker.FreeMarkerAutoConfiguration, org.springframework.boot.autoconfigure.web.servlet.WebMvcAutoConfiguration, org.springframework.boot.autoconfigure.security.servlet.UserDetailsServiceAutoConfiguration, org.springframework.boot.autoconfigure.security.oauth2.resource.servlet.OAuth2ResourceServerAutoConfiguration, org.springframework.boot.autoconfigure.groovy.template.GroovyTemplateAutoConfiguration, org.springframework.boot.autoconfigure.mustache.MustacheAutoConfiguration]], org.springframework.boot.test.context.filter.ExcludeFilterContextCustomizer@2931522b, org.springframework.boot.test.json.DuplicateJsonObjectContextCustomizerFactory$DuplicateJsonObjectContextCustomizer@662706a7, org.springframework.boot.test.mock.mockito.MockitoContextCustomizer@0, org.springframework.boot.test.web.reactor.netty.DisableReactorResourceFactoryGlobalResourcesContextCustomizerFactory$DisableReactorResourceFactoryGlobalResourcesContextCustomizerCustomizer@13d4992d, org.springframework.boot.test.autoconfigure.OnFailureConditionReportContextCustomizerFactory$OnFailureConditionReportContextCustomizer@75d2da2d, org.springframework.boot.test.autoconfigure.OverrideAutoConfigurationContextCustomizerFactory$DisableAutoConfigurationContextCustomizer@63eef88a, org.springframework.boot.test.autoconfigure.actuate.observability.ObservabilityContextCustomizerFactory$DisableObservabilityContextCustomizer@1f, org.springframework.boot.test.autoconfigure.filter.TypeExcludeFiltersContextCustomizer@912aebbd, org.springframework.boot.test.autoconfigure.properties.PropertyMappingContextCustomizer@192f9018, org.springframework.boot.test.autoconfigure.web.servlet.WebDriverContextCustomizer@1b75c2e3, org.springframework.test.context.bean.override.BeanOverrideContextCustomizer@5b30532d, org.springframework.test.context.support.DynamicPropertiesContextCustomizer@0, org.springframework.boot.test.context.SpringBootTestAnnotation@6c61234a], resourceBasePath = "src/main/webapp", contextLoader = org.springframework.boot.test.context.SpringBootContextLoader, parent = null]
	at org.springframework.test.context.cache.DefaultCacheAwareContextLoaderDelegate.loadContext(DefaultCacheAwareContextLoaderDelegate.java:180)
	at org.springframework.test.context.support.DefaultTestContext.getApplicationContext(DefaultTestContext.java:130)
	at org.springframework.test.context.bean.override.BeanOverrideTestExecutionListener.injectFields(BeanOverrideTestExecutionListener.java:107)
	at org.springframework.test.context.bean.override.BeanOverrideTestExecutionListener.prepareTestInstance(BeanOverrideTestExecutionListener.java:70)
	at org.springframework.test.context.TestContextManager.prepareTestInstance(TestContextManager.java:260)
	at org.springframework.test.context.junit.jupiter.SpringExtension.postProcessTestInstance(SpringExtension.java:159)
	at org.junit.jupiter.engine.descriptor.ClassBasedTestDescriptor.lambda$invokeTestInstancePostProcessors$10(ClassBasedTestDescriptor.java:383)
	at org.junit.jupiter.engine.descriptor.ClassBasedTestDescriptor.executeAndMaskThrowable(ClassBasedTestDescriptor.java:388)
	at org.junit.jupiter.engine.descriptor.ClassBasedTestDescriptor.lambda$invokeTestInstancePostProcessors$11(ClassBasedTestDescriptor.java:382)
	at java.base/java.util.stream.ForEachOps$ForEachOp$OfRef.accept(ForEachOps.java:183)
	at java.base/java.util.stream.ReferencePipeline$3$1.accept(ReferencePipeline.java:197)
	at java.base/java.util.stream.ReferencePipeline$2$1.accept(ReferencePipeline.java:179)
	at java.base/java.util.stream.ReferencePipeline$3$1.accept(ReferencePipeline.java:197)
	at java.base/java.util.ArrayList$ArrayListSpliterator.forEachRemaining(ArrayList.java:1625)
	at java.base/java.util.stream.AbstractPipeline.copyInto(AbstractPipeline.java:509)
	at java.base/java.util.stream.AbstractPipeline.wrapAndCopyInto(AbstractPipeline.java:499)
	at java.base/java.util.stream.ForEachOps$ForEachOp.evaluateSequential(ForEachOps.java:150)
	at java.base/java.util.stream.ForEachOps$ForEachOp$OfRef.evaluateSequential(ForEachOps.java:173)
	at java.base/java.util.stream.AbstractPipeline.evaluate(AbstractPipeline.java:234)
	at java.base/java.util.stream.ReferencePipeline.forEach(ReferencePipeline.java:596)
	at org.junit.jupiter.engine.descriptor.ClassBasedTestDescriptor.invokeTestInstancePostProcessors(ClassBasedTestDescriptor.java:382)
	at org.junit.jupiter.engine.descriptor.ClassBasedTestDescriptor.lambda$instantiateAndPostProcessTestInstance$6(ClassBasedTestDescriptor.java:293)
	at org.junit.platform.engine.support.hierarchical.ThrowableCollector.execute(ThrowableCollector.java:73)
	at org.junit.jupiter.engine.descriptor.ClassBasedTestDescriptor.instantiateAndPostProcessTestInstance(ClassBasedTestDescriptor.java:292)
	at org.junit.jupiter.engine.descriptor.ClassBasedTestDescriptor.lambda$testInstancesProvider$4(ClassBasedTestDescriptor.java:281)
	at java.base/java.util.Optional.orElseGet(Optional.java:364)
	at org.junit.jupiter.engine.descriptor.ClassBasedTestDescriptor.lambda$testInstancesProvider$5(ClassBasedTestDescriptor.java:280)
	at org.junit.jupiter.engine.execution.TestInstancesProvider.getTestInstances(TestInstancesProvider.java:27)
	at org.junit.jupiter.engine.descriptor.TestMethodTestDescriptor.lambda$prepare$0(TestMethodTestDescriptor.java:112)
	at org.junit.platform.engine.support.hierarchical.ThrowableCollector.execute(ThrowableCollector.java:73)
	at org.junit.jupiter.engine.descriptor.TestMethodTestDescriptor.prepare(TestMethodTestDescriptor.java:111)
	at org.junit.jupiter.engine.descriptor.TestMethodTestDescriptor.prepare(TestMethodTestDescriptor.java:69)
	at org.junit.platform.engine.support.hierarchical.NodeTestTask.lambda$prepare$2(NodeTestTask.java:128)
	at org.junit.platform.engine.support.hierarchical.ThrowableCollector.execute(ThrowableCollector.java:73)
	at org.junit.platform.engine.support.hierarchical.NodeTestTask.prepare(NodeTestTask.java:128)
	at org.junit.platform.engine.support.hierarchical.NodeTestTask.execute(NodeTestTask.java:95)
	at java.base/java.util.ArrayList.forEach(ArrayList.java:1511)
	at org.junit.platform.engine.support.hierarchical.SameThreadHierarchicalTestExecutorService.invokeAll(SameThreadHierarchicalTestExecutorService.java:41)
	at org.junit.platform.engine.support.hierarchical.NodeTestTask.lambda$executeRecursively$6(NodeTestTask.java:160)
	at org.junit.platform.engine.support.hierarchical.ThrowableCollector.execute(ThrowableCollector.java:73)
	at org.junit.platform.engine.support.hierarchical.NodeTestTask.lambda$executeRecursively$8(NodeTestTask.java:146)
	at org.junit.platform.engine.support.hierarchical.Node.around(Node.java:137)
	at org.junit.platform.engine.support.hierarchical.NodeTestTask.lambda$executeRecursively$9(NodeTestTask.java:144)
	at org.junit.platform.engine.support.hierarchical.ThrowableCollector.execute(ThrowableCollector.java:73)
	at org.junit.platform.engine.support.hierarchical.NodeTestTask.executeRecursively(NodeTestTask.java:143)
	at org.junit.platform.engine.support.hierarchical.NodeTestTask.execute(NodeTestTask.java:100)
	at java.base/java.util.ArrayList.forEach(ArrayList.java:1511)
	at org.junit.platform.engine.support.hierarchical.SameThreadHierarchicalTestExecutorService.invokeAll(SameThreadHierarchicalTestExecutorService.java:41)
	at org.junit.platform.engine.support.hierarchical.NodeTestTask.lambda$executeRecursively$6(NodeTestTask.java:160)
	at org.junit.platform.engine.support.hierarchical.ThrowableCollector.execute(ThrowableCollector.java:73)
	at org.junit.platform.engine.support.hierarchical.NodeTestTask.lambda$executeRecursively$8(NodeTestTask.java:146)
	at org.junit.platform.engine.support.hierarchical.Node.around(Node.java:137)
	at org.junit.platform.engine.support.hierarchical.NodeTestTask.lambda$executeRecursively$9(NodeTestTask.java:144)
	at org.junit.platform.engine.support.hierarchical.ThrowableCollector.execute(ThrowableCollector.java:73)
	at org.junit.platform.engine.support.hierarchical.NodeTestTask.executeRecursively(NodeTestTask.java:143)
	at org.junit.platform.engine.support.hierarchical.NodeTestTask.execute(NodeTestTask.java:100)
	at org.junit.platform.engine.support.hierarchical.SameThreadHierarchicalTestExecutorService.submit(SameThreadHierarchicalTestExecutorService.java:35)
	at org.junit.platform.engine.support.hierarchical.HierarchicalTestExecutor.execute(HierarchicalTestExecutor.java:57)
	at org.junit.platform.engine.support.hierarchical.HierarchicalTestEngine.execute(HierarchicalTestEngine.java:54)
	at org.junit.platform.launcher.core.EngineExecutionOrchestrator.execute(EngineExecutionOrchestrator.java:201)
	at org.junit.platform.launcher.core.EngineExecutionOrchestrator.execute(EngineExecutionOrchestrator.java:170)
	at org.junit.platform.launcher.core.EngineExecutionOrchestrator.execute(EngineExecutionOrchestrator.java:94)
	at org.junit.platform.launcher.core.EngineExecutionOrchestrator.lambda$execute$0(EngineExecutionOrchestrator.java:59)
	at org.junit.platform.launcher.core.EngineExecutionOrchestrator.withInterceptedStreams(EngineExecutionOrchestrator.java:142)
	at org.junit.platform.launcher.core.EngineExecutionOrchestrator.execute(EngineExecutionOrchestrator.java:58)
	at org.junit.platform.launcher.core.DefaultLauncher.execute(DefaultLauncher.java:103)
	at org.junit.platform.launcher.core.DefaultLauncher.execute(DefaultLauncher.java:85)
	at org.junit.platform.launcher.core.DelegatingLauncher.execute(DelegatingLauncher.java:47)
	at org.junit.platform.launcher.core.InterceptingLauncher.lambda$execute$1(InterceptingLauncher.java:39)
	at org.junit.platform.launcher.core.ClasspathAlignmentCheckingLauncherInterceptor.intercept(ClasspathAlignmentCheckingLauncherInterceptor.java:25)
	at org.junit.platform.launcher.core.InterceptingLauncher.execute(InterceptingLauncher.java:38)
	at org.junit.platform.launcher.core.DelegatingLauncher.execute(DelegatingLauncher.java:47)
	at org.junit.platform.launcher.core.SessionPerRequestLauncher.execute(SessionPerRequestLauncher.java:63)
	at com.intellij.junit5.JUnit5IdeaTestRunner.startRunnerWithArgs(JUnit5IdeaTestRunner.java:57)
	at com.intellij.rt.junit.IdeaTestRunner$Repeater$1.execute(IdeaTestRunner.java:38)
	at com.intellij.rt.execution.junit.TestsRepeater.repeat(TestsRepeater.java:11)
	at com.intellij.rt.junit.IdeaTestRunner$Repeater.startRunnerWithArgs(IdeaTestRunner.java:35)
	at com.intellij.rt.junit.JUnitStarter.prepareStreamsAndStart(JUnitStarter.java:232)
	at com.intellij.rt.junit.JUnitStarter.main(JUnitStarter.java:55)
Caused by: org.springframework.beans.factory.UnsatisfiedDependencyException: Error creating bean with name 'jwtAuthenticationFilter' defined in file [D:\SpringBoot\eventsphere\target\classes\com\example\eventsphere\filter\JwtAuthenticationFilter.class]: Unsatisfied dependency expressed through constructor parameter 0: No qualifying bean of type 'com.example.eventsphere.utils.JwtUtil' available: expected at least 1 bean which qualifies as autowire candidate. Dependency annotations: {}
	at org.springframework.beans.factory.support.ConstructorResolver.createArgumentArray(ConstructorResolver.java:804)
	at org.springframework.beans.factory.support.ConstructorResolver.autowireConstructor(ConstructorResolver.java:240)
	at org.springframework.beans.factory.support.AbstractAutowireCapableBeanFactory.autowireConstructor(AbstractAutowireCapableBeanFactory.java:1395)
	at org.springframework.beans.factory.support.AbstractAutowireCapableBeanFactory.createBeanInstance(AbstractAutowireCapableBeanFactory.java:1232)
	at org.springframework.beans.factory.support.AbstractAutowireCapableBeanFactory.doCreateBean(AbstractAutowireCapableBeanFactory.java:569)
	at org.springframework.beans.factory.support.AbstractAutowireCapableBeanFactory.createBean(AbstractAutowireCapableBeanFactory.java:529)
	at org.springframework.beans.factory.support.AbstractBeanFactory.lambda$doGetBean$0(AbstractBeanFactory.java:339)
	at org.springframework.beans.factory.support.DefaultSingletonBeanRegistry.getSingleton(DefaultSingletonBeanRegistry.java:373)
	at org.springframework.beans.factory.support.AbstractBeanFactory.doGetBean(AbstractBeanFactory.java:337)
	at org.springframework.beans.factory.support.AbstractBeanFactory.getBean(AbstractBeanFactory.java:202)
	at org.springframework.beans.factory.support.DefaultListableBeanFactory.instantiateSingleton(DefaultListableBeanFactory.java:1228)
	at org.springframework.beans.factory.support.DefaultListableBeanFactory.preInstantiateSingleton(DefaultListableBeanFactory.java:1194)
	at org.springframework.beans.factory.support.DefaultListableBeanFactory.preInstantiateSingletons(DefaultListableBeanFactory.java:1130)
	at org.springframework.context.support.AbstractApplicationContext.finishBeanFactoryInitialization(AbstractApplicationContext.java:991)
	at org.springframework.context.support.AbstractApplicationContext.refresh(AbstractApplicationContext.java:628)
	at org.springframework.boot.SpringApplication.refresh(SpringApplication.java:752)
	at org.springframework.boot.SpringApplication.refreshContext(SpringApplication.java:439)
	at org.springframework.boot.SpringApplication.run(SpringApplication.java:318)
	at org.springframework.boot.test.context.SpringBootContextLoader.lambda$loadContext$3(SpringBootContextLoader.java:151)
	at org.springframework.util.function.ThrowingSupplier.get(ThrowingSupplier.java:58)
	at org.springframework.util.function.ThrowingSupplier.get(ThrowingSupplier.java:46)
	at org.springframework.boot.SpringApplication.withHook(SpringApplication.java:1461)
	at org.springframework.boot.test.context.SpringBootContextLoader$ContextLoaderHook.run(SpringBootContextLoader.java:590)
	at org.springframework.boot.test.context.SpringBootContextLoader.loadContext(SpringBootContextLoader.java:151)
	at org.springframework.boot.test.context.SpringBootContextLoader.loadContext(SpringBootContextLoader.java:110)
	at org.springframework.test.context.cache.DefaultCacheAwareContextLoaderDelegate.loadContextInternal(DefaultCacheAwareContextLoaderDelegate.java:225)
	at org.springframework.test.context.cache.DefaultCacheAwareContextLoaderDelegate.loadContext(DefaultCacheAwareContextLoaderDelegate.java:152)
	... 78 common frames omitted
Caused by: org.springframework.beans.factory.NoSuchBeanDefinitionException: No qualifying bean of type 'com.example.eventsphere.utils.JwtUtil' available: expected at least 1 bean which qualifies as autowire candidate. Dependency annotations: {}
	at org.springframework.beans.factory.support.DefaultListableBeanFactory.raiseNoMatchingBeanFound(DefaultListableBeanFactory.java:2315)
	at org.springframework.beans.factory.support.DefaultListableBeanFactory.doResolveDependency(DefaultListableBeanFactory.java:1733)
	at org.springframework.beans.factory.support.DefaultListableBeanFactory.resolveDependency(DefaultListableBeanFactory.java:1653)
	at org.springframework.beans.factory.support.ConstructorResolver.resolveAutowiredArgument(ConstructorResolver.java:913)
	at org.springframework.beans.factory.support.ConstructorResolver.createArgumentArray(ConstructorResolver.java:791)
	... 104 common frames omitted
2026-05-02 15:46:01 [main] WARN  [IP:  | User Name:  | User ID:  |  ] o.s.test.context.TestContextManager - Caught exception while allowing TestExecutionListener [org.springframework.test.context.bean.override.BeanOverrideTestExecutionListener] to prepare test instance [com.example.eventsphere.controller.AuthControllerTest@3ca17943]
java.lang.IllegalStateException: ApplicationContext failure threshold (1) exceeded: skipping repeated attempt to load context for [WebMergedContextConfiguration@733534f9 testClass = com.example.eventsphere.controller.AuthControllerTest, locations = [], classes = [com.example.eventsphere.EventsphereApplication], contextInitializerClasses = [], activeProfiles = [], propertySourceDescriptors = [], propertySourceProperties = ["org.springframework.boot.test.autoconfigure.web.servlet.WebMvcTestContextBootstrapper=true"], contextCustomizers = [[ImportsContextCustomizer@661e279d key = [org.springframework.boot.autoconfigure.security.oauth2.client.servlet.OAuth2ClientWebSecurityAutoConfiguration, org.springframework.boot.autoconfigure.task.TaskExecutionAutoConfiguration, org.springframework.boot.autoconfigure.cache.CacheAutoConfiguration, org.springframework.boot.autoconfigure.web.servlet.HttpEncodingAutoConfiguration, org.springframework.boot.autoconfigure.validation.ValidationAutoConfiguration, org.springframework.boot.autoconfigure.security.saml2.Saml2RelyingPartyAutoConfiguration, org.springframework.boot.autoconfigure.context.MessageSourceAutoConfiguration, org.springframework.boot.autoconfigure.hateoas.HypermediaAutoConfiguration, org.springframework.boot.autoconfigure.jackson.JacksonAutoConfiguration, org.springframework.boot.autoconfigure.data.web.SpringDataWebAutoConfiguration, org.springframework.boot.test.autoconfigure.web.reactive.WebTestClientAutoConfiguration, org.springframework.boot.autoconfigure.web.servlet.error.ErrorMvcAutoConfiguration, org.springframework.boot.test.autoconfigure.web.servlet.MockMvcAutoConfiguration, org.springframework.boot.autoconfigure.security.servlet.SecurityAutoConfiguration, org.springframework.boot.autoconfigure.security.servlet.SecurityFilterAutoConfiguration, org.springframework.boot.autoconfigure.http.HttpMessageConvertersAutoConfiguration, org.springframework.boot.autoconfigure.security.oauth2.client.OAuth2ClientAutoConfiguration, org.springframework.boot.test.autoconfigure.web.servlet.MockMvcSecurityConfiguration, org.springframework.boot.test.autoconfigure.web.servlet.MockMvcWebClientAutoConfiguration, org.springframework.boot.test.autoconfigure.web.servlet.MockMvcWebDriverAutoConfiguration, org.springframework.boot.autoconfigure.thymeleaf.ThymeleafAutoConfiguration, org.springframework.boot.autoconfigure.gson.GsonAutoConfiguration, org.springframework.boot.autoconfigure.jsonb.JsonbAutoConfiguration, org.springframework.boot.autoconfigure.freemarker.FreeMarkerAutoConfiguration, org.springframework.boot.autoconfigure.web.servlet.WebMvcAutoConfiguration, org.springframework.boot.autoconfigure.security.servlet.UserDetailsServiceAutoConfiguration, org.springframework.boot.autoconfigure.security.oauth2.resource.servlet.OAuth2ResourceServerAutoConfiguration, org.springframework.boot.autoconfigure.groovy.template.GroovyTemplateAutoConfiguration, org.springframework.boot.autoconfigure.mustache.MustacheAutoConfiguration]], org.springframework.boot.test.context.filter.ExcludeFilterContextCustomizer@2931522b, org.springframework.boot.test.json.DuplicateJsonObjectContextCustomizerFactory$DuplicateJsonObjectContextCustomizer@662706a7, org.springframework.boot.test.mock.mockito.MockitoContextCustomizer@0, org.springframework.boot.test.web.reactor.netty.DisableReactorResourceFactoryGlobalResourcesContextCustomizerFactory$DisableReactorResourceFactoryGlobalResourcesContextCustomizerCustomizer@13d4992d, org.springframework.boot.test.autoconfigure.OnFailureConditionReportContextCustomizerFactory$OnFailureConditionReportContextCustomizer@75d2da2d, org.springframework.boot.test.autoconfigure.OverrideAutoConfigurationContextCustomizerFactory$DisableAutoConfigurationContextCustomizer@63eef88a, org.springframework.boot.test.autoconfigure.actuate.observability.ObservabilityContextCustomizerFactory$DisableObservabilityContextCustomizer@1f, org.springframework.boot.test.autoconfigure.filter.TypeExcludeFiltersContextCustomizer@912aebbd, org.springframework.boot.test.autoconfigure.properties.PropertyMappingContextCustomizer@192f9018, org.springframework.boot.test.autoconfigure.web.servlet.WebDriverContextCustomizer@1b75c2e3, org.springframework.test.context.bean.override.BeanOverrideContextCustomizer@5b30532d, org.springframework.test.context.support.DynamicPropertiesContextCustomizer@0, org.springframework.boot.test.context.SpringBootTestAnnotation@6c61234a], resourceBasePath = "src/main/webapp", contextLoader = org.springframework.boot.test.context.SpringBootContextLoader, parent = null]
	at org.springframework.test.context.cache.DefaultCacheAwareContextLoaderDelegate.loadContext(DefaultCacheAwareContextLoaderDelegate.java:145)
	at org.springframework.test.context.support.DefaultTestContext.getApplicationContext(DefaultTestContext.java:130)
	at org.springframework.test.context.bean.override.BeanOverrideTestExecutionListener.injectFields(BeanOverrideTestExecutionListener.java:107)
	at org.springframework.test.context.bean.override.BeanOverrideTestExecutionListener.prepareTestInstance(BeanOverrideTestExecutionListener.java:70)
	at org.springframework.test.context.TestContextManager.prepareTestInstance(TestContextManager.java:260)
	at org.springframework.test.context.junit.jupiter.SpringExtension.postProcessTestInstance(SpringExtension.java:159)
	at org.junit.jupiter.engine.descriptor.ClassBasedTestDescriptor.lambda$invokeTestInstancePostProcessors$10(ClassBasedTestDescriptor.java:383)
	at org.junit.jupiter.engine.descriptor.ClassBasedTestDescriptor.executeAndMaskThrowable(ClassBasedTestDescriptor.java:388)
	at org.junit.jupiter.engine.descriptor.ClassBasedTestDescriptor.lambda$invokeTestInstancePostProcessors$11(ClassBasedTestDescriptor.java:382)
	at java.base/java.util.stream.ForEachOps$ForEachOp$OfRef.accept(ForEachOps.java:183)
	at java.base/java.util.stream.ReferencePipeline$3$1.accept(ReferencePipeline.java:197)
	at java.base/java.util.stream.ReferencePipeline$2$1.accept(ReferencePipeline.java:179)
	at java.base/java.util.stream.ReferencePipeline$3$1.accept(ReferencePipeline.java:197)
	at java.base/java.util.ArrayList$ArrayListSpliterator.forEachRemaining(ArrayList.java:1625)
	at java.base/java.util.stream.AbstractPipeline.copyInto(AbstractPipeline.java:509)
	at java.base/java.util.stream.AbstractPipeline.wrapAndCopyInto(AbstractPipeline.java:499)
	at java.base/java.util.stream.ForEachOps$ForEachOp.evaluateSequential(ForEachOps.java:150)
	at java.base/java.util.stream.ForEachOps$ForEachOp$OfRef.evaluateSequential(ForEachOps.java:173)
	at java.base/java.util.stream.AbstractPipeline.evaluate(AbstractPipeline.java:234)
	at java.base/java.util.stream.ReferencePipeline.forEach(ReferencePipeline.java:596)
	at org.junit.jupiter.engine.descriptor.ClassBasedTestDescriptor.invokeTestInstancePostProcessors(ClassBasedTestDescriptor.java:382)
	at org.junit.jupiter.engine.descriptor.ClassBasedTestDescriptor.lambda$instantiateAndPostProcessTestInstance$6(ClassBasedTestDescriptor.java:293)
	at org.junit.platform.engine.support.hierarchical.ThrowableCollector.execute(ThrowableCollector.java:73)
	at org.junit.jupiter.engine.descriptor.ClassBasedTestDescriptor.instantiateAndPostProcessTestInstance(ClassBasedTestDescriptor.java:292)
	at org.junit.jupiter.engine.descriptor.ClassBasedTestDescriptor.lambda$testInstancesProvider$4(ClassBasedTestDescriptor.java:281)
	at java.base/java.util.Optional.orElseGet(Optional.java:364)
	at org.junit.jupiter.engine.descriptor.ClassBasedTestDescriptor.lambda$testInstancesProvider$5(ClassBasedTestDescriptor.java:280)
	at org.junit.jupiter.engine.execution.TestInstancesProvider.getTestInstances(TestInstancesProvider.java:27)
	at org.junit.jupiter.engine.descriptor.TestMethodTestDescriptor.lambda$prepare$0(TestMethodTestDescriptor.java:112)
	at org.junit.platform.engine.support.hierarchical.ThrowableCollector.execute(ThrowableCollector.java:73)
	at org.junit.jupiter.engine.descriptor.TestMethodTestDescriptor.prepare(TestMethodTestDescriptor.java:111)
	at org.junit.jupiter.engine.descriptor.TestMethodTestDescriptor.prepare(TestMethodTestDescriptor.java:69)
	at org.junit.platform.engine.support.hierarchical.NodeTestTask.lambda$prepare$2(NodeTestTask.java:128)
	at org.junit.platform.engine.support.hierarchical.ThrowableCollector.execute(ThrowableCollector.java:73)
	at org.junit.platform.engine.support.hierarchical.NodeTestTask.prepare(NodeTestTask.java:128)
	at org.junit.platform.engine.support.hierarchical.NodeTestTask.execute(NodeTestTask.java:95)
	at java.base/java.util.ArrayList.forEach(ArrayList.java:1511)
	at org.junit.platform.engine.support.hierarchical.SameThreadHierarchicalTestExecutorService.invokeAll(SameThreadHierarchicalTestExecutorService.java:41)
	at org.junit.platform.engine.support.hierarchical.NodeTestTask.lambda$executeRecursively$6(NodeTestTask.java:160)
	at org.junit.platform.engine.support.hierarchical.ThrowableCollector.execute(ThrowableCollector.java:73)
	at org.junit.platform.engine.support.hierarchical.NodeTestTask.lambda$executeRecursively$8(NodeTestTask.java:146)
	at org.junit.platform.engine.support.hierarchical.Node.around(Node.java:137)
	at org.junit.platform.engine.support.hierarchical.NodeTestTask.lambda$executeRecursively$9(NodeTestTask.java:144)
	at org.junit.platform.engine.support.hierarchical.ThrowableCollector.execute(ThrowableCollector.java:73)
	at org.junit.platform.engine.support.hierarchical.NodeTestTask.executeRecursively(NodeTestTask.java:143)
	at org.junit.platform.engine.support.hierarchical.NodeTestTask.execute(NodeTestTask.java:100)
	at java.base/java.util.ArrayList.forEach(ArrayList.java:1511)
	at org.junit.platform.engine.support.hierarchical.SameThreadHierarchicalTestExecutorService.invokeAll(SameThreadHierarchicalTestExecutorService.java:41)
	at org.junit.platform.engine.support.hierarchical.NodeTestTask.lambda$executeRecursively$6(NodeTestTask.java:160)
	at org.junit.platform.engine.support.hierarchical.ThrowableCollector.execute(ThrowableCollector.java:73)
	at org.junit.platform.engine.support.hierarchical.NodeTestTask.lambda$executeRecursively$8(NodeTestTask.java:146)
	at org.junit.platform.engine.support.hierarchical.Node.around(Node.java:137)
	at org.junit.platform.engine.support.hierarchical.NodeTestTask.lambda$executeRecursively$9(NodeTestTask.java:144)
	at org.junit.platform.engine.support.hierarchical.ThrowableCollector.execute(ThrowableCollector.java:73)
	at org.junit.platform.engine.support.hierarchical.NodeTestTask.executeRecursively(NodeTestTask.java:143)
	at org.junit.platform.engine.support.hierarchical.NodeTestTask.execute(NodeTestTask.java:100)
	at org.junit.platform.engine.support.hierarchical.SameThreadHierarchicalTestExecutorService.submit(SameThreadHierarchicalTestExecutorService.java:35)
	at org.junit.platform.engine.support.hierarchical.HierarchicalTestExecutor.execute(HierarchicalTestExecutor.java:57)
	at org.junit.platform.engine.support.hierarchical.HierarchicalTestEngine.execute(HierarchicalTestEngine.java:54)
	at org.junit.platform.launcher.core.EngineExecutionOrchestrator.execute(EngineExecutionOrchestrator.java:201)
	at org.junit.platform.launcher.core.EngineExecutionOrchestrator.execute(EngineExecutionOrchestrator.java:170)
	at org.junit.platform.launcher.core.EngineExecutionOrchestrator.execute(EngineExecutionOrchestrator.java:94)
	at org.junit.platform.launcher.core.EngineExecutionOrchestrator.lambda$execute$0(EngineExecutionOrchestrator.java:59)
	at org.junit.platform.launcher.core.EngineExecutionOrchestrator.withInterceptedStreams(EngineExecutionOrchestrator.java:142)
	at org.junit.platform.launcher.core.EngineExecutionOrchestrator.execute(EngineExecutionOrchestrator.java:58)
	at org.junit.platform.launcher.core.DefaultLauncher.execute(DefaultLauncher.java:103)
	at org.junit.platform.launcher.core.DefaultLauncher.execute(DefaultLauncher.java:85)
	at org.junit.platform.launcher.core.DelegatingLauncher.execute(DelegatingLauncher.java:47)
	at org.junit.platform.launcher.core.InterceptingLauncher.lambda$execute$1(InterceptingLauncher.java:39)
	at org.junit.platform.launcher.core.ClasspathAlignmentCheckingLauncherInterceptor.intercept(ClasspathAlignmentCheckingLauncherInterceptor.java:25)
	at org.junit.platform.launcher.core.InterceptingLauncher.execute(InterceptingLauncher.java:38)
	at org.junit.platform.launcher.core.DelegatingLauncher.execute(DelegatingLauncher.java:47)
	at org.junit.platform.launcher.core.SessionPerRequestLauncher.execute(SessionPerRequestLauncher.java:63)
	at com.intellij.junit5.JUnit5IdeaTestRunner.startRunnerWithArgs(JUnit5IdeaTestRunner.java:57)
	at com.intellij.rt.junit.IdeaTestRunner$Repeater$1.execute(IdeaTestRunner.java:38)
	at com.intellij.rt.execution.junit.TestsRepeater.repeat(TestsRepeater.java:11)
	at com.intellij.rt.junit.IdeaTestRunner$Repeater.startRunnerWithArgs(IdeaTestRunner.java:35)
	at com.intellij.rt.junit.JUnitStarter.prepareStreamsAndStart(JUnitStarter.java:232)
	at com.intellij.rt.junit.JUnitStarter.main(JUnitStarter.java:55)
2026-05-02 16:46:57 [background-preinit] INFO  [IP:  | User Name:  | User ID:  |  ] o.h.validator.internal.util.Version - HV000001: Hibernate Validator 8.0.3.Final
2026-05-02 16:46:57 [main] INFO  [IP:  | User Name:  | User ID:  |  ] c.e.e.controller.AuthControllerTest - Starting AuthControllerTest using Java 17.0.14 with PID 6480 (started by AMU in D:\SpringBoot\eventsphere)
2026-05-02 16:46:57 [main] INFO  [IP:  | User Name:  | User ID:  |  ] c.e.e.controller.AuthControllerTest - No active profile set, falling back to 1 default profile: "default"
2026-05-02 16:47:05 [main] WARN  [IP:  | User Name:  | User ID:  |  ] o.s.w.c.s.GenericWebApplicationContext - Exception encountered during context initialization - cancelling refresh attempt: org.springframework.beans.factory.UnsatisfiedDependencyException: Error creating bean with name 'jwtAuthenticationFilter' defined in file [D:\SpringBoot\eventsphere\target\classes\com\example\eventsphere\filter\JwtAuthenticationFilter.class]: Unsatisfied dependency expressed through constructor parameter 0: No qualifying bean of type 'com.example.eventsphere.utils.JwtUtil' available: expected at least 1 bean which qualifies as autowire candidate. Dependency annotations: {}
2026-05-02 16:47:05 [main] INFO  [IP:  | User Name:  | User ID:  |  ] o.s.b.a.l.ConditionEvaluationReportLogger - 

Error starting ApplicationContext. To display the condition evaluation report re-run your application with 'debug' enabled.
2026-05-02 16:47:05 [main] ERROR [IP:  | User Name:  | User ID:  |  ] o.s.b.d.LoggingFailureAnalysisReporter - 

***************************
APPLICATION FAILED TO START
***************************

Description:

Parameter 0 of constructor in com.example.eventsphere.filter.JwtAuthenticationFilter required a bean of type 'com.example.eventsphere.utils.JwtUtil' that could not be found.


Action:

Consider defining a bean of type 'com.example.eventsphere.utils.JwtUtil' in your configuration.

2026-05-02 16:47:05 [main] WARN  [IP:  | User Name:  | User ID:  |  ] o.s.test.context.TestContextManager - Caught exception while allowing TestExecutionListener [org.springframework.test.context.bean.override.BeanOverrideTestExecutionListener] to prepare test instance [com.example.eventsphere.controller.AuthControllerTest@da09250]
java.lang.IllegalStateException: Failed to load ApplicationContext for [WebMergedContextConfiguration@ee96866 testClass = com.example.eventsphere.controller.AuthControllerTest, locations = [], classes = [com.example.eventsphere.EventsphereApplication], contextInitializerClasses = [], activeProfiles = [], propertySourceDescriptors = [], propertySourceProperties = ["org.springframework.boot.test.autoconfigure.web.servlet.WebMvcTestContextBootstrapper=true"], contextCustomizers = [[ImportsContextCustomizer@4c04216f key = [org.springframework.boot.autoconfigure.security.oauth2.client.servlet.OAuth2ClientWebSecurityAutoConfiguration, org.springframework.boot.autoconfigure.task.TaskExecutionAutoConfiguration, org.springframework.boot.autoconfigure.cache.CacheAutoConfiguration, org.springframework.boot.autoconfigure.web.servlet.HttpEncodingAutoConfiguration, org.springframework.boot.autoconfigure.validation.ValidationAutoConfiguration, org.springframework.boot.autoconfigure.security.saml2.Saml2RelyingPartyAutoConfiguration, org.springframework.boot.autoconfigure.context.MessageSourceAutoConfiguration, org.springframework.boot.autoconfigure.hateoas.HypermediaAutoConfiguration, org.springframework.boot.autoconfigure.jackson.JacksonAutoConfiguration, org.springframework.boot.autoconfigure.data.web.SpringDataWebAutoConfiguration, org.springframework.boot.test.autoconfigure.web.reactive.WebTestClientAutoConfiguration, org.springframework.boot.autoconfigure.web.servlet.error.ErrorMvcAutoConfiguration, org.springframework.boot.test.autoconfigure.web.servlet.MockMvcAutoConfiguration, org.springframework.boot.autoconfigure.security.servlet.SecurityAutoConfiguration, org.springframework.boot.autoconfigure.security.servlet.SecurityFilterAutoConfiguration, org.springframework.boot.autoconfigure.http.HttpMessageConvertersAutoConfiguration, org.springframework.boot.autoconfigure.security.oauth2.client.OAuth2ClientAutoConfiguration, org.springframework.boot.test.autoconfigure.web.servlet.MockMvcSecurityConfiguration, org.springframework.boot.test.autoconfigure.web.servlet.MockMvcWebClientAutoConfiguration, org.springframework.boot.test.autoconfigure.web.servlet.MockMvcWebDriverAutoConfiguration, org.springframework.boot.autoconfigure.thymeleaf.ThymeleafAutoConfiguration, org.springframework.boot.autoconfigure.gson.GsonAutoConfiguration, org.springframework.boot.autoconfigure.jsonb.JsonbAutoConfiguration, org.springframework.boot.autoconfigure.freemarker.FreeMarkerAutoConfiguration, org.springframework.boot.autoconfigure.web.servlet.WebMvcAutoConfiguration, org.springframework.boot.autoconfigure.security.servlet.UserDetailsServiceAutoConfiguration, org.springframework.boot.autoconfigure.security.oauth2.resource.servlet.OAuth2ResourceServerAutoConfiguration, org.springframework.boot.autoconfigure.groovy.template.GroovyTemplateAutoConfiguration, org.springframework.boot.autoconfigure.mustache.MustacheAutoConfiguration]], org.springframework.boot.test.context.filter.ExcludeFilterContextCustomizer@5be49b60, org.springframework.boot.test.json.DuplicateJsonObjectContextCustomizerFactory$DuplicateJsonObjectContextCustomizer@19e7a160, org.springframework.boot.test.mock.mockito.MockitoContextCustomizer@0, org.springframework.boot.test.web.reactor.netty.DisableReactorResourceFactoryGlobalResourcesContextCustomizerFactory$DisableReactorResourceFactoryGlobalResourcesContextCustomizerCustomizer@5082d622, org.springframework.boot.test.autoconfigure.OnFailureConditionReportContextCustomizerFactory$OnFailureConditionReportContextCustomizer@332729ad, org.springframework.boot.test.autoconfigure.OverrideAutoConfigurationContextCustomizerFactory$DisableAutoConfigurationContextCustomizer@6057aebb, org.springframework.boot.test.autoconfigure.actuate.observability.ObservabilityContextCustomizerFactory$DisableObservabilityContextCustomizer@1f, org.springframework.boot.test.autoconfigure.filter.TypeExcludeFiltersContextCustomizer@79ad5cf, org.springframework.boot.test.autoconfigure.properties.PropertyMappingContextCustomizer@e6eadf2e, org.springframework.boot.test.autoconfigure.web.servlet.WebDriverContextCustomizer@1f53a5dc, org.springframework.test.context.bean.override.BeanOverrideContextCustomizer@c890c181, org.springframework.test.context.support.DynamicPropertiesContextCustomizer@0, org.springframework.boot.test.context.SpringBootTestAnnotation@77467c64], resourceBasePath = "src/main/webapp", contextLoader = org.springframework.boot.test.context.SpringBootContextLoader, parent = null]
	at org.springframework.test.context.cache.DefaultCacheAwareContextLoaderDelegate.loadContext(DefaultCacheAwareContextLoaderDelegate.java:180)
	at org.springframework.test.context.support.DefaultTestContext.getApplicationContext(DefaultTestContext.java:130)
	at org.springframework.test.context.bean.override.BeanOverrideTestExecutionListener.injectFields(BeanOverrideTestExecutionListener.java:107)
	at org.springframework.test.context.bean.override.BeanOverrideTestExecutionListener.prepareTestInstance(BeanOverrideTestExecutionListener.java:70)
	at org.springframework.test.context.TestContextManager.prepareTestInstance(TestContextManager.java:260)
	at org.springframework.test.context.junit.jupiter.SpringExtension.postProcessTestInstance(SpringExtension.java:159)
	at org.junit.jupiter.engine.descriptor.ClassBasedTestDescriptor.lambda$invokeTestInstancePostProcessors$10(ClassBasedTestDescriptor.java:383)
	at org.junit.jupiter.engine.descriptor.ClassBasedTestDescriptor.executeAndMaskThrowable(ClassBasedTestDescriptor.java:388)
	at org.junit.jupiter.engine.descriptor.ClassBasedTestDescriptor.lambda$invokeTestInstancePostProcessors$11(ClassBasedTestDescriptor.java:382)
	at java.base/java.util.stream.ForEachOps$ForEachOp$OfRef.accept(ForEachOps.java:183)
	at java.base/java.util.stream.ReferencePipeline$3$1.accept(ReferencePipeline.java:197)
	at java.base/java.util.stream.ReferencePipeline$2$1.accept(ReferencePipeline.java:179)
	at java.base/java.util.stream.ReferencePipeline$3$1.accept(ReferencePipeline.java:197)
	at java.base/java.util.ArrayList$ArrayListSpliterator.forEachRemaining(ArrayList.java:1625)
	at java.base/java.util.stream.AbstractPipeline.copyInto(AbstractPipeline.java:509)
	at java.base/java.util.stream.AbstractPipeline.wrapAndCopyInto(AbstractPipeline.java:499)
	at java.base/java.util.stream.ForEachOps$ForEachOp.evaluateSequential(ForEachOps.java:150)
	at java.base/java.util.stream.ForEachOps$ForEachOp$OfRef.evaluateSequential(ForEachOps.java:173)
	at java.base/java.util.stream.AbstractPipeline.evaluate(AbstractPipeline.java:234)
	at java.base/java.util.stream.ReferencePipeline.forEach(ReferencePipeline.java:596)
	at org.junit.jupiter.engine.descriptor.ClassBasedTestDescriptor.invokeTestInstancePostProcessors(ClassBasedTestDescriptor.java:382)
	at org.junit.jupiter.engine.descriptor.ClassBasedTestDescriptor.lambda$instantiateAndPostProcessTestInstance$6(ClassBasedTestDescriptor.java:293)
	at org.junit.platform.engine.support.hierarchical.ThrowableCollector.execute(ThrowableCollector.java:73)
	at org.junit.jupiter.engine.descriptor.ClassBasedTestDescriptor.instantiateAndPostProcessTestInstance(ClassBasedTestDescriptor.java:292)
	at org.junit.jupiter.engine.descriptor.ClassBasedTestDescriptor.lambda$testInstancesProvider$4(ClassBasedTestDescriptor.java:281)
	at java.base/java.util.Optional.orElseGet(Optional.java:364)
	at org.junit.jupiter.engine.descriptor.ClassBasedTestDescriptor.lambda$testInstancesProvider$5(ClassBasedTestDescriptor.java:280)
	at org.junit.jupiter.engine.execution.TestInstancesProvider.getTestInstances(TestInstancesProvider.java:27)
	at org.junit.jupiter.engine.descriptor.TestMethodTestDescriptor.lambda$prepare$0(TestMethodTestDescriptor.java:112)
	at org.junit.platform.engine.support.hierarchical.ThrowableCollector.execute(ThrowableCollector.java:73)
	at org.junit.jupiter.engine.descriptor.TestMethodTestDescriptor.prepare(TestMethodTestDescriptor.java:111)
	at org.junit.jupiter.engine.descriptor.TestMethodTestDescriptor.prepare(TestMethodTestDescriptor.java:69)
	at org.junit.platform.engine.support.hierarchical.NodeTestTask.lambda$prepare$2(NodeTestTask.java:128)
	at org.junit.platform.engine.support.hierarchical.ThrowableCollector.execute(ThrowableCollector.java:73)
	at org.junit.platform.engine.support.hierarchical.NodeTestTask.prepare(NodeTestTask.java:128)
	at org.junit.platform.engine.support.hierarchical.NodeTestTask.execute(NodeTestTask.java:95)
	at java.base/java.util.ArrayList.forEach(ArrayList.java:1511)
	at org.junit.platform.engine.support.hierarchical.SameThreadHierarchicalTestExecutorService.invokeAll(SameThreadHierarchicalTestExecutorService.java:41)
	at org.junit.platform.engine.support.hierarchical.NodeTestTask.lambda$executeRecursively$6(NodeTestTask.java:160)
	at org.junit.platform.engine.support.hierarchical.ThrowableCollector.execute(ThrowableCollector.java:73)
	at org.junit.platform.engine.support.hierarchical.NodeTestTask.lambda$executeRecursively$8(NodeTestTask.java:146)
	at org.junit.platform.engine.support.hierarchical.Node.around(Node.java:137)
	at org.junit.platform.engine.support.hierarchical.NodeTestTask.lambda$executeRecursively$9(NodeTestTask.java:144)
	at org.junit.platform.engine.support.hierarchical.ThrowableCollector.execute(ThrowableCollector.java:73)
	at org.junit.platform.engine.support.hierarchical.NodeTestTask.executeRecursively(NodeTestTask.java:143)
	at org.junit.platform.engine.support.hierarchical.NodeTestTask.execute(NodeTestTask.java:100)
	at java.base/java.util.ArrayList.forEach(ArrayList.java:1511)
	at org.junit.platform.engine.support.hierarchical.SameThreadHierarchicalTestExecutorService.invokeAll(SameThreadHierarchicalTestExecutorService.java:41)
	at org.junit.platform.engine.support.hierarchical.NodeTestTask.lambda$executeRecursively$6(NodeTestTask.java:160)
	at org.junit.platform.engine.support.hierarchical.ThrowableCollector.execute(ThrowableCollector.java:73)
	at org.junit.platform.engine.support.hierarchical.NodeTestTask.lambda$executeRecursively$8(NodeTestTask.java:146)
	at org.junit.platform.engine.support.hierarchical.Node.around(Node.java:137)
	at org.junit.platform.engine.support.hierarchical.NodeTestTask.lambda$executeRecursively$9(NodeTestTask.java:144)
	at org.junit.platform.engine.support.hierarchical.ThrowableCollector.execute(ThrowableCollector.java:73)
	at org.junit.platform.engine.support.hierarchical.NodeTestTask.executeRecursively(NodeTestTask.java:143)
	at org.junit.platform.engine.support.hierarchical.NodeTestTask.execute(NodeTestTask.java:100)
	at org.junit.platform.engine.support.hierarchical.SameThreadHierarchicalTestExecutorService.submit(SameThreadHierarchicalTestExecutorService.java:35)
	at org.junit.platform.engine.support.hierarchical.HierarchicalTestExecutor.execute(HierarchicalTestExecutor.java:57)
	at org.junit.platform.engine.support.hierarchical.HierarchicalTestEngine.execute(HierarchicalTestEngine.java:54)
	at org.junit.platform.launcher.core.EngineExecutionOrchestrator.execute(EngineExecutionOrchestrator.java:201)
	at org.junit.platform.launcher.core.EngineExecutionOrchestrator.execute(EngineExecutionOrchestrator.java:170)
	at org.junit.platform.launcher.core.EngineExecutionOrchestrator.execute(EngineExecutionOrchestrator.java:94)
	at org.junit.platform.launcher.core.EngineExecutionOrchestrator.lambda$execute$0(EngineExecutionOrchestrator.java:59)
	at org.junit.platform.launcher.core.EngineExecutionOrchestrator.withInterceptedStreams(EngineExecutionOrchestrator.java:142)
	at org.junit.platform.launcher.core.EngineExecutionOrchestrator.execute(EngineExecutionOrchestrator.java:58)
	at org.junit.platform.launcher.core.DefaultLauncher.execute(DefaultLauncher.java:103)
	at org.junit.platform.launcher.core.DefaultLauncher.execute(DefaultLauncher.java:85)
	at org.junit.platform.launcher.core.DelegatingLauncher.execute(DelegatingLauncher.java:47)
	at org.junit.platform.launcher.core.InterceptingLauncher.lambda$execute$1(InterceptingLauncher.java:39)
	at org.junit.platform.launcher.core.ClasspathAlignmentCheckingLauncherInterceptor.intercept(ClasspathAlignmentCheckingLauncherInterceptor.java:25)
	at org.junit.platform.launcher.core.InterceptingLauncher.execute(InterceptingLauncher.java:38)
	at org.junit.platform.launcher.core.DelegatingLauncher.execute(DelegatingLauncher.java:47)
	at org.junit.platform.launcher.core.SessionPerRequestLauncher.execute(SessionPerRequestLauncher.java:63)
	at com.intellij.junit5.JUnit5IdeaTestRunner.startRunnerWithArgs(JUnit5IdeaTestRunner.java:57)
	at com.intellij.rt.junit.IdeaTestRunner$Repeater$1.execute(IdeaTestRunner.java:38)
	at com.intellij.rt.execution.junit.TestsRepeater.repeat(TestsRepeater.java:11)
	at com.intellij.rt.junit.IdeaTestRunner$Repeater.startRunnerWithArgs(IdeaTestRunner.java:35)
	at com.intellij.rt.junit.JUnitStarter.prepareStreamsAndStart(JUnitStarter.java:232)
	at com.intellij.rt.junit.JUnitStarter.main(JUnitStarter.java:55)
Caused by: org.springframework.beans.factory.UnsatisfiedDependencyException: Error creating bean with name 'jwtAuthenticationFilter' defined in file [D:\SpringBoot\eventsphere\target\classes\com\example\eventsphere\filter\JwtAuthenticationFilter.class]: Unsatisfied dependency expressed through constructor parameter 0: No qualifying bean of type 'com.example.eventsphere.utils.JwtUtil' available: expected at least 1 bean which qualifies as autowire candidate. Dependency annotations: {}
	at org.springframework.beans.factory.support.ConstructorResolver.createArgumentArray(ConstructorResolver.java:804)
	at org.springframework.beans.factory.support.ConstructorResolver.autowireConstructor(ConstructorResolver.java:240)
	at org.springframework.beans.factory.support.AbstractAutowireCapableBeanFactory.autowireConstructor(AbstractAutowireCapableBeanFactory.java:1395)
	at org.springframework.beans.factory.support.AbstractAutowireCapableBeanFactory.createBeanInstance(AbstractAutowireCapableBeanFactory.java:1232)
	at org.springframework.beans.factory.support.AbstractAutowireCapableBeanFactory.doCreateBean(AbstractAutowireCapableBeanFactory.java:569)
	at org.springframework.beans.factory.support.AbstractAutowireCapableBeanFactory.createBean(AbstractAutowireCapableBeanFactory.java:529)
	at org.springframework.beans.factory.support.AbstractBeanFactory.lambda$doGetBean$0(AbstractBeanFactory.java:339)
	at org.springframework.beans.factory.support.DefaultSingletonBeanRegistry.getSingleton(DefaultSingletonBeanRegistry.java:373)
	at org.springframework.beans.factory.support.AbstractBeanFactory.doGetBean(AbstractBeanFactory.java:337)
	at org.springframework.beans.factory.support.AbstractBeanFactory.getBean(AbstractBeanFactory.java:202)
	at org.springframework.beans.factory.support.DefaultListableBeanFactory.instantiateSingleton(DefaultListableBeanFactory.java:1228)
	at org.springframework.beans.factory.support.DefaultListableBeanFactory.preInstantiateSingleton(DefaultListableBeanFactory.java:1194)
	at org.springframework.beans.factory.support.DefaultListableBeanFactory.preInstantiateSingletons(DefaultListableBeanFactory.java:1130)
	at org.springframework.context.support.AbstractApplicationContext.finishBeanFactoryInitialization(AbstractApplicationContext.java:991)
	at org.springframework.context.support.AbstractApplicationContext.refresh(AbstractApplicationContext.java:628)
	at org.springframework.boot.SpringApplication.refresh(SpringApplication.java:752)
	at org.springframework.boot.SpringApplication.refreshContext(SpringApplication.java:439)
	at org.springframework.boot.SpringApplication.run(SpringApplication.java:318)
	at org.springframework.boot.test.context.SpringBootContextLoader.lambda$loadContext$3(SpringBootContextLoader.java:151)
	at org.springframework.util.function.ThrowingSupplier.get(ThrowingSupplier.java:58)
	at org.springframework.util.function.ThrowingSupplier.get(ThrowingSupplier.java:46)
	at org.springframework.boot.SpringApplication.withHook(SpringApplication.java:1461)
	at org.springframework.boot.test.context.SpringBootContextLoader$ContextLoaderHook.run(SpringBootContextLoader.java:590)
	at org.springframework.boot.test.context.SpringBootContextLoader.loadContext(SpringBootContextLoader.java:151)
	at org.springframework.boot.test.context.SpringBootContextLoader.loadContext(SpringBootContextLoader.java:110)
	at org.springframework.test.context.cache.DefaultCacheAwareContextLoaderDelegate.loadContextInternal(DefaultCacheAwareContextLoaderDelegate.java:225)
	at org.springframework.test.context.cache.DefaultCacheAwareContextLoaderDelegate.loadContext(DefaultCacheAwareContextLoaderDelegate.java:152)
	... 78 common frames omitted
Caused by: org.springframework.beans.factory.NoSuchBeanDefinitionException: No qualifying bean of type 'com.example.eventsphere.utils.JwtUtil' available: expected at least 1 bean which qualifies as autowire candidate. Dependency annotations: {}
	at org.springframework.beans.factory.support.DefaultListableBeanFactory.raiseNoMatchingBeanFound(DefaultListableBeanFactory.java:2315)
	at org.springframework.beans.factory.support.DefaultListableBeanFactory.doResolveDependency(DefaultListableBeanFactory.java:1733)
	at org.springframework.beans.factory.support.DefaultListableBeanFactory.resolveDependency(DefaultListableBeanFactory.java:1653)
	at org.springframework.beans.factory.support.ConstructorResolver.resolveAutowiredArgument(ConstructorResolver.java:913)
	at org.springframework.beans.factory.support.ConstructorResolver.createArgumentArray(ConstructorResolver.java:791)
	... 104 common frames omitted
2026-05-02 16:47:06 [main] WARN  [IP:  | User Name:  | User ID:  |  ] o.s.test.context.TestContextManager - Caught exception while allowing TestExecutionListener [org.springframework.test.context.bean.override.BeanOverrideTestExecutionListener] to prepare test instance [com.example.eventsphere.controller.AuthControllerTest@1f7e52d1]
java.lang.IllegalStateException: ApplicationContext failure threshold (1) exceeded: skipping repeated attempt to load context for [WebMergedContextConfiguration@ee96866 testClass = com.example.eventsphere.controller.AuthControllerTest, locations = [], classes = [com.example.eventsphere.EventsphereApplication], contextInitializerClasses = [], activeProfiles = [], propertySourceDescriptors = [], propertySourceProperties = ["org.springframework.boot.test.autoconfigure.web.servlet.WebMvcTestContextBootstrapper=true"], contextCustomizers = [[ImportsContextCustomizer@4c04216f key = [org.springframework.boot.autoconfigure.security.oauth2.client.servlet.OAuth2ClientWebSecurityAutoConfiguration, org.springframework.boot.autoconfigure.task.TaskExecutionAutoConfiguration, org.springframework.boot.autoconfigure.cache.CacheAutoConfiguration, org.springframework.boot.autoconfigure.web.servlet.HttpEncodingAutoConfiguration, org.springframework.boot.autoconfigure.validation.ValidationAutoConfiguration, org.springframework.boot.autoconfigure.security.saml2.Saml2RelyingPartyAutoConfiguration, org.springframework.boot.autoconfigure.context.MessageSourceAutoConfiguration, org.springframework.boot.autoconfigure.hateoas.HypermediaAutoConfiguration, org.springframework.boot.autoconfigure.jackson.JacksonAutoConfiguration, org.springframework.boot.autoconfigure.data.web.SpringDataWebAutoConfiguration, org.springframework.boot.test.autoconfigure.web.reactive.WebTestClientAutoConfiguration, org.springframework.boot.autoconfigure.web.servlet.error.ErrorMvcAutoConfiguration, org.springframework.boot.test.autoconfigure.web.servlet.MockMvcAutoConfiguration, org.springframework.boot.autoconfigure.security.servlet.SecurityAutoConfiguration, org.springframework.boot.autoconfigure.security.servlet.SecurityFilterAutoConfiguration, org.springframework.boot.autoconfigure.http.HttpMessageConvertersAutoConfiguration, org.springframework.boot.autoconfigure.security.oauth2.client.OAuth2ClientAutoConfiguration, org.springframework.boot.test.autoconfigure.web.servlet.MockMvcSecurityConfiguration, org.springframework.boot.test.autoconfigure.web.servlet.MockMvcWebClientAutoConfiguration, org.springframework.boot.test.autoconfigure.web.servlet.MockMvcWebDriverAutoConfiguration, org.springframework.boot.autoconfigure.thymeleaf.ThymeleafAutoConfiguration, org.springframework.boot.autoconfigure.gson.GsonAutoConfiguration, org.springframework.boot.autoconfigure.jsonb.JsonbAutoConfiguration, org.springframework.boot.autoconfigure.freemarker.FreeMarkerAutoConfiguration, org.springframework.boot.autoconfigure.web.servlet.WebMvcAutoConfiguration, org.springframework.boot.autoconfigure.security.servlet.UserDetailsServiceAutoConfiguration, org.springframework.boot.autoconfigure.security.oauth2.resource.servlet.OAuth2ResourceServerAutoConfiguration, org.springframework.boot.autoconfigure.groovy.template.GroovyTemplateAutoConfiguration, org.springframework.boot.autoconfigure.mustache.MustacheAutoConfiguration]], org.springframework.boot.test.context.filter.ExcludeFilterContextCustomizer@5be49b60, org.springframework.boot.test.json.DuplicateJsonObjectContextCustomizerFactory$DuplicateJsonObjectContextCustomizer@19e7a160, org.springframework.boot.test.mock.mockito.MockitoContextCustomizer@0, org.springframework.boot.test.web.reactor.netty.DisableReactorResourceFactoryGlobalResourcesContextCustomizerFactory$DisableReactorResourceFactoryGlobalResourcesContextCustomizerCustomizer@5082d622, org.springframework.boot.test.autoconfigure.OnFailureConditionReportContextCustomizerFactory$OnFailureConditionReportContextCustomizer@332729ad, org.springframework.boot.test.autoconfigure.OverrideAutoConfigurationContextCustomizerFactory$DisableAutoConfigurationContextCustomizer@6057aebb, org.springframework.boot.test.autoconfigure.actuate.observability.ObservabilityContextCustomizerFactory$DisableObservabilityContextCustomizer@1f, org.springframework.boot.test.autoconfigure.filter.TypeExcludeFiltersContextCustomizer@79ad5cf, org.springframework.boot.test.autoconfigure.properties.PropertyMappingContextCustomizer@e6eadf2e, org.springframework.boot.test.autoconfigure.web.servlet.WebDriverContextCustomizer@1f53a5dc, org.springframework.test.context.bean.override.BeanOverrideContextCustomizer@c890c181, org.springframework.test.context.support.DynamicPropertiesContextCustomizer@0, org.springframework.boot.test.context.SpringBootTestAnnotation@77467c64], resourceBasePath = "src/main/webapp", contextLoader = org.springframework.boot.test.context.SpringBootContextLoader, parent = null]
	at org.springframework.test.context.cache.DefaultCacheAwareContextLoaderDelegate.loadContext(DefaultCacheAwareContextLoaderDelegate.java:145)
	at org.springframework.test.context.support.DefaultTestContext.getApplicationContext(DefaultTestContext.java:130)
	at org.springframework.test.context.bean.override.BeanOverrideTestExecutionListener.injectFields(BeanOverrideTestExecutionListener.java:107)
	at org.springframework.test.context.bean.override.BeanOverrideTestExecutionListener.prepareTestInstance(BeanOverrideTestExecutionListener.java:70)
	at org.springframework.test.context.TestContextManager.prepareTestInstance(TestContextManager.java:260)
	at org.springframework.test.context.junit.jupiter.SpringExtension.postProcessTestInstance(SpringExtension.java:159)
	at org.junit.jupiter.engine.descriptor.ClassBasedTestDescriptor.lambda$invokeTestInstancePostProcessors$10(ClassBasedTestDescriptor.java:383)
	at org.junit.jupiter.engine.descriptor.ClassBasedTestDescriptor.executeAndMaskThrowable(ClassBasedTestDescriptor.java:388)
	at org.junit.jupiter.engine.descriptor.ClassBasedTestDescriptor.lambda$invokeTestInstancePostProcessors$11(ClassBasedTestDescriptor.java:382)
	at java.base/java.util.stream.ForEachOps$ForEachOp$OfRef.accept(ForEachOps.java:183)
	at java.base/java.util.stream.ReferencePipeline$3$1.accept(ReferencePipeline.java:197)
	at java.base/java.util.stream.ReferencePipeline$2$1.accept(ReferencePipeline.java:179)
	at java.base/java.util.stream.ReferencePipeline$3$1.accept(ReferencePipeline.java:197)
	at java.base/java.util.ArrayList$ArrayListSpliterator.forEachRemaining(ArrayList.java:1625)
	at java.base/java.util.stream.AbstractPipeline.copyInto(AbstractPipeline.java:509)
	at java.base/java.util.stream.AbstractPipeline.wrapAndCopyInto(AbstractPipeline.java:499)
	at java.base/java.util.stream.ForEachOps$ForEachOp.evaluateSequential(ForEachOps.java:150)
	at java.base/java.util.stream.ForEachOps$ForEachOp$OfRef.evaluateSequential(ForEachOps.java:173)
	at java.base/java.util.stream.AbstractPipeline.evaluate(AbstractPipeline.java:234)
	at java.base/java.util.stream.ReferencePipeline.forEach(ReferencePipeline.java:596)
	at org.junit.jupiter.engine.descriptor.ClassBasedTestDescriptor.invokeTestInstancePostProcessors(ClassBasedTestDescriptor.java:382)
	at org.junit.jupiter.engine.descriptor.ClassBasedTestDescriptor.lambda$instantiateAndPostProcessTestInstance$6(ClassBasedTestDescriptor.java:293)
	at org.junit.platform.engine.support.hierarchical.ThrowableCollector.execute(ThrowableCollector.java:73)
	at org.junit.jupiter.engine.descriptor.ClassBasedTestDescriptor.instantiateAndPostProcessTestInstance(ClassBasedTestDescriptor.java:292)
	at org.junit.jupiter.engine.descriptor.ClassBasedTestDescriptor.lambda$testInstancesProvider$4(ClassBasedTestDescriptor.java:281)
	at java.base/java.util.Optional.orElseGet(Optional.java:364)
	at org.junit.jupiter.engine.descriptor.ClassBasedTestDescriptor.lambda$testInstancesProvider$5(ClassBasedTestDescriptor.java:280)
	at org.junit.jupiter.engine.execution.TestInstancesProvider.getTestInstances(TestInstancesProvider.java:27)
	at org.junit.jupiter.engine.descriptor.TestMethodTestDescriptor.lambda$prepare$0(TestMethodTestDescriptor.java:112)
	at org.junit.platform.engine.support.hierarchical.ThrowableCollector.execute(ThrowableCollector.java:73)
	at org.junit.jupiter.engine.descriptor.TestMethodTestDescriptor.prepare(TestMethodTestDescriptor.java:111)
	at org.junit.jupiter.engine.descriptor.TestMethodTestDescriptor.prepare(TestMethodTestDescriptor.java:69)
	at org.junit.platform.engine.support.hierarchical.NodeTestTask.lambda$prepare$2(NodeTestTask.java:128)
	at org.junit.platform.engine.support.hierarchical.ThrowableCollector.execute(ThrowableCollector.java:73)
	at org.junit.platform.engine.support.hierarchical.NodeTestTask.prepare(NodeTestTask.java:128)
	at org.junit.platform.engine.support.hierarchical.NodeTestTask.execute(NodeTestTask.java:95)
	at java.base/java.util.ArrayList.forEach(ArrayList.java:1511)
	at org.junit.platform.engine.support.hierarchical.SameThreadHierarchicalTestExecutorService.invokeAll(SameThreadHierarchicalTestExecutorService.java:41)
	at org.junit.platform.engine.support.hierarchical.NodeTestTask.lambda$executeRecursively$6(NodeTestTask.java:160)
	at org.junit.platform.engine.support.hierarchical.ThrowableCollector.execute(ThrowableCollector.java:73)
	at org.junit.platform.engine.support.hierarchical.NodeTestTask.lambda$executeRecursively$8(NodeTestTask.java:146)
	at org.junit.platform.engine.support.hierarchical.Node.around(Node.java:137)
	at org.junit.platform.engine.support.hierarchical.NodeTestTask.lambda$executeRecursively$9(NodeTestTask.java:144)
	at org.junit.platform.engine.support.hierarchical.ThrowableCollector.execute(ThrowableCollector.java:73)
	at org.junit.platform.engine.support.hierarchical.NodeTestTask.executeRecursively(NodeTestTask.java:143)
	at org.junit.platform.engine.support.hierarchical.NodeTestTask.execute(NodeTestTask.java:100)
	at java.base/java.util.ArrayList.forEach(ArrayList.java:1511)
	at org.junit.platform.engine.support.hierarchical.SameThreadHierarchicalTestExecutorService.invokeAll(SameThreadHierarchicalTestExecutorService.java:41)
	at org.junit.platform.engine.support.hierarchical.NodeTestTask.lambda$executeRecursively$6(NodeTestTask.java:160)
	at org.junit.platform.engine.support.hierarchical.ThrowableCollector.execute(ThrowableCollector.java:73)
	at org.junit.platform.engine.support.hierarchical.NodeTestTask.lambda$executeRecursively$8(NodeTestTask.java:146)
	at org.junit.platform.engine.support.hierarchical.Node.around(Node.java:137)
	at org.junit.platform.engine.support.hierarchical.NodeTestTask.lambda$executeRecursively$9(NodeTestTask.java:144)
	at org.junit.platform.engine.support.hierarchical.ThrowableCollector.execute(ThrowableCollector.java:73)
	at org.junit.platform.engine.support.hierarchical.NodeTestTask.executeRecursively(NodeTestTask.java:143)
	at org.junit.platform.engine.support.hierarchical.NodeTestTask.execute(NodeTestTask.java:100)
	at org.junit.platform.engine.support.hierarchical.SameThreadHierarchicalTestExecutorService.submit(SameThreadHierarchicalTestExecutorService.java:35)
	at org.junit.platform.engine.support.hierarchical.HierarchicalTestExecutor.execute(HierarchicalTestExecutor.java:57)
	at org.junit.platform.engine.support.hierarchical.HierarchicalTestEngine.execute(HierarchicalTestEngine.java:54)
	at org.junit.platform.launcher.core.EngineExecutionOrchestrator.execute(EngineExecutionOrchestrator.java:201)
	at org.junit.platform.launcher.core.EngineExecutionOrchestrator.execute(EngineExecutionOrchestrator.java:170)
	at org.junit.platform.launcher.core.EngineExecutionOrchestrator.execute(EngineExecutionOrchestrator.java:94)
	at org.junit.platform.launcher.core.EngineExecutionOrchestrator.lambda$execute$0(EngineExecutionOrchestrator.java:59)
	at org.junit.platform.launcher.core.EngineExecutionOrchestrator.withInterceptedStreams(EngineExecutionOrchestrator.java:142)
	at org.junit.platform.launcher.core.EngineExecutionOrchestrator.execute(EngineExecutionOrchestrator.java:58)
	at org.junit.platform.launcher.core.DefaultLauncher.execute(DefaultLauncher.java:103)
	at org.junit.platform.launcher.core.DefaultLauncher.execute(DefaultLauncher.java:85)
	at org.junit.platform.launcher.core.DelegatingLauncher.execute(DelegatingLauncher.java:47)
	at org.junit.platform.launcher.core.InterceptingLauncher.lambda$execute$1(InterceptingLauncher.java:39)
	at org.junit.platform.launcher.core.ClasspathAlignmentCheckingLauncherInterceptor.intercept(ClasspathAlignmentCheckingLauncherInterceptor.java:25)
	at org.junit.platform.launcher.core.InterceptingLauncher.execute(InterceptingLauncher.java:38)
	at org.junit.platform.launcher.core.DelegatingLauncher.execute(DelegatingLauncher.java:47)
	at org.junit.platform.launcher.core.SessionPerRequestLauncher.execute(SessionPerRequestLauncher.java:63)
	at com.intellij.junit5.JUnit5IdeaTestRunner.startRunnerWithArgs(JUnit5IdeaTestRunner.java:57)
	at com.intellij.rt.junit.IdeaTestRunner$Repeater$1.execute(IdeaTestRunner.java:38)
	at com.intellij.rt.execution.junit.TestsRepeater.repeat(TestsRepeater.java:11)
	at com.intellij.rt.junit.IdeaTestRunner$Repeater.startRunnerWithArgs(IdeaTestRunner.java:35)
	at com.intellij.rt.junit.JUnitStarter.prepareStreamsAndStart(JUnitStarter.java:232)
	at com.intellij.rt.junit.JUnitStarter.main(JUnitStarter.java:55)
2026-05-02 16:54:36 [background-preinit] INFO  [IP:  | User Name:  | User ID:  |  ] o.h.validator.internal.util.Version - HV000001: Hibernate Validator 8.0.3.Final
2026-05-02 16:54:37 [main] INFO  [IP:  | User Name:  | User ID:  |  ] c.e.e.controller.AuthControllerTest - Starting AuthControllerTest using Java 17.0.14 with PID 10516 (started by AMU in D:\SpringBoot\eventsphere)
2026-05-02 16:54:37 [main] INFO  [IP:  | User Name:  | User ID:  |  ] c.e.e.controller.AuthControllerTest - No active profile set, falling back to 1 default profile: "default"
2026-05-02 16:54:42 [main] WARN  [IP:  | User Name:  | User ID:  |  ] o.s.w.c.s.GenericWebApplicationContext - Exception encountered during context initialization - cancelling refresh attempt: org.springframework.beans.factory.UnsatisfiedDependencyException: Error creating bean with name 'jwtAuthenticationFilter' defined in file [D:\SpringBoot\eventsphere\target\classes\com\example\eventsphere\filter\JwtAuthenticationFilter.class]: Unsatisfied dependency expressed through constructor parameter 0: No qualifying bean of type 'com.example.eventsphere.utils.JwtUtil' available: expected at least 1 bean which qualifies as autowire candidate. Dependency annotations: {}
2026-05-02 16:54:42 [main] INFO  [IP:  | User Name:  | User ID:  |  ] o.s.b.a.l.ConditionEvaluationReportLogger - 

Error starting ApplicationContext. To display the condition evaluation report re-run your application with 'debug' enabled.
2026-05-02 16:54:42 [main] ERROR [IP:  | User Name:  | User ID:  |  ] o.s.b.d.LoggingFailureAnalysisReporter - 

***************************
APPLICATION FAILED TO START
***************************

Description:

Parameter 0 of constructor in com.example.eventsphere.filter.JwtAuthenticationFilter required a bean of type 'com.example.eventsphere.utils.JwtUtil' that could not be found.


Action:

Consider defining a bean of type 'com.example.eventsphere.utils.JwtUtil' in your configuration.

2026-05-02 16:54:42 [main] WARN  [IP:  | User Name:  | User ID:  |  ] o.s.test.context.TestContextManager - Caught exception while allowing TestExecutionListener [org.springframework.test.context.bean.override.BeanOverrideTestExecutionListener] to prepare test instance [com.example.eventsphere.controller.AuthControllerTest@424f02b8]
java.lang.IllegalStateException: Failed to load ApplicationContext for [WebMergedContextConfiguration@5ebbde60 testClass = com.example.eventsphere.controller.AuthControllerTest, locations = [], classes = [com.example.eventsphere.EventsphereApplication], contextInitializerClasses = [], activeProfiles = [], propertySourceDescriptors = [], propertySourceProperties = ["org.springframework.boot.test.autoconfigure.web.servlet.WebMvcTestContextBootstrapper=true"], contextCustomizers = [[ImportsContextCustomizer@a056b26 key = [org.springframework.boot.autoconfigure.security.oauth2.client.servlet.OAuth2ClientWebSecurityAutoConfiguration, org.springframework.boot.autoconfigure.task.TaskExecutionAutoConfiguration, org.springframework.boot.autoconfigure.cache.CacheAutoConfiguration, org.springframework.boot.autoconfigure.web.servlet.HttpEncodingAutoConfiguration, org.springframework.boot.autoconfigure.validation.ValidationAutoConfiguration, org.springframework.boot.autoconfigure.security.saml2.Saml2RelyingPartyAutoConfiguration, org.springframework.boot.autoconfigure.context.MessageSourceAutoConfiguration, org.springframework.boot.autoconfigure.hateoas.HypermediaAutoConfiguration, org.springframework.boot.autoconfigure.jackson.JacksonAutoConfiguration, org.springframework.boot.autoconfigure.data.web.SpringDataWebAutoConfiguration, org.springframework.boot.test.autoconfigure.web.reactive.WebTestClientAutoConfiguration, org.springframework.boot.autoconfigure.web.servlet.error.ErrorMvcAutoConfiguration, org.springframework.boot.test.autoconfigure.web.servlet.MockMvcAutoConfiguration, org.springframework.boot.autoconfigure.security.servlet.SecurityFilterAutoConfiguration, org.springframework.boot.autoconfigure.http.HttpMessageConvertersAutoConfiguration, org.springframework.boot.autoconfigure.security.oauth2.client.OAuth2ClientAutoConfiguration, org.springframework.boot.test.autoconfigure.web.servlet.MockMvcSecurityConfiguration, org.springframework.boot.test.autoconfigure.web.servlet.MockMvcWebClientAutoConfiguration, org.springframework.boot.test.autoconfigure.web.servlet.MockMvcWebDriverAutoConfiguration, org.springframework.boot.autoconfigure.thymeleaf.ThymeleafAutoConfiguration, org.springframework.boot.autoconfigure.gson.GsonAutoConfiguration, org.springframework.boot.autoconfigure.jsonb.JsonbAutoConfiguration, org.springframework.boot.autoconfigure.freemarker.FreeMarkerAutoConfiguration, org.springframework.boot.autoconfigure.web.servlet.WebMvcAutoConfiguration, org.springframework.boot.autoconfigure.security.servlet.UserDetailsServiceAutoConfiguration, org.springframework.boot.autoconfigure.security.oauth2.resource.servlet.OAuth2ResourceServerAutoConfiguration, org.springframework.boot.autoconfigure.groovy.template.GroovyTemplateAutoConfiguration, org.springframework.boot.autoconfigure.mustache.MustacheAutoConfiguration]], org.springframework.boot.test.context.filter.ExcludeFilterContextCustomizer@16b2bb0c, org.springframework.boot.test.json.DuplicateJsonObjectContextCustomizerFactory$DuplicateJsonObjectContextCustomizer@c7045b9, org.springframework.boot.test.mock.mockito.MockitoContextCustomizer@0, org.springframework.boot.test.web.reactor.netty.DisableReactorResourceFactoryGlobalResourcesContextCustomizerFactory$DisableReactorResourceFactoryGlobalResourcesContextCustomizerCustomizer@9573584, org.springframework.boot.test.autoconfigure.OnFailureConditionReportContextCustomizerFactory$OnFailureConditionReportContextCustomizer@63eef88a, org.springframework.boot.test.autoconfigure.OverrideAutoConfigurationContextCustomizerFactory$DisableAutoConfigurationContextCustomizer@5a9f4771, org.springframework.boot.test.autoconfigure.actuate.observability.ObservabilityContextCustomizerFactory$DisableObservabilityContextCustomizer@1f, org.springframework.boot.test.autoconfigure.filter.TypeExcludeFiltersContextCustomizer@153f8158, org.springframework.boot.test.autoconfigure.properties.PropertyMappingContextCustomizer@d7a61093, org.springframework.boot.test.autoconfigure.web.servlet.WebDriverContextCustomizer@4ff8d125, org.springframework.test.context.bean.override.BeanOverrideContextCustomizer@d3031e9, org.springframework.test.context.support.DynamicPropertiesContextCustomizer@0, org.springframework.boot.test.context.SpringBootTestAnnotation@5eda4a72], resourceBasePath = "src/main/webapp", contextLoader = org.springframework.boot.test.context.SpringBootContextLoader, parent = null]
	at org.springframework.test.context.cache.DefaultCacheAwareContextLoaderDelegate.loadContext(DefaultCacheAwareContextLoaderDelegate.java:180)
	at org.springframework.test.context.support.DefaultTestContext.getApplicationContext(DefaultTestContext.java:130)
	at org.springframework.test.context.bean.override.BeanOverrideTestExecutionListener.injectFields(BeanOverrideTestExecutionListener.java:107)
	at org.springframework.test.context.bean.override.BeanOverrideTestExecutionListener.prepareTestInstance(BeanOverrideTestExecutionListener.java:70)
	at org.springframework.test.context.TestContextManager.prepareTestInstance(TestContextManager.java:260)
	at org.springframework.test.context.junit.jupiter.SpringExtension.postProcessTestInstance(SpringExtension.java:159)
	at org.junit.jupiter.engine.descriptor.ClassBasedTestDescriptor.lambda$invokeTestInstancePostProcessors$10(ClassBasedTestDescriptor.java:383)
	at org.junit.jupiter.engine.descriptor.ClassBasedTestDescriptor.executeAndMaskThrowable(ClassBasedTestDescriptor.java:388)
	at org.junit.jupiter.engine.descriptor.ClassBasedTestDescriptor.lambda$invokeTestInstancePostProcessors$11(ClassBasedTestDescriptor.java:382)
	at java.base/java.util.stream.ForEachOps$ForEachOp$OfRef.accept(ForEachOps.java:183)
	at java.base/java.util.stream.ReferencePipeline$3$1.accept(ReferencePipeline.java:197)
	at java.base/java.util.stream.ReferencePipeline$2$1.accept(ReferencePipeline.java:179)
	at java.base/java.util.stream.ReferencePipeline$3$1.accept(ReferencePipeline.java:197)
	at java.base/java.util.ArrayList$ArrayListSpliterator.forEachRemaining(ArrayList.java:1625)
	at java.base/java.util.stream.AbstractPipeline.copyInto(AbstractPipeline.java:509)
	at java.base/java.util.stream.AbstractPipeline.wrapAndCopyInto(AbstractPipeline.java:499)
	at java.base/java.util.stream.ForEachOps$ForEachOp.evaluateSequential(ForEachOps.java:150)
	at java.base/java.util.stream.ForEachOps$ForEachOp$OfRef.evaluateSequential(ForEachOps.java:173)
	at java.base/java.util.stream.AbstractPipeline.evaluate(AbstractPipeline.java:234)
	at java.base/java.util.stream.ReferencePipeline.forEach(ReferencePipeline.java:596)
	at org.junit.jupiter.engine.descriptor.ClassBasedTestDescriptor.invokeTestInstancePostProcessors(ClassBasedTestDescriptor.java:382)
	at org.junit.jupiter.engine.descriptor.ClassBasedTestDescriptor.lambda$instantiateAndPostProcessTestInstance$6(ClassBasedTestDescriptor.java:293)
	at org.junit.platform.engine.support.hierarchical.ThrowableCollector.execute(ThrowableCollector.java:73)
	at org.junit.jupiter.engine.descriptor.ClassBasedTestDescriptor.instantiateAndPostProcessTestInstance(ClassBasedTestDescriptor.java:292)
	at org.junit.jupiter.engine.descriptor.ClassBasedTestDescriptor.lambda$testInstancesProvider$4(ClassBasedTestDescriptor.java:281)
	at java.base/java.util.Optional.orElseGet(Optional.java:364)
	at org.junit.jupiter.engine.descriptor.ClassBasedTestDescriptor.lambda$testInstancesProvider$5(ClassBasedTestDescriptor.java:280)
	at org.junit.jupiter.engine.execution.TestInstancesProvider.getTestInstances(TestInstancesProvider.java:27)
	at org.junit.jupiter.engine.descriptor.TestMethodTestDescriptor.lambda$prepare$0(TestMethodTestDescriptor.java:112)
	at org.junit.platform.engine.support.hierarchical.ThrowableCollector.execute(ThrowableCollector.java:73)
	at org.junit.jupiter.engine.descriptor.TestMethodTestDescriptor.prepare(TestMethodTestDescriptor.java:111)
	at org.junit.jupiter.engine.descriptor.TestMethodTestDescriptor.prepare(TestMethodTestDescriptor.java:69)
	at org.junit.platform.engine.support.hierarchical.NodeTestTask.lambda$prepare$2(NodeTestTask.java:128)
	at org.junit.platform.engine.support.hierarchical.ThrowableCollector.execute(ThrowableCollector.java:73)
	at org.junit.platform.engine.support.hierarchical.NodeTestTask.prepare(NodeTestTask.java:128)
	at org.junit.platform.engine.support.hierarchical.NodeTestTask.execute(NodeTestTask.java:95)
	at java.base/java.util.ArrayList.forEach(ArrayList.java:1511)
	at org.junit.platform.engine.support.hierarchical.SameThreadHierarchicalTestExecutorService.invokeAll(SameThreadHierarchicalTestExecutorService.java:41)
	at org.junit.platform.engine.support.hierarchical.NodeTestTask.lambda$executeRecursively$6(NodeTestTask.java:160)
	at org.junit.platform.engine.support.hierarchical.ThrowableCollector.execute(ThrowableCollector.java:73)
	at org.junit.platform.engine.support.hierarchical.NodeTestTask.lambda$executeRecursively$8(NodeTestTask.java:146)
	at org.junit.platform.engine.support.hierarchical.Node.around(Node.java:137)
	at org.junit.platform.engine.support.hierarchical.NodeTestTask.lambda$executeRecursively$9(NodeTestTask.java:144)
	at org.junit.platform.engine.support.hierarchical.ThrowableCollector.execute(ThrowableCollector.java:73)
	at org.junit.platform.engine.support.hierarchical.NodeTestTask.executeRecursively(NodeTestTask.java:143)
	at org.junit.platform.engine.support.hierarchical.NodeTestTask.execute(NodeTestTask.java:100)
	at java.base/java.util.ArrayList.forEach(ArrayList.java:1511)
	at org.junit.platform.engine.support.hierarchical.SameThreadHierarchicalTestExecutorService.invokeAll(SameThreadHierarchicalTestExecutorService.java:41)
	at org.junit.platform.engine.support.hierarchical.NodeTestTask.lambda$executeRecursively$6(NodeTestTask.java:160)
	at org.junit.platform.engine.support.hierarchical.ThrowableCollector.execute(ThrowableCollector.java:73)
	at org.junit.platform.engine.support.hierarchical.NodeTestTask.lambda$executeRecursively$8(NodeTestTask.java:146)
	at org.junit.platform.engine.support.hierarchical.Node.around(Node.java:137)
	at org.junit.platform.engine.support.hierarchical.NodeTestTask.lambda$executeRecursively$9(NodeTestTask.java:144)
	at org.junit.platform.engine.support.hierarchical.ThrowableCollector.execute(ThrowableCollector.java:73)
	at org.junit.platform.engine.support.hierarchical.NodeTestTask.executeRecursively(NodeTestTask.java:143)
	at org.junit.platform.engine.support.hierarchical.NodeTestTask.execute(NodeTestTask.java:100)
	at org.junit.platform.engine.support.hierarchical.SameThreadHierarchicalTestExecutorService.submit(SameThreadHierarchicalTestExecutorService.java:35)
	at org.junit.platform.engine.support.hierarchical.HierarchicalTestExecutor.execute(HierarchicalTestExecutor.java:57)
	at org.junit.platform.engine.support.hierarchical.HierarchicalTestEngine.execute(HierarchicalTestEngine.java:54)
	at org.junit.platform.launcher.core.EngineExecutionOrchestrator.execute(EngineExecutionOrchestrator.java:201)
	at org.junit.platform.launcher.core.EngineExecutionOrchestrator.execute(EngineExecutionOrchestrator.java:170)
	at org.junit.platform.launcher.core.EngineExecutionOrchestrator.execute(EngineExecutionOrchestrator.java:94)
	at org.junit.platform.launcher.core.EngineExecutionOrchestrator.lambda$execute$0(EngineExecutionOrchestrator.java:59)
	at org.junit.platform.launcher.core.EngineExecutionOrchestrator.withInterceptedStreams(EngineExecutionOrchestrator.java:142)
	at org.junit.platform.launcher.core.EngineExecutionOrchestrator.execute(EngineExecutionOrchestrator.java:58)
	at org.junit.platform.launcher.core.DefaultLauncher.execute(DefaultLauncher.java:103)
	at org.junit.platform.launcher.core.DefaultLauncher.execute(DefaultLauncher.java:85)
	at org.junit.platform.launcher.core.DelegatingLauncher.execute(DelegatingLauncher.java:47)
	at org.junit.platform.launcher.core.InterceptingLauncher.lambda$execute$1(InterceptingLauncher.java:39)
	at org.junit.platform.launcher.core.ClasspathAlignmentCheckingLauncherInterceptor.intercept(ClasspathAlignmentCheckingLauncherInterceptor.java:25)
	at org.junit.platform.launcher.core.InterceptingLauncher.execute(InterceptingLauncher.java:38)
	at org.junit.platform.launcher.core.DelegatingLauncher.execute(DelegatingLauncher.java:47)
	at org.junit.platform.launcher.core.SessionPerRequestLauncher.execute(SessionPerRequestLauncher.java:63)
	at com.intellij.junit5.JUnit5IdeaTestRunner.startRunnerWithArgs(JUnit5IdeaTestRunner.java:57)
	at com.intellij.rt.junit.IdeaTestRunner$Repeater$1.execute(IdeaTestRunner.java:38)
	at com.intellij.rt.execution.junit.TestsRepeater.repeat(TestsRepeater.java:11)
	at com.intellij.rt.junit.IdeaTestRunner$Repeater.startRunnerWithArgs(IdeaTestRunner.java:35)
	at com.intellij.rt.junit.JUnitStarter.prepareStreamsAndStart(JUnitStarter.java:232)
	at com.intellij.rt.junit.JUnitStarter.main(JUnitStarter.java:55)
Caused by: org.springframework.beans.factory.UnsatisfiedDependencyException: Error creating bean with name 'jwtAuthenticationFilter' defined in file [D:\SpringBoot\eventsphere\target\classes\com\example\eventsphere\filter\JwtAuthenticationFilter.class]: Unsatisfied dependency expressed through constructor parameter 0: No qualifying bean of type 'com.example.eventsphere.utils.JwtUtil' available: expected at least 1 bean which qualifies as autowire candidate. Dependency annotations: {}
	at org.springframework.beans.factory.support.ConstructorResolver.createArgumentArray(ConstructorResolver.java:804)
	at org.springframework.beans.factory.support.ConstructorResolver.autowireConstructor(ConstructorResolver.java:240)
	at org.springframework.beans.factory.support.AbstractAutowireCapableBeanFactory.autowireConstructor(AbstractAutowireCapableBeanFactory.java:1395)
	at org.springframework.beans.factory.support.AbstractAutowireCapableBeanFactory.createBeanInstance(AbstractAutowireCapableBeanFactory.java:1232)
	at org.springframework.beans.factory.support.AbstractAutowireCapableBeanFactory.doCreateBean(AbstractAutowireCapableBeanFactory.java:569)
	at org.springframework.beans.factory.support.AbstractAutowireCapableBeanFactory.createBean(AbstractAutowireCapableBeanFactory.java:529)
	at org.springframework.beans.factory.support.AbstractBeanFactory.lambda$doGetBean$0(AbstractBeanFactory.java:339)
	at org.springframework.beans.factory.support.DefaultSingletonBeanRegistry.getSingleton(DefaultSingletonBeanRegistry.java:373)
	at org.springframework.beans.factory.support.AbstractBeanFactory.doGetBean(AbstractBeanFactory.java:337)
	at org.springframework.beans.factory.support.AbstractBeanFactory.getBean(AbstractBeanFactory.java:202)
	at org.springframework.beans.factory.support.DefaultListableBeanFactory.instantiateSingleton(DefaultListableBeanFactory.java:1228)
	at org.springframework.beans.factory.support.DefaultListableBeanFactory.preInstantiateSingleton(DefaultListableBeanFactory.java:1194)
	at org.springframework.beans.factory.support.DefaultListableBeanFactory.preInstantiateSingletons(DefaultListableBeanFactory.java:1130)
	at org.springframework.context.support.AbstractApplicationContext.finishBeanFactoryInitialization(AbstractApplicationContext.java:991)
	at org.springframework.context.support.AbstractApplicationContext.refresh(AbstractApplicationContext.java:628)
	at org.springframework.boot.SpringApplication.refresh(SpringApplication.java:752)
	at org.springframework.boot.SpringApplication.refreshContext(SpringApplication.java:439)
	at org.springframework.boot.SpringApplication.run(SpringApplication.java:318)
	at org.springframework.boot.test.context.SpringBootContextLoader.lambda$loadContext$3(SpringBootContextLoader.java:151)
	at org.springframework.util.function.ThrowingSupplier.get(ThrowingSupplier.java:58)
	at org.springframework.util.function.ThrowingSupplier.get(ThrowingSupplier.java:46)
	at org.springframework.boot.SpringApplication.withHook(SpringApplication.java:1461)
	at org.springframework.boot.test.context.SpringBootContextLoader$ContextLoaderHook.run(SpringBootContextLoader.java:590)
	at org.springframework.boot.test.context.SpringBootContextLoader.loadContext(SpringBootContextLoader.java:151)
	at org.springframework.boot.test.context.SpringBootContextLoader.loadContext(SpringBootContextLoader.java:110)
	at org.springframework.test.context.cache.DefaultCacheAwareContextLoaderDelegate.loadContextInternal(DefaultCacheAwareContextLoaderDelegate.java:225)
	at org.springframework.test.context.cache.DefaultCacheAwareContextLoaderDelegate.loadContext(DefaultCacheAwareContextLoaderDelegate.java:152)
	... 78 common frames omitted
Caused by: org.springframework.beans.factory.NoSuchBeanDefinitionException: No qualifying bean of type 'com.example.eventsphere.utils.JwtUtil' available: expected at least 1 bean which qualifies as autowire candidate. Dependency annotations: {}
	at org.springframework.beans.factory.support.DefaultListableBeanFactory.raiseNoMatchingBeanFound(DefaultListableBeanFactory.java:2315)
	at org.springframework.beans.factory.support.DefaultListableBeanFactory.doResolveDependency(DefaultListableBeanFactory.java:1733)
	at org.springframework.beans.factory.support.DefaultListableBeanFactory.resolveDependency(DefaultListableBeanFactory.java:1653)
	at org.springframework.beans.factory.support.ConstructorResolver.resolveAutowiredArgument(ConstructorResolver.java:913)
	at org.springframework.beans.factory.support.ConstructorResolver.createArgumentArray(ConstructorResolver.java:791)
	... 104 common frames omitted
2026-05-02 16:54:43 [main] WARN  [IP:  | User Name:  | User ID:  |  ] o.s.test.context.TestContextManager - Caught exception while allowing TestExecutionListener [org.springframework.test.context.bean.override.BeanOverrideTestExecutionListener] to prepare test instance [com.example.eventsphere.controller.AuthControllerTest@3b218c74]
java.lang.IllegalStateException: ApplicationContext failure threshold (1) exceeded: skipping repeated attempt to load context for [WebMergedContextConfiguration@5ebbde60 testClass = com.example.eventsphere.controller.AuthControllerTest, locations = [], classes = [com.example.eventsphere.EventsphereApplication], contextInitializerClasses = [], activeProfiles = [], propertySourceDescriptors = [], propertySourceProperties = ["org.springframework.boot.test.autoconfigure.web.servlet.WebMvcTestContextBootstrapper=true"], contextCustomizers = [[ImportsContextCustomizer@a056b26 key = [org.springframework.boot.autoconfigure.security.oauth2.client.servlet.OAuth2ClientWebSecurityAutoConfiguration, org.springframework.boot.autoconfigure.task.TaskExecutionAutoConfiguration, org.springframework.boot.autoconfigure.cache.CacheAutoConfiguration, org.springframework.boot.autoconfigure.web.servlet.HttpEncodingAutoConfiguration, org.springframework.boot.autoconfigure.validation.ValidationAutoConfiguration, org.springframework.boot.autoconfigure.security.saml2.Saml2RelyingPartyAutoConfiguration, org.springframework.boot.autoconfigure.context.MessageSourceAutoConfiguration, org.springframework.boot.autoconfigure.hateoas.HypermediaAutoConfiguration, org.springframework.boot.autoconfigure.jackson.JacksonAutoConfiguration, org.springframework.boot.autoconfigure.data.web.SpringDataWebAutoConfiguration, org.springframework.boot.test.autoconfigure.web.reactive.WebTestClientAutoConfiguration, org.springframework.boot.autoconfigure.web.servlet.error.ErrorMvcAutoConfiguration, org.springframework.boot.test.autoconfigure.web.servlet.MockMvcAutoConfiguration, org.springframework.boot.autoconfigure.security.servlet.SecurityFilterAutoConfiguration, org.springframework.boot.autoconfigure.http.HttpMessageConvertersAutoConfiguration, org.springframework.boot.autoconfigure.security.oauth2.client.OAuth2ClientAutoConfiguration, org.springframework.boot.test.autoconfigure.web.servlet.MockMvcSecurityConfiguration, org.springframework.boot.test.autoconfigure.web.servlet.MockMvcWebClientAutoConfiguration, org.springframework.boot.test.autoconfigure.web.servlet.MockMvcWebDriverAutoConfiguration, org.springframework.boot.autoconfigure.thymeleaf.ThymeleafAutoConfiguration, org.springframework.boot.autoconfigure.gson.GsonAutoConfiguration, org.springframework.boot.autoconfigure.jsonb.JsonbAutoConfiguration, org.springframework.boot.autoconfigure.freemarker.FreeMarkerAutoConfiguration, org.springframework.boot.autoconfigure.web.servlet.WebMvcAutoConfiguration, org.springframework.boot.autoconfigure.security.servlet.UserDetailsServiceAutoConfiguration, org.springframework.boot.autoconfigure.security.oauth2.resource.servlet.OAuth2ResourceServerAutoConfiguration, org.springframework.boot.autoconfigure.groovy.template.GroovyTemplateAutoConfiguration, org.springframework.boot.autoconfigure.mustache.MustacheAutoConfiguration]], org.springframework.boot.test.context.filter.ExcludeFilterContextCustomizer@16b2bb0c, org.springframework.boot.test.json.DuplicateJsonObjectContextCustomizerFactory$DuplicateJsonObjectContextCustomizer@c7045b9, org.springframework.boot.test.mock.mockito.MockitoContextCustomizer@0, org.springframework.boot.test.web.reactor.netty.DisableReactorResourceFactoryGlobalResourcesContextCustomizerFactory$DisableReactorResourceFactoryGlobalResourcesContextCustomizerCustomizer@9573584, org.springframework.boot.test.autoconfigure.OnFailureConditionReportContextCustomizerFactory$OnFailureConditionReportContextCustomizer@63eef88a, org.springframework.boot.test.autoconfigure.OverrideAutoConfigurationContextCustomizerFactory$DisableAutoConfigurationContextCustomizer@5a9f4771, org.springframework.boot.test.autoconfigure.actuate.observability.ObservabilityContextCustomizerFactory$DisableObservabilityContextCustomizer@1f, org.springframework.boot.test.autoconfigure.filter.TypeExcludeFiltersContextCustomizer@153f8158, org.springframework.boot.test.autoconfigure.properties.PropertyMappingContextCustomizer@d7a61093, org.springframework.boot.test.autoconfigure.web.servlet.WebDriverContextCustomizer@4ff8d125, org.springframework.test.context.bean.override.BeanOverrideContextCustomizer@d3031e9, org.springframework.test.context.support.DynamicPropertiesContextCustomizer@0, org.springframework.boot.test.context.SpringBootTestAnnotation@5eda4a72], resourceBasePath = "src/main/webapp", contextLoader = org.springframework.boot.test.context.SpringBootContextLoader, parent = null]
	at org.springframework.test.context.cache.DefaultCacheAwareContextLoaderDelegate.loadContext(DefaultCacheAwareContextLoaderDelegate.java:145)
	at org.springframework.test.context.support.DefaultTestContext.getApplicationContext(DefaultTestContext.java:130)
	at org.springframework.test.context.bean.override.BeanOverrideTestExecutionListener.injectFields(BeanOverrideTestExecutionListener.java:107)
	at org.springframework.test.context.bean.override.BeanOverrideTestExecutionListener.prepareTestInstance(BeanOverrideTestExecutionListener.java:70)
	at org.springframework.test.context.TestContextManager.prepareTestInstance(TestContextManager.java:260)
	at org.springframework.test.context.junit.jupiter.SpringExtension.postProcessTestInstance(SpringExtension.java:159)
	at org.junit.jupiter.engine.descriptor.ClassBasedTestDescriptor.lambda$invokeTestInstancePostProcessors$10(ClassBasedTestDescriptor.java:383)
	at org.junit.jupiter.engine.descriptor.ClassBasedTestDescriptor.executeAndMaskThrowable(ClassBasedTestDescriptor.java:388)
	at org.junit.jupiter.engine.descriptor.ClassBasedTestDescriptor.lambda$invokeTestInstancePostProcessors$11(ClassBasedTestDescriptor.java:382)
	at java.base/java.util.stream.ForEachOps$ForEachOp$OfRef.accept(ForEachOps.java:183)
	at java.base/java.util.stream.ReferencePipeline$3$1.accept(ReferencePipeline.java:197)
	at java.base/java.util.stream.ReferencePipeline$2$1.accept(ReferencePipeline.java:179)
	at java.base/java.util.stream.ReferencePipeline$3$1.accept(ReferencePipeline.java:197)
	at java.base/java.util.ArrayList$ArrayListSpliterator.forEachRemaining(ArrayList.java:1625)
	at java.base/java.util.stream.AbstractPipeline.copyInto(AbstractPipeline.java:509)
	at java.base/java.util.stream.AbstractPipeline.wrapAndCopyInto(AbstractPipeline.java:499)
	at java.base/java.util.stream.ForEachOps$ForEachOp.evaluateSequential(ForEachOps.java:150)
	at java.base/java.util.stream.ForEachOps$ForEachOp$OfRef.evaluateSequential(ForEachOps.java:173)
	at java.base/java.util.stream.AbstractPipeline.evaluate(AbstractPipeline.java:234)
	at java.base/java.util.stream.ReferencePipeline.forEach(ReferencePipeline.java:596)
	at org.junit.jupiter.engine.descriptor.ClassBasedTestDescriptor.invokeTestInstancePostProcessors(ClassBasedTestDescriptor.java:382)
	at org.junit.jupiter.engine.descriptor.ClassBasedTestDescriptor.lambda$instantiateAndPostProcessTestInstance$6(ClassBasedTestDescriptor.java:293)
	at org.junit.platform.engine.support.hierarchical.ThrowableCollector.execute(ThrowableCollector.java:73)
	at org.junit.jupiter.engine.descriptor.ClassBasedTestDescriptor.instantiateAndPostProcessTestInstance(ClassBasedTestDescriptor.java:292)
	at org.junit.jupiter.engine.descriptor.ClassBasedTestDescriptor.lambda$testInstancesProvider$4(ClassBasedTestDescriptor.java:281)
	at java.base/java.util.Optional.orElseGet(Optional.java:364)
	at org.junit.jupiter.engine.descriptor.ClassBasedTestDescriptor.lambda$testInstancesProvider$5(ClassBasedTestDescriptor.java:280)
	at org.junit.jupiter.engine.execution.TestInstancesProvider.getTestInstances(TestInstancesProvider.java:27)
	at org.junit.jupiter.engine.descriptor.TestMethodTestDescriptor.lambda$prepare$0(TestMethodTestDescriptor.java:112)
	at org.junit.platform.engine.support.hierarchical.ThrowableCollector.execute(ThrowableCollector.java:73)
	at org.junit.jupiter.engine.descriptor.TestMethodTestDescriptor.prepare(TestMethodTestDescriptor.java:111)
	at org.junit.jupiter.engine.descriptor.TestMethodTestDescriptor.prepare(TestMethodTestDescriptor.java:69)
	at org.junit.platform.engine.support.hierarchical.NodeTestTask.lambda$prepare$2(NodeTestTask.java:128)
	at org.junit.platform.engine.support.hierarchical.ThrowableCollector.execute(ThrowableCollector.java:73)
	at org.junit.platform.engine.support.hierarchical.NodeTestTask.prepare(NodeTestTask.java:128)
	at org.junit.platform.engine.support.hierarchical.NodeTestTask.execute(NodeTestTask.java:95)
	at java.base/java.util.ArrayList.forEach(ArrayList.java:1511)
	at org.junit.platform.engine.support.hierarchical.SameThreadHierarchicalTestExecutorService.invokeAll(SameThreadHierarchicalTestExecutorService.java:41)
	at org.junit.platform.engine.support.hierarchical.NodeTestTask.lambda$executeRecursively$6(NodeTestTask.java:160)
	at org.junit.platform.engine.support.hierarchical.ThrowableCollector.execute(ThrowableCollector.java:73)
	at org.junit.platform.engine.support.hierarchical.NodeTestTask.lambda$executeRecursively$8(NodeTestTask.java:146)
	at org.junit.platform.engine.support.hierarchical.Node.around(Node.java:137)
	at org.junit.platform.engine.support.hierarchical.NodeTestTask.lambda$executeRecursively$9(NodeTestTask.java:144)
	at org.junit.platform.engine.support.hierarchical.ThrowableCollector.execute(ThrowableCollector.java:73)
	at org.junit.platform.engine.support.hierarchical.NodeTestTask.executeRecursively(NodeTestTask.java:143)
	at org.junit.platform.engine.support.hierarchical.NodeTestTask.execute(NodeTestTask.java:100)
	at java.base/java.util.ArrayList.forEach(ArrayList.java:1511)
	at org.junit.platform.engine.support.hierarchical.SameThreadHierarchicalTestExecutorService.invokeAll(SameThreadHierarchicalTestExecutorService.java:41)
	at org.junit.platform.engine.support.hierarchical.NodeTestTask.lambda$executeRecursively$6(NodeTestTask.java:160)
	at org.junit.platform.engine.support.hierarchical.ThrowableCollector.execute(ThrowableCollector.java:73)
	at org.junit.platform.engine.support.hierarchical.NodeTestTask.lambda$executeRecursively$8(NodeTestTask.java:146)
	at org.junit.platform.engine.support.hierarchical.Node.around(Node.java:137)
	at org.junit.platform.engine.support.hierarchical.NodeTestTask.lambda$executeRecursively$9(NodeTestTask.java:144)
	at org.junit.platform.engine.support.hierarchical.ThrowableCollector.execute(ThrowableCollector.java:73)
	at org.junit.platform.engine.support.hierarchical.NodeTestTask.executeRecursively(NodeTestTask.java:143)
	at org.junit.platform.engine.support.hierarchical.NodeTestTask.execute(NodeTestTask.java:100)
	at org.junit.platform.engine.support.hierarchical.SameThreadHierarchicalTestExecutorService.submit(SameThreadHierarchicalTestExecutorService.java:35)
	at org.junit.platform.engine.support.hierarchical.HierarchicalTestExecutor.execute(HierarchicalTestExecutor.java:57)
	at org.junit.platform.engine.support.hierarchical.HierarchicalTestEngine.execute(HierarchicalTestEngine.java:54)
	at org.junit.platform.launcher.core.EngineExecutionOrchestrator.execute(EngineExecutionOrchestrator.java:201)
	at org.junit.platform.launcher.core.EngineExecutionOrchestrator.execute(EngineExecutionOrchestrator.java:170)
	at org.junit.platform.launcher.core.EngineExecutionOrchestrator.execute(EngineExecutionOrchestrator.java:94)
	at org.junit.platform.launcher.core.EngineExecutionOrchestrator.lambda$execute$0(EngineExecutionOrchestrator.java:59)
	at org.junit.platform.launcher.core.EngineExecutionOrchestrator.withInterceptedStreams(EngineExecutionOrchestrator.java:142)
	at org.junit.platform.launcher.core.EngineExecutionOrchestrator.execute(EngineExecutionOrchestrator.java:58)
	at org.junit.platform.launcher.core.DefaultLauncher.execute(DefaultLauncher.java:103)
	at org.junit.platform.launcher.core.DefaultLauncher.execute(DefaultLauncher.java:85)
	at org.junit.platform.launcher.core.DelegatingLauncher.execute(DelegatingLauncher.java:47)
	at org.junit.platform.launcher.core.InterceptingLauncher.lambda$execute$1(InterceptingLauncher.java:39)
	at org.junit.platform.launcher.core.ClasspathAlignmentCheckingLauncherInterceptor.intercept(ClasspathAlignmentCheckingLauncherInterceptor.java:25)
	at org.junit.platform.launcher.core.InterceptingLauncher.execute(InterceptingLauncher.java:38)
	at org.junit.platform.launcher.core.DelegatingLauncher.execute(DelegatingLauncher.java:47)
	at org.junit.platform.launcher.core.SessionPerRequestLauncher.execute(SessionPerRequestLauncher.java:63)
	at com.intellij.junit5.JUnit5IdeaTestRunner.startRunnerWithArgs(JUnit5IdeaTestRunner.java:57)
	at com.intellij.rt.junit.IdeaTestRunner$Repeater$1.execute(IdeaTestRunner.java:38)
	at com.intellij.rt.execution.junit.TestsRepeater.repeat(TestsRepeater.java:11)
	at com.intellij.rt.junit.IdeaTestRunner$Repeater.startRunnerWithArgs(IdeaTestRunner.java:35)
	at com.intellij.rt.junit.JUnitStarter.prepareStreamsAndStart(JUnitStarter.java:232)
	at com.intellij.rt.junit.JUnitStarter.main(JUnitStarter.java:55)
2026-05-02 16:54:43 [main] WARN  [IP:  | User Name:  | User ID:  |  ] o.s.test.context.TestContextManager - Caught exception while allowing TestExecutionListener [org.springframework.test.context.bean.override.BeanOverrideTestExecutionListener] to prepare test instance [com.example.eventsphere.controller.AuthControllerTest@42c54bad]
java.lang.IllegalStateException: ApplicationContext failure threshold (1) exceeded: skipping repeated attempt to load context for [WebMergedContextConfiguration@5ebbde60 testClass = com.example.eventsphere.controller.AuthControllerTest, locations = [], classes = [com.example.eventsphere.EventsphereApplication], contextInitializerClasses = [], activeProfiles = [], propertySourceDescriptors = [], propertySourceProperties = ["org.springframework.boot.test.autoconfigure.web.servlet.WebMvcTestContextBootstrapper=true"], contextCustomizers = [[ImportsContextCustomizer@a056b26 key = [org.springframework.boot.autoconfigure.security.oauth2.client.servlet.OAuth2ClientWebSecurityAutoConfiguration, org.springframework.boot.autoconfigure.task.TaskExecutionAutoConfiguration, org.springframework.boot.autoconfigure.cache.CacheAutoConfiguration, org.springframework.boot.autoconfigure.web.servlet.HttpEncodingAutoConfiguration, org.springframework.boot.autoconfigure.validation.ValidationAutoConfiguration, org.springframework.boot.autoconfigure.security.saml2.Saml2RelyingPartyAutoConfiguration, org.springframework.boot.autoconfigure.context.MessageSourceAutoConfiguration, org.springframework.boot.autoconfigure.hateoas.HypermediaAutoConfiguration, org.springframework.boot.autoconfigure.jackson.JacksonAutoConfiguration, org.springframework.boot.autoconfigure.data.web.SpringDataWebAutoConfiguration, org.springframework.boot.test.autoconfigure.web.reactive.WebTestClientAutoConfiguration, org.springframework.boot.autoconfigure.web.servlet.error.ErrorMvcAutoConfiguration, org.springframework.boot.test.autoconfigure.web.servlet.MockMvcAutoConfiguration, org.springframework.boot.autoconfigure.security.servlet.SecurityFilterAutoConfiguration, org.springframework.boot.autoconfigure.http.HttpMessageConvertersAutoConfiguration, org.springframework.boot.autoconfigure.security.oauth2.client.OAuth2ClientAutoConfiguration, org.springframework.boot.test.autoconfigure.web.servlet.MockMvcSecurityConfiguration, org.springframework.boot.test.autoconfigure.web.servlet.MockMvcWebClientAutoConfiguration, org.springframework.boot.test.autoconfigure.web.servlet.MockMvcWebDriverAutoConfiguration, org.springframework.boot.autoconfigure.thymeleaf.ThymeleafAutoConfiguration, org.springframework.boot.autoconfigure.gson.GsonAutoConfiguration, org.springframework.boot.autoconfigure.jsonb.JsonbAutoConfiguration, org.springframework.boot.autoconfigure.freemarker.FreeMarkerAutoConfiguration, org.springframework.boot.autoconfigure.web.servlet.WebMvcAutoConfiguration, org.springframework.boot.autoconfigure.security.servlet.UserDetailsServiceAutoConfiguration, org.springframework.boot.autoconfigure.security.oauth2.resource.servlet.OAuth2ResourceServerAutoConfiguration, org.springframework.boot.autoconfigure.groovy.template.GroovyTemplateAutoConfiguration, org.springframework.boot.autoconfigure.mustache.MustacheAutoConfiguration]], org.springframework.boot.test.context.filter.ExcludeFilterContextCustomizer@16b2bb0c, org.springframework.boot.test.json.DuplicateJsonObjectContextCustomizerFactory$DuplicateJsonObjectContextCustomizer@c7045b9, org.springframework.boot.test.mock.mockito.MockitoContextCustomizer@0, org.springframework.boot.test.web.reactor.netty.DisableReactorResourceFactoryGlobalResourcesContextCustomizerFactory$DisableReactorResourceFactoryGlobalResourcesContextCustomizerCustomizer@9573584, org.springframework.boot.test.autoconfigure.OnFailureConditionReportContextCustomizerFactory$OnFailureConditionReportContextCustomizer@63eef88a, org.springframework.boot.test.autoconfigure.OverrideAutoConfigurationContextCustomizerFactory$DisableAutoConfigurationContextCustomizer@5a9f4771, org.springframework.boot.test.autoconfigure.actuate.observability.ObservabilityContextCustomizerFactory$DisableObservabilityContextCustomizer@1f, org.springframework.boot.test.autoconfigure.filter.TypeExcludeFiltersContextCustomizer@153f8158, org.springframework.boot.test.autoconfigure.properties.PropertyMappingContextCustomizer@d7a61093, org.springframework.boot.test.autoconfigure.web.servlet.WebDriverContextCustomizer@4ff8d125, org.springframework.test.context.bean.override.BeanOverrideContextCustomizer@d3031e9, org.springframework.test.context.support.DynamicPropertiesContextCustomizer@0, org.springframework.boot.test.context.SpringBootTestAnnotation@5eda4a72], resourceBasePath = "src/main/webapp", contextLoader = org.springframework.boot.test.context.SpringBootContextLoader, parent = null]
	at org.springframework.test.context.cache.DefaultCacheAwareContextLoaderDelegate.loadContext(DefaultCacheAwareContextLoaderDelegate.java:145)
	at org.springframework.test.context.support.DefaultTestContext.getApplicationContext(DefaultTestContext.java:130)
	at org.springframework.test.context.bean.override.BeanOverrideTestExecutionListener.injectFields(BeanOverrideTestExecutionListener.java:107)
	at org.springframework.test.context.bean.override.BeanOverrideTestExecutionListener.prepareTestInstance(BeanOverrideTestExecutionListener.java:70)
	at org.springframework.test.context.TestContextManager.prepareTestInstance(TestContextManager.java:260)
	at org.springframework.test.context.junit.jupiter.SpringExtension.postProcessTestInstance(SpringExtension.java:159)
	at org.junit.jupiter.engine.descriptor.ClassBasedTestDescriptor.lambda$invokeTestInstancePostProcessors$10(ClassBasedTestDescriptor.java:383)
	at org.junit.jupiter.engine.descriptor.ClassBasedTestDescriptor.executeAndMaskThrowable(ClassBasedTestDescriptor.java:388)
	at org.junit.jupiter.engine.descriptor.ClassBasedTestDescriptor.lambda$invokeTestInstancePostProcessors$11(ClassBasedTestDescriptor.java:382)
	at java.base/java.util.stream.ForEachOps$ForEachOp$OfRef.accept(ForEachOps.java:183)
	at java.base/java.util.stream.ReferencePipeline$3$1.accept(ReferencePipeline.java:197)
	at java.base/java.util.stream.ReferencePipeline$2$1.accept(ReferencePipeline.java:179)
	at java.base/java.util.stream.ReferencePipeline$3$1.accept(ReferencePipeline.java:197)
	at java.base/java.util.ArrayList$ArrayListSpliterator.forEachRemaining(ArrayList.java:1625)
	at java.base/java.util.stream.AbstractPipeline.copyInto(AbstractPipeline.java:509)
	at java.base/java.util.stream.AbstractPipeline.wrapAndCopyInto(AbstractPipeline.java:499)
	at java.base/java.util.stream.ForEachOps$ForEachOp.evaluateSequential(ForEachOps.java:150)
	at java.base/java.util.stream.ForEachOps$ForEachOp$OfRef.evaluateSequential(ForEachOps.java:173)
	at java.base/java.util.stream.AbstractPipeline.evaluate(AbstractPipeline.java:234)
	at java.base/java.util.stream.ReferencePipeline.forEach(ReferencePipeline.java:596)
	at org.junit.jupiter.engine.descriptor.ClassBasedTestDescriptor.invokeTestInstancePostProcessors(ClassBasedTestDescriptor.java:382)
	at org.junit.jupiter.engine.descriptor.ClassBasedTestDescriptor.lambda$instantiateAndPostProcessTestInstance$6(ClassBasedTestDescriptor.java:293)
	at org.junit.platform.engine.support.hierarchical.ThrowableCollector.execute(ThrowableCollector.java:73)
	at org.junit.jupiter.engine.descriptor.ClassBasedTestDescriptor.instantiateAndPostProcessTestInstance(ClassBasedTestDescriptor.java:292)
	at org.junit.jupiter.engine.descriptor.ClassBasedTestDescriptor.lambda$testInstancesProvider$4(ClassBasedTestDescriptor.java:281)
	at java.base/java.util.Optional.orElseGet(Optional.java:364)
	at org.junit.jupiter.engine.descriptor.ClassBasedTestDescriptor.lambda$testInstancesProvider$5(ClassBasedTestDescriptor.java:280)
	at org.junit.jupiter.engine.execution.TestInstancesProvider.getTestInstances(TestInstancesProvider.java:27)
	at org.junit.jupiter.engine.descriptor.TestMethodTestDescriptor.lambda$prepare$0(TestMethodTestDescriptor.java:112)
	at org.junit.platform.engine.support.hierarchical.ThrowableCollector.execute(ThrowableCollector.java:73)
	at org.junit.jupiter.engine.descriptor.TestMethodTestDescriptor.prepare(TestMethodTestDescriptor.java:111)
	at org.junit.jupiter.engine.descriptor.TestMethodTestDescriptor.prepare(TestMethodTestDescriptor.java:69)
	at org.junit.platform.engine.support.hierarchical.NodeTestTask.lambda$prepare$2(NodeTestTask.java:128)
	at org.junit.platform.engine.support.hierarchical.ThrowableCollector.execute(ThrowableCollector.java:73)
	at org.junit.platform.engine.support.hierarchical.NodeTestTask.prepare(NodeTestTask.java:128)
	at org.junit.platform.engine.support.hierarchical.NodeTestTask.execute(NodeTestTask.java:95)
	at java.base/java.util.ArrayList.forEach(ArrayList.java:1511)
	at org.junit.platform.engine.support.hierarchical.SameThreadHierarchicalTestExecutorService.invokeAll(SameThreadHierarchicalTestExecutorService.java:41)
	at org.junit.platform.engine.support.hierarchical.NodeTestTask.lambda$executeRecursively$6(NodeTestTask.java:160)
	at org.junit.platform.engine.support.hierarchical.ThrowableCollector.execute(ThrowableCollector.java:73)
	at org.junit.platform.engine.support.hierarchical.NodeTestTask.lambda$executeRecursively$8(NodeTestTask.java:146)
	at org.junit.platform.engine.support.hierarchical.Node.around(Node.java:137)
	at org.junit.platform.engine.support.hierarchical.NodeTestTask.lambda$executeRecursively$9(NodeTestTask.java:144)
	at org.junit.platform.engine.support.hierarchical.ThrowableCollector.execute(ThrowableCollector.java:73)
	at org.junit.platform.engine.support.hierarchical.NodeTestTask.executeRecursively(NodeTestTask.java:143)
	at org.junit.platform.engine.support.hierarchical.NodeTestTask.execute(NodeTestTask.java:100)
	at java.base/java.util.ArrayList.forEach(ArrayList.java:1511)
	at org.junit.platform.engine.support.hierarchical.SameThreadHierarchicalTestExecutorService.invokeAll(SameThreadHierarchicalTestExecutorService.java:41)
	at org.junit.platform.engine.support.hierarchical.NodeTestTask.lambda$executeRecursively$6(NodeTestTask.java:160)
	at org.junit.platform.engine.support.hierarchical.ThrowableCollector.execute(ThrowableCollector.java:73)
	at org.junit.platform.engine.support.hierarchical.NodeTestTask.lambda$executeRecursively$8(NodeTestTask.java:146)
	at org.junit.platform.engine.support.hierarchical.Node.around(Node.java:137)
	at org.junit.platform.engine.support.hierarchical.NodeTestTask.lambda$executeRecursively$9(NodeTestTask.java:144)
	at org.junit.platform.engine.support.hierarchical.ThrowableCollector.execute(ThrowableCollector.java:73)
	at org.junit.platform.engine.support.hierarchical.NodeTestTask.executeRecursively(NodeTestTask.java:143)
	at org.junit.platform.engine.support.hierarchical.NodeTestTask.execute(NodeTestTask.java:100)
	at org.junit.platform.engine.support.hierarchical.SameThreadHierarchicalTestExecutorService.submit(SameThreadHierarchicalTestExecutorService.java:35)
	at org.junit.platform.engine.support.hierarchical.HierarchicalTestExecutor.execute(HierarchicalTestExecutor.java:57)
	at org.junit.platform.engine.support.hierarchical.HierarchicalTestEngine.execute(HierarchicalTestEngine.java:54)
	at org.junit.platform.launcher.core.EngineExecutionOrchestrator.execute(EngineExecutionOrchestrator.java:201)
	at org.junit.platform.launcher.core.EngineExecutionOrchestrator.execute(EngineExecutionOrchestrator.java:170)
	at org.junit.platform.launcher.core.EngineExecutionOrchestrator.execute(EngineExecutionOrchestrator.java:94)
	at org.junit.platform.launcher.core.EngineExecutionOrchestrator.lambda$execute$0(EngineExecutionOrchestrator.java:59)
	at org.junit.platform.launcher.core.EngineExecutionOrchestrator.withInterceptedStreams(EngineExecutionOrchestrator.java:142)
	at org.junit.platform.launcher.core.EngineExecutionOrchestrator.execute(EngineExecutionOrchestrator.java:58)
	at org.junit.platform.launcher.core.DefaultLauncher.execute(DefaultLauncher.java:103)
	at org.junit.platform.launcher.core.DefaultLauncher.execute(DefaultLauncher.java:85)
	at org.junit.platform.launcher.core.DelegatingLauncher.execute(DelegatingLauncher.java:47)
	at org.junit.platform.launcher.core.InterceptingLauncher.lambda$execute$1(InterceptingLauncher.java:39)
	at org.junit.platform.launcher.core.ClasspathAlignmentCheckingLauncherInterceptor.intercept(ClasspathAlignmentCheckingLauncherInterceptor.java:25)
	at org.junit.platform.launcher.core.InterceptingLauncher.execute(InterceptingLauncher.java:38)
	at org.junit.platform.launcher.core.DelegatingLauncher.execute(DelegatingLauncher.java:47)
	at org.junit.platform.launcher.core.SessionPerRequestLauncher.execute(SessionPerRequestLauncher.java:63)
	at com.intellij.junit5.JUnit5IdeaTestRunner.startRunnerWithArgs(JUnit5IdeaTestRunner.java:57)
	at com.intellij.rt.junit.IdeaTestRunner$Repeater$1.execute(IdeaTestRunner.java:38)
	at com.intellij.rt.execution.junit.TestsRepeater.repeat(TestsRepeater.java:11)
	at com.intellij.rt.junit.IdeaTestRunner$Repeater.startRunnerWithArgs(IdeaTestRunner.java:35)
	at com.intellij.rt.junit.JUnitStarter.prepareStreamsAndStart(JUnitStarter.java:232)
	at com.intellij.rt.junit.JUnitStarter.main(JUnitStarter.java:55)
2026-05-02 16:54:43 [main] WARN  [IP:  | User Name:  | User ID:  |  ] o.s.test.context.TestContextManager - Caught exception while allowing TestExecutionListener [org.springframework.test.context.bean.override.BeanOverrideTestExecutionListener] to prepare test instance [com.example.eventsphere.controller.AuthControllerTest@5cc1bf20]
java.lang.IllegalStateException: ApplicationContext failure threshold (1) exceeded: skipping repeated attempt to load context for [WebMergedContextConfiguration@5ebbde60 testClass = com.example.eventsphere.controller.AuthControllerTest, locations = [], classes = [com.example.eventsphere.EventsphereApplication], contextInitializerClasses = [], activeProfiles = [], propertySourceDescriptors = [], propertySourceProperties = ["org.springframework.boot.test.autoconfigure.web.servlet.WebMvcTestContextBootstrapper=true"], contextCustomizers = [[ImportsContextCustomizer@a056b26 key = [org.springframework.boot.autoconfigure.security.oauth2.client.servlet.OAuth2ClientWebSecurityAutoConfiguration, org.springframework.boot.autoconfigure.task.TaskExecutionAutoConfiguration, org.springframework.boot.autoconfigure.cache.CacheAutoConfiguration, org.springframework.boot.autoconfigure.web.servlet.HttpEncodingAutoConfiguration, org.springframework.boot.autoconfigure.validation.ValidationAutoConfiguration, org.springframework.boot.autoconfigure.security.saml2.Saml2RelyingPartyAutoConfiguration, org.springframework.boot.autoconfigure.context.MessageSourceAutoConfiguration, org.springframework.boot.autoconfigure.hateoas.HypermediaAutoConfiguration, org.springframework.boot.autoconfigure.jackson.JacksonAutoConfiguration, org.springframework.boot.autoconfigure.data.web.SpringDataWebAutoConfiguration, org.springframework.boot.test.autoconfigure.web.reactive.WebTestClientAutoConfiguration, org.springframework.boot.autoconfigure.web.servlet.error.ErrorMvcAutoConfiguration, org.springframework.boot.test.autoconfigure.web.servlet.MockMvcAutoConfiguration, org.springframework.boot.autoconfigure.security.servlet.SecurityFilterAutoConfiguration, org.springframework.boot.autoconfigure.http.HttpMessageConvertersAutoConfiguration, org.springframework.boot.autoconfigure.security.oauth2.client.OAuth2ClientAutoConfiguration, org.springframework.boot.test.autoconfigure.web.servlet.MockMvcSecurityConfiguration, org.springframework.boot.test.autoconfigure.web.servlet.MockMvcWebClientAutoConfiguration, org.springframework.boot.test.autoconfigure.web.servlet.MockMvcWebDriverAutoConfiguration, org.springframework.boot.autoconfigure.thymeleaf.ThymeleafAutoConfiguration, org.springframework.boot.autoconfigure.gson.GsonAutoConfiguration, org.springframework.boot.autoconfigure.jsonb.JsonbAutoConfiguration, org.springframework.boot.autoconfigure.freemarker.FreeMarkerAutoConfiguration, org.springframework.boot.autoconfigure.web.servlet.WebMvcAutoConfiguration, org.springframework.boot.autoconfigure.security.servlet.UserDetailsServiceAutoConfiguration, org.springframework.boot.autoconfigure.security.oauth2.resource.servlet.OAuth2ResourceServerAutoConfiguration, org.springframework.boot.autoconfigure.groovy.template.GroovyTemplateAutoConfiguration, org.springframework.boot.autoconfigure.mustache.MustacheAutoConfiguration]], org.springframework.boot.test.context.filter.ExcludeFilterContextCustomizer@16b2bb0c, org.springframework.boot.test.json.DuplicateJsonObjectContextCustomizerFactory$DuplicateJsonObjectContextCustomizer@c7045b9, org.springframework.boot.test.mock.mockito.MockitoContextCustomizer@0, org.springframework.boot.test.web.reactor.netty.DisableReactorResourceFactoryGlobalResourcesContextCustomizerFactory$DisableReactorResourceFactoryGlobalResourcesContextCustomizerCustomizer@9573584, org.springframework.boot.test.autoconfigure.OnFailureConditionReportContextCustomizerFactory$OnFailureConditionReportContextCustomizer@63eef88a, org.springframework.boot.test.autoconfigure.OverrideAutoConfigurationContextCustomizerFactory$DisableAutoConfigurationContextCustomizer@5a9f4771, org.springframework.boot.test.autoconfigure.actuate.observability.ObservabilityContextCustomizerFactory$DisableObservabilityContextCustomizer@1f, org.springframework.boot.test.autoconfigure.filter.TypeExcludeFiltersContextCustomizer@153f8158, org.springframework.boot.test.autoconfigure.properties.PropertyMappingContextCustomizer@d7a61093, org.springframework.boot.test.autoconfigure.web.servlet.WebDriverContextCustomizer@4ff8d125, org.springframework.test.context.bean.override.BeanOverrideContextCustomizer@d3031e9, org.springframework.test.context.support.DynamicPropertiesContextCustomizer@0, org.springframework.boot.test.context.SpringBootTestAnnotation@5eda4a72], resourceBasePath = "src/main/webapp", contextLoader = org.springframework.boot.test.context.SpringBootContextLoader, parent = null]
	at org.springframework.test.context.cache.DefaultCacheAwareContextLoaderDelegate.loadContext(DefaultCacheAwareContextLoaderDelegate.java:145)
	at org.springframework.test.context.support.DefaultTestContext.getApplicationContext(DefaultTestContext.java:130)
	at org.springframework.test.context.bean.override.BeanOverrideTestExecutionListener.injectFields(BeanOverrideTestExecutionListener.java:107)
	at org.springframework.test.context.bean.override.BeanOverrideTestExecutionListener.prepareTestInstance(BeanOverrideTestExecutionListener.java:70)
	at org.springframework.test.context.TestContextManager.prepareTestInstance(TestContextManager.java:260)
	at org.springframework.test.context.junit.jupiter.SpringExtension.postProcessTestInstance(SpringExtension.java:159)
	at org.junit.jupiter.engine.descriptor.ClassBasedTestDescriptor.lambda$invokeTestInstancePostProcessors$10(ClassBasedTestDescriptor.java:383)
	at org.junit.jupiter.engine.descriptor.ClassBasedTestDescriptor.executeAndMaskThrowable(ClassBasedTestDescriptor.java:388)
	at org.junit.jupiter.engine.descriptor.ClassBasedTestDescriptor.lambda$invokeTestInstancePostProcessors$11(ClassBasedTestDescriptor.java:382)
	at java.base/java.util.stream.ForEachOps$ForEachOp$OfRef.accept(ForEachOps.java:183)
	at java.base/java.util.stream.ReferencePipeline$3$1.accept(ReferencePipeline.java:197)
	at java.base/java.util.stream.ReferencePipeline$2$1.accept(ReferencePipeline.java:179)
	at java.base/java.util.stream.ReferencePipeline$3$1.accept(ReferencePipeline.java:197)
	at java.base/java.util.ArrayList$ArrayListSpliterator.forEachRemaining(ArrayList.java:1625)
	at java.base/java.util.stream.AbstractPipeline.copyInto(AbstractPipeline.java:509)
	at java.base/java.util.stream.AbstractPipeline.wrapAndCopyInto(AbstractPipeline.java:499)
	at java.base/java.util.stream.ForEachOps$ForEachOp.evaluateSequential(ForEachOps.java:150)
	at java.base/java.util.stream.ForEachOps$ForEachOp$OfRef.evaluateSequential(ForEachOps.java:173)
	at java.base/java.util.stream.AbstractPipeline.evaluate(AbstractPipeline.java:234)
	at java.base/java.util.stream.ReferencePipeline.forEach(ReferencePipeline.java:596)
	at org.junit.jupiter.engine.descriptor.ClassBasedTestDescriptor.invokeTestInstancePostProcessors(ClassBasedTestDescriptor.java:382)
	at org.junit.jupiter.engine.descriptor.ClassBasedTestDescriptor.lambda$instantiateAndPostProcessTestInstance$6(ClassBasedTestDescriptor.java:293)
	at org.junit.platform.engine.support.hierarchical.ThrowableCollector.execute(ThrowableCollector.java:73)
	at org.junit.jupiter.engine.descriptor.ClassBasedTestDescriptor.instantiateAndPostProcessTestInstance(ClassBasedTestDescriptor.java:292)
	at org.junit.jupiter.engine.descriptor.ClassBasedTestDescriptor.lambda$testInstancesProvider$4(ClassBasedTestDescriptor.java:281)
	at java.base/java.util.Optional.orElseGet(Optional.java:364)
	at org.junit.jupiter.engine.descriptor.ClassBasedTestDescriptor.lambda$testInstancesProvider$5(ClassBasedTestDescriptor.java:280)
	at org.junit.jupiter.engine.execution.TestInstancesProvider.getTestInstances(TestInstancesProvider.java:27)
	at org.junit.jupiter.engine.descriptor.TestMethodTestDescriptor.lambda$prepare$0(TestMethodTestDescriptor.java:112)
	at org.junit.platform.engine.support.hierarchical.ThrowableCollector.execute(ThrowableCollector.java:73)
	at org.junit.jupiter.engine.descriptor.TestMethodTestDescriptor.prepare(TestMethodTestDescriptor.java:111)
	at org.junit.jupiter.engine.descriptor.TestMethodTestDescriptor.prepare(TestMethodTestDescriptor.java:69)
	at org.junit.platform.engine.support.hierarchical.NodeTestTask.lambda$prepare$2(NodeTestTask.java:128)
	at org.junit.platform.engine.support.hierarchical.ThrowableCollector.execute(ThrowableCollector.java:73)
	at org.junit.platform.engine.support.hierarchical.NodeTestTask.prepare(NodeTestTask.java:128)
	at org.junit.platform.engine.support.hierarchical.NodeTestTask.execute(NodeTestTask.java:95)
	at java.base/java.util.ArrayList.forEach(ArrayList.java:1511)
	at org.junit.platform.engine.support.hierarchical.SameThreadHierarchicalTestExecutorService.invokeAll(SameThreadHierarchicalTestExecutorService.java:41)
	at org.junit.platform.engine.support.hierarchical.NodeTestTask.lambda$executeRecursively$6(NodeTestTask.java:160)
	at org.junit.platform.engine.support.hierarchical.ThrowableCollector.execute(ThrowableCollector.java:73)
	at org.junit.platform.engine.support.hierarchical.NodeTestTask.lambda$executeRecursively$8(NodeTestTask.java:146)
	at org.junit.platform.engine.support.hierarchical.Node.around(Node.java:137)
	at org.junit.platform.engine.support.hierarchical.NodeTestTask.lambda$executeRecursively$9(NodeTestTask.java:144)
	at org.junit.platform.engine.support.hierarchical.ThrowableCollector.execute(ThrowableCollector.java:73)
	at org.junit.platform.engine.support.hierarchical.NodeTestTask.executeRecursively(NodeTestTask.java:143)
	at org.junit.platform.engine.support.hierarchical.NodeTestTask.execute(NodeTestTask.java:100)
	at java.base/java.util.ArrayList.forEach(ArrayList.java:1511)
	at org.junit.platform.engine.support.hierarchical.SameThreadHierarchicalTestExecutorService.invokeAll(SameThreadHierarchicalTestExecutorService.java:41)
	at org.junit.platform.engine.support.hierarchical.NodeTestTask.lambda$executeRecursively$6(NodeTestTask.java:160)
	at org.junit.platform.engine.support.hierarchical.ThrowableCollector.execute(ThrowableCollector.java:73)
	at org.junit.platform.engine.support.hierarchical.NodeTestTask.lambda$executeRecursively$8(NodeTestTask.java:146)
	at org.junit.platform.engine.support.hierarchical.Node.around(Node.java:137)
	at org.junit.platform.engine.support.hierarchical.NodeTestTask.lambda$executeRecursively$9(NodeTestTask.java:144)
	at org.junit.platform.engine.support.hierarchical.ThrowableCollector.execute(ThrowableCollector.java:73)
	at org.junit.platform.engine.support.hierarchical.NodeTestTask.executeRecursively(NodeTestTask.java:143)
	at org.junit.platform.engine.support.hierarchical.NodeTestTask.execute(NodeTestTask.java:100)
	at org.junit.platform.engine.support.hierarchical.SameThreadHierarchicalTestExecutorService.submit(SameThreadHierarchicalTestExecutorService.java:35)
	at org.junit.platform.engine.support.hierarchical.HierarchicalTestExecutor.execute(HierarchicalTestExecutor.java:57)
	at org.junit.platform.engine.support.hierarchical.HierarchicalTestEngine.execute(HierarchicalTestEngine.java:54)
	at org.junit.platform.launcher.core.EngineExecutionOrchestrator.execute(EngineExecutionOrchestrator.java:201)
	at org.junit.platform.launcher.core.EngineExecutionOrchestrator.execute(EngineExecutionOrchestrator.java:170)
	at org.junit.platform.launcher.core.EngineExecutionOrchestrator.execute(EngineExecutionOrchestrator.java:94)
	at org.junit.platform.launcher.core.EngineExecutionOrchestrator.lambda$execute$0(EngineExecutionOrchestrator.java:59)
	at org.junit.platform.launcher.core.EngineExecutionOrchestrator.withInterceptedStreams(EngineExecutionOrchestrator.java:142)
	at org.junit.platform.launcher.core.EngineExecutionOrchestrator.execute(EngineExecutionOrchestrator.java:58)
	at org.junit.platform.launcher.core.DefaultLauncher.execute(DefaultLauncher.java:103)
	at org.junit.platform.launcher.core.DefaultLauncher.execute(DefaultLauncher.java:85)
	at org.junit.platform.launcher.core.DelegatingLauncher.execute(DelegatingLauncher.java:47)
	at org.junit.platform.launcher.core.InterceptingLauncher.lambda$execute$1(InterceptingLauncher.java:39)
	at org.junit.platform.launcher.core.ClasspathAlignmentCheckingLauncherInterceptor.intercept(ClasspathAlignmentCheckingLauncherInterceptor.java:25)
	at org.junit.platform.launcher.core.InterceptingLauncher.execute(InterceptingLauncher.java:38)
	at org.junit.platform.launcher.core.DelegatingLauncher.execute(DelegatingLauncher.java:47)
	at org.junit.platform.launcher.core.SessionPerRequestLauncher.execute(SessionPerRequestLauncher.java:63)
	at com.intellij.junit5.JUnit5IdeaTestRunner.startRunnerWithArgs(JUnit5IdeaTestRunner.java:57)
	at com.intellij.rt.junit.IdeaTestRunner$Repeater$1.execute(IdeaTestRunner.java:38)
	at com.intellij.rt.execution.junit.TestsRepeater.repeat(TestsRepeater.java:11)
	at com.intellij.rt.junit.IdeaTestRunner$Repeater.startRunnerWithArgs(IdeaTestRunner.java:35)
	at com.intellij.rt.junit.JUnitStarter.prepareStreamsAndStart(JUnitStarter.java:232)
	at com.intellij.rt.junit.JUnitStarter.main(JUnitStarter.java:55)
2026-05-02 16:57:23 [background-preinit] INFO  [IP:  | User Name:  | User ID:  |  ] o.h.validator.internal.util.Version - HV000001: Hibernate Validator 8.0.3.Final
2026-05-02 16:57:24 [main] INFO  [IP:  | User Name:  | User ID:  |  ] c.e.e.controller.AuthControllerTest - Starting AuthControllerTest using Java 17.0.14 with PID 24248 (started by AMU in D:\SpringBoot\eventsphere)
2026-05-02 16:57:24 [main] INFO  [IP:  | User Name:  | User ID:  |  ] c.e.e.controller.AuthControllerTest - No active profile set, falling back to 1 default profile: "default"
2026-05-02 16:57:29 [main] WARN  [IP:  | User Name:  | User ID:  |  ] o.s.w.c.s.GenericWebApplicationContext - Exception encountered during context initialization - cancelling refresh attempt: org.springframework.beans.factory.UnsatisfiedDependencyException: Error creating bean with name 'requestLoggingFilter' defined in file [D:\SpringBoot\eventsphere\target\classes\com\example\eventsphere\filter\RequestLoggingFilter.class]: Unsatisfied dependency expressed through constructor parameter 0: No qualifying bean of type 'com.example.eventsphere.utils.SecurityUtil' available: expected at least 1 bean which qualifies as autowire candidate. Dependency annotations: {}
2026-05-02 16:57:29 [main] INFO  [IP:  | User Name:  | User ID:  |  ] o.s.b.a.l.ConditionEvaluationReportLogger - 

Error starting ApplicationContext. To display the condition evaluation report re-run your application with 'debug' enabled.
2026-05-02 16:57:29 [main] ERROR [IP:  | User Name:  | User ID:  |  ] o.s.b.d.LoggingFailureAnalysisReporter - 

***************************
APPLICATION FAILED TO START
***************************

Description:

Parameter 0 of constructor in com.example.eventsphere.filter.RequestLoggingFilter required a bean of type 'com.example.eventsphere.utils.SecurityUtil' that could not be found.


Action:

Consider defining a bean of type 'com.example.eventsphere.utils.SecurityUtil' in your configuration.

2026-05-02 16:57:29 [main] WARN  [IP:  | User Name:  | User ID:  |  ] o.s.test.context.TestContextManager - Caught exception while allowing TestExecutionListener [org.springframework.test.context.bean.override.BeanOverrideTestExecutionListener] to prepare test instance [com.example.eventsphere.controller.AuthControllerTest@22da200e]
java.lang.IllegalStateException: Failed to load ApplicationContext for [WebMergedContextConfiguration@11399548 testClass = com.example.eventsphere.controller.AuthControllerTest, locations = [], classes = [com.example.eventsphere.EventsphereApplication], contextInitializerClasses = [], activeProfiles = [], propertySourceDescriptors = [], propertySourceProperties = ["org.springframework.boot.test.autoconfigure.web.servlet.WebMvcTestContextBootstrapper=true"], contextCustomizers = [[ImportsContextCustomizer@610fbe1c key = [org.springframework.boot.autoconfigure.security.oauth2.client.servlet.OAuth2ClientWebSecurityAutoConfiguration, org.springframework.boot.autoconfigure.task.TaskExecutionAutoConfiguration, org.springframework.boot.autoconfigure.cache.CacheAutoConfiguration, org.springframework.boot.autoconfigure.web.servlet.HttpEncodingAutoConfiguration, org.springframework.boot.autoconfigure.validation.ValidationAutoConfiguration, org.springframework.boot.autoconfigure.security.saml2.Saml2RelyingPartyAutoConfiguration, org.springframework.boot.autoconfigure.context.MessageSourceAutoConfiguration, org.springframework.boot.autoconfigure.hateoas.HypermediaAutoConfiguration, org.springframework.boot.autoconfigure.jackson.JacksonAutoConfiguration, org.springframework.boot.autoconfigure.data.web.SpringDataWebAutoConfiguration, org.springframework.boot.test.autoconfigure.web.reactive.WebTestClientAutoConfiguration, org.springframework.boot.autoconfigure.web.servlet.error.ErrorMvcAutoConfiguration, org.springframework.boot.test.autoconfigure.web.servlet.MockMvcAutoConfiguration, org.springframework.boot.autoconfigure.security.servlet.SecurityFilterAutoConfiguration, org.springframework.boot.autoconfigure.http.HttpMessageConvertersAutoConfiguration, org.springframework.boot.autoconfigure.security.oauth2.client.OAuth2ClientAutoConfiguration, org.springframework.boot.test.autoconfigure.web.servlet.MockMvcSecurityConfiguration, org.springframework.boot.test.autoconfigure.web.servlet.MockMvcWebClientAutoConfiguration, org.springframework.boot.test.autoconfigure.web.servlet.MockMvcWebDriverAutoConfiguration, org.springframework.boot.autoconfigure.thymeleaf.ThymeleafAutoConfiguration, org.springframework.boot.autoconfigure.gson.GsonAutoConfiguration, org.springframework.boot.autoconfigure.jsonb.JsonbAutoConfiguration, org.springframework.boot.autoconfigure.freemarker.FreeMarkerAutoConfiguration, org.springframework.boot.autoconfigure.web.servlet.WebMvcAutoConfiguration, org.springframework.boot.autoconfigure.security.servlet.UserDetailsServiceAutoConfiguration, org.springframework.boot.autoconfigure.security.oauth2.resource.servlet.OAuth2ResourceServerAutoConfiguration, org.springframework.boot.autoconfigure.groovy.template.GroovyTemplateAutoConfiguration, org.springframework.boot.autoconfigure.mustache.MustacheAutoConfiguration]], org.springframework.boot.test.context.filter.ExcludeFilterContextCustomizer@39d9314d, org.springframework.boot.test.json.DuplicateJsonObjectContextCustomizerFactory$DuplicateJsonObjectContextCustomizer@5c45d770, org.springframework.boot.test.mock.mockito.MockitoContextCustomizer@0, org.springframework.boot.test.web.reactor.netty.DisableReactorResourceFactoryGlobalResourcesContextCustomizerFactory$DisableReactorResourceFactoryGlobalResourcesContextCustomizerCustomizer@258d79be, org.springframework.boot.test.autoconfigure.OnFailureConditionReportContextCustomizerFactory$OnFailureConditionReportContextCustomizer@176b75f7, org.springframework.boot.test.autoconfigure.OverrideAutoConfigurationContextCustomizerFactory$DisableAutoConfigurationContextCustomizer@3b8f0a79, org.springframework.boot.test.autoconfigure.actuate.observability.ObservabilityContextCustomizerFactory$DisableObservabilityContextCustomizer@1f, org.springframework.boot.test.autoconfigure.filter.TypeExcludeFiltersContextCustomizer@eabdd802, org.springframework.boot.test.autoconfigure.properties.PropertyMappingContextCustomizer@d7a61093, org.springframework.boot.test.autoconfigure.web.servlet.WebDriverContextCustomizer@19c65cdc, org.springframework.test.context.bean.override.BeanOverrideContextCustomizer@25b1059b, org.springframework.test.context.support.DynamicPropertiesContextCustomizer@0, org.springframework.boot.test.context.SpringBootTestAnnotation@4b16a88c], resourceBasePath = "src/main/webapp", contextLoader = org.springframework.boot.test.context.SpringBootContextLoader, parent = null]
	at org.springframework.test.context.cache.DefaultCacheAwareContextLoaderDelegate.loadContext(DefaultCacheAwareContextLoaderDelegate.java:180)
	at org.springframework.test.context.support.DefaultTestContext.getApplicationContext(DefaultTestContext.java:130)
	at org.springframework.test.context.bean.override.BeanOverrideTestExecutionListener.injectFields(BeanOverrideTestExecutionListener.java:107)
	at org.springframework.test.context.bean.override.BeanOverrideTestExecutionListener.prepareTestInstance(BeanOverrideTestExecutionListener.java:70)
	at org.springframework.test.context.TestContextManager.prepareTestInstance(TestContextManager.java:260)
	at org.springframework.test.context.junit.jupiter.SpringExtension.postProcessTestInstance(SpringExtension.java:159)
	at org.junit.jupiter.engine.descriptor.ClassBasedTestDescriptor.lambda$invokeTestInstancePostProcessors$10(ClassBasedTestDescriptor.java:383)
	at org.junit.jupiter.engine.descriptor.ClassBasedTestDescriptor.executeAndMaskThrowable(ClassBasedTestDescriptor.java:388)
	at org.junit.jupiter.engine.descriptor.ClassBasedTestDescriptor.lambda$invokeTestInstancePostProcessors$11(ClassBasedTestDescriptor.java:382)
	at java.base/java.util.stream.ForEachOps$ForEachOp$OfRef.accept(ForEachOps.java:183)
	at java.base/java.util.stream.ReferencePipeline$3$1.accept(ReferencePipeline.java:197)
	at java.base/java.util.stream.ReferencePipeline$2$1.accept(ReferencePipeline.java:179)
	at java.base/java.util.stream.ReferencePipeline$3$1.accept(ReferencePipeline.java:197)
	at java.base/java.util.ArrayList$ArrayListSpliterator.forEachRemaining(ArrayList.java:1625)
	at java.base/java.util.stream.AbstractPipeline.copyInto(AbstractPipeline.java:509)
	at java.base/java.util.stream.AbstractPipeline.wrapAndCopyInto(AbstractPipeline.java:499)
	at java.base/java.util.stream.ForEachOps$ForEachOp.evaluateSequential(ForEachOps.java:150)
	at java.base/java.util.stream.ForEachOps$ForEachOp$OfRef.evaluateSequential(ForEachOps.java:173)
	at java.base/java.util.stream.AbstractPipeline.evaluate(AbstractPipeline.java:234)
	at java.base/java.util.stream.ReferencePipeline.forEach(ReferencePipeline.java:596)
	at org.junit.jupiter.engine.descriptor.ClassBasedTestDescriptor.invokeTestInstancePostProcessors(ClassBasedTestDescriptor.java:382)
	at org.junit.jupiter.engine.descriptor.ClassBasedTestDescriptor.lambda$instantiateAndPostProcessTestInstance$6(ClassBasedTestDescriptor.java:293)
	at org.junit.platform.engine.support.hierarchical.ThrowableCollector.execute(ThrowableCollector.java:73)
	at org.junit.jupiter.engine.descriptor.ClassBasedTestDescriptor.instantiateAndPostProcessTestInstance(ClassBasedTestDescriptor.java:292)
	at org.junit.jupiter.engine.descriptor.ClassBasedTestDescriptor.lambda$testInstancesProvider$4(ClassBasedTestDescriptor.java:281)
	at java.base/java.util.Optional.orElseGet(Optional.java:364)
	at org.junit.jupiter.engine.descriptor.ClassBasedTestDescriptor.lambda$testInstancesProvider$5(ClassBasedTestDescriptor.java:280)
	at org.junit.jupiter.engine.execution.TestInstancesProvider.getTestInstances(TestInstancesProvider.java:27)
	at org.junit.jupiter.engine.descriptor.TestMethodTestDescriptor.lambda$prepare$0(TestMethodTestDescriptor.java:112)
	at org.junit.platform.engine.support.hierarchical.ThrowableCollector.execute(ThrowableCollector.java:73)
	at org.junit.jupiter.engine.descriptor.TestMethodTestDescriptor.prepare(TestMethodTestDescriptor.java:111)
	at org.junit.jupiter.engine.descriptor.TestMethodTestDescriptor.prepare(TestMethodTestDescriptor.java:69)
	at org.junit.platform.engine.support.hierarchical.NodeTestTask.lambda$prepare$2(NodeTestTask.java:128)
	at org.junit.platform.engine.support.hierarchical.ThrowableCollector.execute(ThrowableCollector.java:73)
	at org.junit.platform.engine.support.hierarchical.NodeTestTask.prepare(NodeTestTask.java:128)
	at org.junit.platform.engine.support.hierarchical.NodeTestTask.execute(NodeTestTask.java:95)
	at java.base/java.util.ArrayList.forEach(ArrayList.java:1511)
	at org.junit.platform.engine.support.hierarchical.SameThreadHierarchicalTestExecutorService.invokeAll(SameThreadHierarchicalTestExecutorService.java:41)
	at org.junit.platform.engine.support.hierarchical.NodeTestTask.lambda$executeRecursively$6(NodeTestTask.java:160)
	at org.junit.platform.engine.support.hierarchical.ThrowableCollector.execute(ThrowableCollector.java:73)
	at org.junit.platform.engine.support.hierarchical.NodeTestTask.lambda$executeRecursively$8(NodeTestTask.java:146)
	at org.junit.platform.engine.support.hierarchical.Node.around(Node.java:137)
	at org.junit.platform.engine.support.hierarchical.NodeTestTask.lambda$executeRecursively$9(NodeTestTask.java:144)
	at org.junit.platform.engine.support.hierarchical.ThrowableCollector.execute(ThrowableCollector.java:73)
	at org.junit.platform.engine.support.hierarchical.NodeTestTask.executeRecursively(NodeTestTask.java:143)
	at org.junit.platform.engine.support.hierarchical.NodeTestTask.execute(NodeTestTask.java:100)
	at java.base/java.util.ArrayList.forEach(ArrayList.java:1511)
	at org.junit.platform.engine.support.hierarchical.SameThreadHierarchicalTestExecutorService.invokeAll(SameThreadHierarchicalTestExecutorService.java:41)
	at org.junit.platform.engine.support.hierarchical.NodeTestTask.lambda$executeRecursively$6(NodeTestTask.java:160)
	at org.junit.platform.engine.support.hierarchical.ThrowableCollector.execute(ThrowableCollector.java:73)
	at org.junit.platform.engine.support.hierarchical.NodeTestTask.lambda$executeRecursively$8(NodeTestTask.java:146)
	at org.junit.platform.engine.support.hierarchical.Node.around(Node.java:137)
	at org.junit.platform.engine.support.hierarchical.NodeTestTask.lambda$executeRecursively$9(NodeTestTask.java:144)
	at org.junit.platform.engine.support.hierarchical.ThrowableCollector.execute(ThrowableCollector.java:73)
	at org.junit.platform.engine.support.hierarchical.NodeTestTask.executeRecursively(NodeTestTask.java:143)
	at org.junit.platform.engine.support.hierarchical.NodeTestTask.execute(NodeTestTask.java:100)
	at org.junit.platform.engine.support.hierarchical.SameThreadHierarchicalTestExecutorService.submit(SameThreadHierarchicalTestExecutorService.java:35)
	at org.junit.platform.engine.support.hierarchical.HierarchicalTestExecutor.execute(HierarchicalTestExecutor.java:57)
	at org.junit.platform.engine.support.hierarchical.HierarchicalTestEngine.execute(HierarchicalTestEngine.java:54)
	at org.junit.platform.launcher.core.EngineExecutionOrchestrator.execute(EngineExecutionOrchestrator.java:201)
	at org.junit.platform.launcher.core.EngineExecutionOrchestrator.execute(EngineExecutionOrchestrator.java:170)
	at org.junit.platform.launcher.core.EngineExecutionOrchestrator.execute(EngineExecutionOrchestrator.java:94)
	at org.junit.platform.launcher.core.EngineExecutionOrchestrator.lambda$execute$0(EngineExecutionOrchestrator.java:59)
	at org.junit.platform.launcher.core.EngineExecutionOrchestrator.withInterceptedStreams(EngineExecutionOrchestrator.java:142)
	at org.junit.platform.launcher.core.EngineExecutionOrchestrator.execute(EngineExecutionOrchestrator.java:58)
	at org.junit.platform.launcher.core.DefaultLauncher.execute(DefaultLauncher.java:103)
	at org.junit.platform.launcher.core.DefaultLauncher.execute(DefaultLauncher.java:85)
	at org.junit.platform.launcher.core.DelegatingLauncher.execute(DelegatingLauncher.java:47)
	at org.junit.platform.launcher.core.InterceptingLauncher.lambda$execute$1(InterceptingLauncher.java:39)
	at org.junit.platform.launcher.core.ClasspathAlignmentCheckingLauncherInterceptor.intercept(ClasspathAlignmentCheckingLauncherInterceptor.java:25)
	at org.junit.platform.launcher.core.InterceptingLauncher.execute(InterceptingLauncher.java:38)
	at org.junit.platform.launcher.core.DelegatingLauncher.execute(DelegatingLauncher.java:47)
	at org.junit.platform.launcher.core.SessionPerRequestLauncher.execute(SessionPerRequestLauncher.java:63)
	at com.intellij.junit5.JUnit5IdeaTestRunner.startRunnerWithArgs(JUnit5IdeaTestRunner.java:57)
	at com.intellij.rt.junit.IdeaTestRunner$Repeater$1.execute(IdeaTestRunner.java:38)
	at com.intellij.rt.execution.junit.TestsRepeater.repeat(TestsRepeater.java:11)
	at com.intellij.rt.junit.IdeaTestRunner$Repeater.startRunnerWithArgs(IdeaTestRunner.java:35)
	at com.intellij.rt.junit.JUnitStarter.prepareStreamsAndStart(JUnitStarter.java:232)
	at com.intellij.rt.junit.JUnitStarter.main(JUnitStarter.java:55)
Caused by: org.springframework.beans.factory.UnsatisfiedDependencyException: Error creating bean with name 'requestLoggingFilter' defined in file [D:\SpringBoot\eventsphere\target\classes\com\example\eventsphere\filter\RequestLoggingFilter.class]: Unsatisfied dependency expressed through constructor parameter 0: No qualifying bean of type 'com.example.eventsphere.utils.SecurityUtil' available: expected at least 1 bean which qualifies as autowire candidate. Dependency annotations: {}
	at org.springframework.beans.factory.support.ConstructorResolver.createArgumentArray(ConstructorResolver.java:804)
	at org.springframework.beans.factory.support.ConstructorResolver.autowireConstructor(ConstructorResolver.java:240)
	at org.springframework.beans.factory.support.AbstractAutowireCapableBeanFactory.autowireConstructor(AbstractAutowireCapableBeanFactory.java:1395)
	at org.springframework.beans.factory.support.AbstractAutowireCapableBeanFactory.createBeanInstance(AbstractAutowireCapableBeanFactory.java:1232)
	at org.springframework.beans.factory.support.AbstractAutowireCapableBeanFactory.doCreateBean(AbstractAutowireCapableBeanFactory.java:569)
	at org.springframework.beans.factory.support.AbstractAutowireCapableBeanFactory.createBean(AbstractAutowireCapableBeanFactory.java:529)
	at org.springframework.beans.factory.support.AbstractBeanFactory.lambda$doGetBean$0(AbstractBeanFactory.java:339)
	at org.springframework.beans.factory.support.DefaultSingletonBeanRegistry.getSingleton(DefaultSingletonBeanRegistry.java:373)
	at org.springframework.beans.factory.support.AbstractBeanFactory.doGetBean(AbstractBeanFactory.java:337)
	at org.springframework.beans.factory.support.AbstractBeanFactory.getBean(AbstractBeanFactory.java:202)
	at org.springframework.beans.factory.support.DefaultListableBeanFactory.instantiateSingleton(DefaultListableBeanFactory.java:1228)
	at org.springframework.beans.factory.support.DefaultListableBeanFactory.preInstantiateSingleton(DefaultListableBeanFactory.java:1194)
	at org.springframework.beans.factory.support.DefaultListableBeanFactory.preInstantiateSingletons(DefaultListableBeanFactory.java:1130)
	at org.springframework.context.support.AbstractApplicationContext.finishBeanFactoryInitialization(AbstractApplicationContext.java:991)
	at org.springframework.context.support.AbstractApplicationContext.refresh(AbstractApplicationContext.java:628)
	at org.springframework.boot.SpringApplication.refresh(SpringApplication.java:752)
	at org.springframework.boot.SpringApplication.refreshContext(SpringApplication.java:439)
	at org.springframework.boot.SpringApplication.run(SpringApplication.java:318)
	at org.springframework.boot.test.context.SpringBootContextLoader.lambda$loadContext$3(SpringBootContextLoader.java:151)
	at org.springframework.util.function.ThrowingSupplier.get(ThrowingSupplier.java:58)
	at org.springframework.util.function.ThrowingSupplier.get(ThrowingSupplier.java:46)
	at org.springframework.boot.SpringApplication.withHook(SpringApplication.java:1461)
	at org.springframework.boot.test.context.SpringBootContextLoader$ContextLoaderHook.run(SpringBootContextLoader.java:590)
	at org.springframework.boot.test.context.SpringBootContextLoader.loadContext(SpringBootContextLoader.java:151)
	at org.springframework.boot.test.context.SpringBootContextLoader.loadContext(SpringBootContextLoader.java:110)
	at org.springframework.test.context.cache.DefaultCacheAwareContextLoaderDelegate.loadContextInternal(DefaultCacheAwareContextLoaderDelegate.java:225)
	at org.springframework.test.context.cache.DefaultCacheAwareContextLoaderDelegate.loadContext(DefaultCacheAwareContextLoaderDelegate.java:152)
	... 78 common frames omitted
Caused by: org.springframework.beans.factory.NoSuchBeanDefinitionException: No qualifying bean of type 'com.example.eventsphere.utils.SecurityUtil' available: expected at least 1 bean which qualifies as autowire candidate. Dependency annotations: {}
	at org.springframework.beans.factory.support.DefaultListableBeanFactory.raiseNoMatchingBeanFound(DefaultListableBeanFactory.java:2315)
	at org.springframework.beans.factory.support.DefaultListableBeanFactory.doResolveDependency(DefaultListableBeanFactory.java:1733)
	at org.springframework.beans.factory.support.DefaultListableBeanFactory.resolveDependency(DefaultListableBeanFactory.java:1653)
	at org.springframework.beans.factory.support.ConstructorResolver.resolveAutowiredArgument(ConstructorResolver.java:913)
	at org.springframework.beans.factory.support.ConstructorResolver.createArgumentArray(ConstructorResolver.java:791)
	... 104 common frames omitted
2026-05-02 16:57:30 [main] WARN  [IP:  | User Name:  | User ID:  |  ] o.s.test.context.TestContextManager - Caught exception while allowing TestExecutionListener [org.springframework.test.context.bean.override.BeanOverrideTestExecutionListener] to prepare test instance [com.example.eventsphere.controller.AuthControllerTest@3c28181b]
java.lang.IllegalStateException: ApplicationContext failure threshold (1) exceeded: skipping repeated attempt to load context for [WebMergedContextConfiguration@11399548 testClass = com.example.eventsphere.controller.AuthControllerTest, locations = [], classes = [com.example.eventsphere.EventsphereApplication], contextInitializerClasses = [], activeProfiles = [], propertySourceDescriptors = [], propertySourceProperties = ["org.springframework.boot.test.autoconfigure.web.servlet.WebMvcTestContextBootstrapper=true"], contextCustomizers = [[ImportsContextCustomizer@610fbe1c key = [org.springframework.boot.autoconfigure.security.oauth2.client.servlet.OAuth2ClientWebSecurityAutoConfiguration, org.springframework.boot.autoconfigure.task.TaskExecutionAutoConfiguration, org.springframework.boot.autoconfigure.cache.CacheAutoConfiguration, org.springframework.boot.autoconfigure.web.servlet.HttpEncodingAutoConfiguration, org.springframework.boot.autoconfigure.validation.ValidationAutoConfiguration, org.springframework.boot.autoconfigure.security.saml2.Saml2RelyingPartyAutoConfiguration, org.springframework.boot.autoconfigure.context.MessageSourceAutoConfiguration, org.springframework.boot.autoconfigure.hateoas.HypermediaAutoConfiguration, org.springframework.boot.autoconfigure.jackson.JacksonAutoConfiguration, org.springframework.boot.autoconfigure.data.web.SpringDataWebAutoConfiguration, org.springframework.boot.test.autoconfigure.web.reactive.WebTestClientAutoConfiguration, org.springframework.boot.autoconfigure.web.servlet.error.ErrorMvcAutoConfiguration, org.springframework.boot.test.autoconfigure.web.servlet.MockMvcAutoConfiguration, org.springframework.boot.autoconfigure.security.servlet.SecurityFilterAutoConfiguration, org.springframework.boot.autoconfigure.http.HttpMessageConvertersAutoConfiguration, org.springframework.boot.autoconfigure.security.oauth2.client.OAuth2ClientAutoConfiguration, org.springframework.boot.test.autoconfigure.web.servlet.MockMvcSecurityConfiguration, org.springframework.boot.test.autoconfigure.web.servlet.MockMvcWebClientAutoConfiguration, org.springframework.boot.test.autoconfigure.web.servlet.MockMvcWebDriverAutoConfiguration, org.springframework.boot.autoconfigure.thymeleaf.ThymeleafAutoConfiguration, org.springframework.boot.autoconfigure.gson.GsonAutoConfiguration, org.springframework.boot.autoconfigure.jsonb.JsonbAutoConfiguration, org.springframework.boot.autoconfigure.freemarker.FreeMarkerAutoConfiguration, org.springframework.boot.autoconfigure.web.servlet.WebMvcAutoConfiguration, org.springframework.boot.autoconfigure.security.servlet.UserDetailsServiceAutoConfiguration, org.springframework.boot.autoconfigure.security.oauth2.resource.servlet.OAuth2ResourceServerAutoConfiguration, org.springframework.boot.autoconfigure.groovy.template.GroovyTemplateAutoConfiguration, org.springframework.boot.autoconfigure.mustache.MustacheAutoConfiguration]], org.springframework.boot.test.context.filter.ExcludeFilterContextCustomizer@39d9314d, org.springframework.boot.test.json.DuplicateJsonObjectContextCustomizerFactory$DuplicateJsonObjectContextCustomizer@5c45d770, org.springframework.boot.test.mock.mockito.MockitoContextCustomizer@0, org.springframework.boot.test.web.reactor.netty.DisableReactorResourceFactoryGlobalResourcesContextCustomizerFactory$DisableReactorResourceFactoryGlobalResourcesContextCustomizerCustomizer@258d79be, org.springframework.boot.test.autoconfigure.OnFailureConditionReportContextCustomizerFactory$OnFailureConditionReportContextCustomizer@176b75f7, org.springframework.boot.test.autoconfigure.OverrideAutoConfigurationContextCustomizerFactory$DisableAutoConfigurationContextCustomizer@3b8f0a79, org.springframework.boot.test.autoconfigure.actuate.observability.ObservabilityContextCustomizerFactory$DisableObservabilityContextCustomizer@1f, org.springframework.boot.test.autoconfigure.filter.TypeExcludeFiltersContextCustomizer@eabdd802, org.springframework.boot.test.autoconfigure.properties.PropertyMappingContextCustomizer@d7a61093, org.springframework.boot.test.autoconfigure.web.servlet.WebDriverContextCustomizer@19c65cdc, org.springframework.test.context.bean.override.BeanOverrideContextCustomizer@25b1059b, org.springframework.test.context.support.DynamicPropertiesContextCustomizer@0, org.springframework.boot.test.context.SpringBootTestAnnotation@4b16a88c], resourceBasePath = "src/main/webapp", contextLoader = org.springframework.boot.test.context.SpringBootContextLoader, parent = null]
	at org.springframework.test.context.cache.DefaultCacheAwareContextLoaderDelegate.loadContext(DefaultCacheAwareContextLoaderDelegate.java:145)
	at org.springframework.test.context.support.DefaultTestContext.getApplicationContext(DefaultTestContext.java:130)
	at org.springframework.test.context.bean.override.BeanOverrideTestExecutionListener.injectFields(BeanOverrideTestExecutionListener.java:107)
	at org.springframework.test.context.bean.override.BeanOverrideTestExecutionListener.prepareTestInstance(BeanOverrideTestExecutionListener.java:70)
	at org.springframework.test.context.TestContextManager.prepareTestInstance(TestContextManager.java:260)
	at org.springframework.test.context.junit.jupiter.SpringExtension.postProcessTestInstance(SpringExtension.java:159)
	at org.junit.jupiter.engine.descriptor.ClassBasedTestDescriptor.lambda$invokeTestInstancePostProcessors$10(ClassBasedTestDescriptor.java:383)
	at org.junit.jupiter.engine.descriptor.ClassBasedTestDescriptor.executeAndMaskThrowable(ClassBasedTestDescriptor.java:388)
	at org.junit.jupiter.engine.descriptor.ClassBasedTestDescriptor.lambda$invokeTestInstancePostProcessors$11(ClassBasedTestDescriptor.java:382)
	at java.base/java.util.stream.ForEachOps$ForEachOp$OfRef.accept(ForEachOps.java:183)
	at java.base/java.util.stream.ReferencePipeline$3$1.accept(ReferencePipeline.java:197)
	at java.base/java.util.stream.ReferencePipeline$2$1.accept(ReferencePipeline.java:179)
	at java.base/java.util.stream.ReferencePipeline$3$1.accept(ReferencePipeline.java:197)
	at java.base/java.util.ArrayList$ArrayListSpliterator.forEachRemaining(ArrayList.java:1625)
	at java.base/java.util.stream.AbstractPipeline.copyInto(AbstractPipeline.java:509)
	at java.base/java.util.stream.AbstractPipeline.wrapAndCopyInto(AbstractPipeline.java:499)
	at java.base/java.util.stream.ForEachOps$ForEachOp.evaluateSequential(ForEachOps.java:150)
	at java.base/java.util.stream.ForEachOps$ForEachOp$OfRef.evaluateSequential(ForEachOps.java:173)
	at java.base/java.util.stream.AbstractPipeline.evaluate(AbstractPipeline.java:234)
	at java.base/java.util.stream.ReferencePipeline.forEach(ReferencePipeline.java:596)
	at org.junit.jupiter.engine.descriptor.ClassBasedTestDescriptor.invokeTestInstancePostProcessors(ClassBasedTestDescriptor.java:382)
	at org.junit.jupiter.engine.descriptor.ClassBasedTestDescriptor.lambda$instantiateAndPostProcessTestInstance$6(ClassBasedTestDescriptor.java:293)
	at org.junit.platform.engine.support.hierarchical.ThrowableCollector.execute(ThrowableCollector.java:73)
	at org.junit.jupiter.engine.descriptor.ClassBasedTestDescriptor.instantiateAndPostProcessTestInstance(ClassBasedTestDescriptor.java:292)
	at org.junit.jupiter.engine.descriptor.ClassBasedTestDescriptor.lambda$testInstancesProvider$4(ClassBasedTestDescriptor.java:281)
	at java.base/java.util.Optional.orElseGet(Optional.java:364)
	at org.junit.jupiter.engine.descriptor.ClassBasedTestDescriptor.lambda$testInstancesProvider$5(ClassBasedTestDescriptor.java:280)
	at org.junit.jupiter.engine.execution.TestInstancesProvider.getTestInstances(TestInstancesProvider.java:27)
	at org.junit.jupiter.engine.descriptor.TestMethodTestDescriptor.lambda$prepare$0(TestMethodTestDescriptor.java:112)
	at org.junit.platform.engine.support.hierarchical.ThrowableCollector.execute(ThrowableCollector.java:73)
	at org.junit.jupiter.engine.descriptor.TestMethodTestDescriptor.prepare(TestMethodTestDescriptor.java:111)
	at org.junit.jupiter.engine.descriptor.TestMethodTestDescriptor.prepare(TestMethodTestDescriptor.java:69)
	at org.junit.platform.engine.support.hierarchical.NodeTestTask.lambda$prepare$2(NodeTestTask.java:128)
	at org.junit.platform.engine.support.hierarchical.ThrowableCollector.execute(ThrowableCollector.java:73)
	at org.junit.platform.engine.support.hierarchical.NodeTestTask.prepare(NodeTestTask.java:128)
	at org.junit.platform.engine.support.hierarchical.NodeTestTask.execute(NodeTestTask.java:95)
	at java.base/java.util.ArrayList.forEach(ArrayList.java:1511)
	at org.junit.platform.engine.support.hierarchical.SameThreadHierarchicalTestExecutorService.invokeAll(SameThreadHierarchicalTestExecutorService.java:41)
	at org.junit.platform.engine.support.hierarchical.NodeTestTask.lambda$executeRecursively$6(NodeTestTask.java:160)
	at org.junit.platform.engine.support.hierarchical.ThrowableCollector.execute(ThrowableCollector.java:73)
	at org.junit.platform.engine.support.hierarchical.NodeTestTask.lambda$executeRecursively$8(NodeTestTask.java:146)
	at org.junit.platform.engine.support.hierarchical.Node.around(Node.java:137)
	at org.junit.platform.engine.support.hierarchical.NodeTestTask.lambda$executeRecursively$9(NodeTestTask.java:144)
	at org.junit.platform.engine.support.hierarchical.ThrowableCollector.execute(ThrowableCollector.java:73)
	at org.junit.platform.engine.support.hierarchical.NodeTestTask.executeRecursively(NodeTestTask.java:143)
	at org.junit.platform.engine.support.hierarchical.NodeTestTask.execute(NodeTestTask.java:100)
	at java.base/java.util.ArrayList.forEach(ArrayList.java:1511)
	at org.junit.platform.engine.support.hierarchical.SameThreadHierarchicalTestExecutorService.invokeAll(SameThreadHierarchicalTestExecutorService.java:41)
	at org.junit.platform.engine.support.hierarchical.NodeTestTask.lambda$executeRecursively$6(NodeTestTask.java:160)
	at org.junit.platform.engine.support.hierarchical.ThrowableCollector.execute(ThrowableCollector.java:73)
	at org.junit.platform.engine.support.hierarchical.NodeTestTask.lambda$executeRecursively$8(NodeTestTask.java:146)
	at org.junit.platform.engine.support.hierarchical.Node.around(Node.java:137)
	at org.junit.platform.engine.support.hierarchical.NodeTestTask.lambda$executeRecursively$9(NodeTestTask.java:144)
	at org.junit.platform.engine.support.hierarchical.ThrowableCollector.execute(ThrowableCollector.java:73)
	at org.junit.platform.engine.support.hierarchical.NodeTestTask.executeRecursively(NodeTestTask.java:143)
	at org.junit.platform.engine.support.hierarchical.NodeTestTask.execute(NodeTestTask.java:100)
	at org.junit.platform.engine.support.hierarchical.SameThreadHierarchicalTestExecutorService.submit(SameThreadHierarchicalTestExecutorService.java:35)
	at org.junit.platform.engine.support.hierarchical.HierarchicalTestExecutor.execute(HierarchicalTestExecutor.java:57)
	at org.junit.platform.engine.support.hierarchical.HierarchicalTestEngine.execute(HierarchicalTestEngine.java:54)
	at org.junit.platform.launcher.core.EngineExecutionOrchestrator.execute(EngineExecutionOrchestrator.java:201)
	at org.junit.platform.launcher.core.EngineExecutionOrchestrator.execute(EngineExecutionOrchestrator.java:170)
	at org.junit.platform.launcher.core.EngineExecutionOrchestrator.execute(EngineExecutionOrchestrator.java:94)
	at org.junit.platform.launcher.core.EngineExecutionOrchestrator.lambda$execute$0(EngineExecutionOrchestrator.java:59)
	at org.junit.platform.launcher.core.EngineExecutionOrchestrator.withInterceptedStreams(EngineExecutionOrchestrator.java:142)
	at org.junit.platform.launcher.core.EngineExecutionOrchestrator.execute(EngineExecutionOrchestrator.java:58)
	at org.junit.platform.launcher.core.DefaultLauncher.execute(DefaultLauncher.java:103)
	at org.junit.platform.launcher.core.DefaultLauncher.execute(DefaultLauncher.java:85)
	at org.junit.platform.launcher.core.DelegatingLauncher.execute(DelegatingLauncher.java:47)
	at org.junit.platform.launcher.core.InterceptingLauncher.lambda$execute$1(InterceptingLauncher.java:39)
	at org.junit.platform.launcher.core.ClasspathAlignmentCheckingLauncherInterceptor.intercept(ClasspathAlignmentCheckingLauncherInterceptor.java:25)
	at org.junit.platform.launcher.core.InterceptingLauncher.execute(InterceptingLauncher.java:38)
	at org.junit.platform.launcher.core.DelegatingLauncher.execute(DelegatingLauncher.java:47)
	at org.junit.platform.launcher.core.SessionPerRequestLauncher.execute(SessionPerRequestLauncher.java:63)
	at com.intellij.junit5.JUnit5IdeaTestRunner.startRunnerWithArgs(JUnit5IdeaTestRunner.java:57)
	at com.intellij.rt.junit.IdeaTestRunner$Repeater$1.execute(IdeaTestRunner.java:38)
	at com.intellij.rt.execution.junit.TestsRepeater.repeat(TestsRepeater.java:11)
	at com.intellij.rt.junit.IdeaTestRunner$Repeater.startRunnerWithArgs(IdeaTestRunner.java:35)
	at com.intellij.rt.junit.JUnitStarter.prepareStreamsAndStart(JUnitStarter.java:232)
	at com.intellij.rt.junit.JUnitStarter.main(JUnitStarter.java:55)
2026-05-02 16:57:30 [main] WARN  [IP:  | User Name:  | User ID:  |  ] o.s.test.context.TestContextManager - Caught exception while allowing TestExecutionListener [org.springframework.test.context.bean.override.BeanOverrideTestExecutionListener] to prepare test instance [com.example.eventsphere.controller.AuthControllerTest@6def0632]
java.lang.IllegalStateException: ApplicationContext failure threshold (1) exceeded: skipping repeated attempt to load context for [WebMergedContextConfiguration@11399548 testClass = com.example.eventsphere.controller.AuthControllerTest, locations = [], classes = [com.example.eventsphere.EventsphereApplication], contextInitializerClasses = [], activeProfiles = [], propertySourceDescriptors = [], propertySourceProperties = ["org.springframework.boot.test.autoconfigure.web.servlet.WebMvcTestContextBootstrapper=true"], contextCustomizers = [[ImportsContextCustomizer@610fbe1c key = [org.springframework.boot.autoconfigure.security.oauth2.client.servlet.OAuth2ClientWebSecurityAutoConfiguration, org.springframework.boot.autoconfigure.task.TaskExecutionAutoConfiguration, org.springframework.boot.autoconfigure.cache.CacheAutoConfiguration, org.springframework.boot.autoconfigure.web.servlet.HttpEncodingAutoConfiguration, org.springframework.boot.autoconfigure.validation.ValidationAutoConfiguration, org.springframework.boot.autoconfigure.security.saml2.Saml2RelyingPartyAutoConfiguration, org.springframework.boot.autoconfigure.context.MessageSourceAutoConfiguration, org.springframework.boot.autoconfigure.hateoas.HypermediaAutoConfiguration, org.springframework.boot.autoconfigure.jackson.JacksonAutoConfiguration, org.springframework.boot.autoconfigure.data.web.SpringDataWebAutoConfiguration, org.springframework.boot.test.autoconfigure.web.reactive.WebTestClientAutoConfiguration, org.springframework.boot.autoconfigure.web.servlet.error.ErrorMvcAutoConfiguration, org.springframework.boot.test.autoconfigure.web.servlet.MockMvcAutoConfiguration, org.springframework.boot.autoconfigure.security.servlet.SecurityFilterAutoConfiguration, org.springframework.boot.autoconfigure.http.HttpMessageConvertersAutoConfiguration, org.springframework.boot.autoconfigure.security.oauth2.client.OAuth2ClientAutoConfiguration, org.springframework.boot.test.autoconfigure.web.servlet.MockMvcSecurityConfiguration, org.springframework.boot.test.autoconfigure.web.servlet.MockMvcWebClientAutoConfiguration, org.springframework.boot.test.autoconfigure.web.servlet.MockMvcWebDriverAutoConfiguration, org.springframework.boot.autoconfigure.thymeleaf.ThymeleafAutoConfiguration, org.springframework.boot.autoconfigure.gson.GsonAutoConfiguration, org.springframework.boot.autoconfigure.jsonb.JsonbAutoConfiguration, org.springframework.boot.autoconfigure.freemarker.FreeMarkerAutoConfiguration, org.springframework.boot.autoconfigure.web.servlet.WebMvcAutoConfiguration, org.springframework.boot.autoconfigure.security.servlet.UserDetailsServiceAutoConfiguration, org.springframework.boot.autoconfigure.security.oauth2.resource.servlet.OAuth2ResourceServerAutoConfiguration, org.springframework.boot.autoconfigure.groovy.template.GroovyTemplateAutoConfiguration, org.springframework.boot.autoconfigure.mustache.MustacheAutoConfiguration]], org.springframework.boot.test.context.filter.ExcludeFilterContextCustomizer@39d9314d, org.springframework.boot.test.json.DuplicateJsonObjectContextCustomizerFactory$DuplicateJsonObjectContextCustomizer@5c45d770, org.springframework.boot.test.mock.mockito.MockitoContextCustomizer@0, org.springframework.boot.test.web.reactor.netty.DisableReactorResourceFactoryGlobalResourcesContextCustomizerFactory$DisableReactorResourceFactoryGlobalResourcesContextCustomizerCustomizer@258d79be, org.springframework.boot.test.autoconfigure.OnFailureConditionReportContextCustomizerFactory$OnFailureConditionReportContextCustomizer@176b75f7, org.springframework.boot.test.autoconfigure.OverrideAutoConfigurationContextCustomizerFactory$DisableAutoConfigurationContextCustomizer@3b8f0a79, org.springframework.boot.test.autoconfigure.actuate.observability.ObservabilityContextCustomizerFactory$DisableObservabilityContextCustomizer@1f, org.springframework.boot.test.autoconfigure.filter.TypeExcludeFiltersContextCustomizer@eabdd802, org.springframework.boot.test.autoconfigure.properties.PropertyMappingContextCustomizer@d7a61093, org.springframework.boot.test.autoconfigure.web.servlet.WebDriverContextCustomizer@19c65cdc, org.springframework.test.context.bean.override.BeanOverrideContextCustomizer@25b1059b, org.springframework.test.context.support.DynamicPropertiesContextCustomizer@0, org.springframework.boot.test.context.SpringBootTestAnnotation@4b16a88c], resourceBasePath = "src/main/webapp", contextLoader = org.springframework.boot.test.context.SpringBootContextLoader, parent = null]
	at org.springframework.test.context.cache.DefaultCacheAwareContextLoaderDelegate.loadContext(DefaultCacheAwareContextLoaderDelegate.java:145)
	at org.springframework.test.context.support.DefaultTestContext.getApplicationContext(DefaultTestContext.java:130)
	at org.springframework.test.context.bean.override.BeanOverrideTestExecutionListener.injectFields(BeanOverrideTestExecutionListener.java:107)
	at org.springframework.test.context.bean.override.BeanOverrideTestExecutionListener.prepareTestInstance(BeanOverrideTestExecutionListener.java:70)
	at org.springframework.test.context.TestContextManager.prepareTestInstance(TestContextManager.java:260)
	at org.springframework.test.context.junit.jupiter.SpringExtension.postProcessTestInstance(SpringExtension.java:159)
	at org.junit.jupiter.engine.descriptor.ClassBasedTestDescriptor.lambda$invokeTestInstancePostProcessors$10(ClassBasedTestDescriptor.java:383)
	at org.junit.jupiter.engine.descriptor.ClassBasedTestDescriptor.executeAndMaskThrowable(ClassBasedTestDescriptor.java:388)
	at org.junit.jupiter.engine.descriptor.ClassBasedTestDescriptor.lambda$invokeTestInstancePostProcessors$11(ClassBasedTestDescriptor.java:382)
	at java.base/java.util.stream.ForEachOps$ForEachOp$OfRef.accept(ForEachOps.java:183)
	at java.base/java.util.stream.ReferencePipeline$3$1.accept(ReferencePipeline.java:197)
	at java.base/java.util.stream.ReferencePipeline$2$1.accept(ReferencePipeline.java:179)
	at java.base/java.util.stream.ReferencePipeline$3$1.accept(ReferencePipeline.java:197)
	at java.base/java.util.ArrayList$ArrayListSpliterator.forEachRemaining(ArrayList.java:1625)
	at java.base/java.util.stream.AbstractPipeline.copyInto(AbstractPipeline.java:509)
	at java.base/java.util.stream.AbstractPipeline.wrapAndCopyInto(AbstractPipeline.java:499)
	at java.base/java.util.stream.ForEachOps$ForEachOp.evaluateSequential(ForEachOps.java:150)
	at java.base/java.util.stream.ForEachOps$ForEachOp$OfRef.evaluateSequential(ForEachOps.java:173)
	at java.base/java.util.stream.AbstractPipeline.evaluate(AbstractPipeline.java:234)
	at java.base/java.util.stream.ReferencePipeline.forEach(ReferencePipeline.java:596)
	at org.junit.jupiter.engine.descriptor.ClassBasedTestDescriptor.invokeTestInstancePostProcessors(ClassBasedTestDescriptor.java:382)
	at org.junit.jupiter.engine.descriptor.ClassBasedTestDescriptor.lambda$instantiateAndPostProcessTestInstance$6(ClassBasedTestDescriptor.java:293)
	at org.junit.platform.engine.support.hierarchical.ThrowableCollector.execute(ThrowableCollector.java:73)
	at org.junit.jupiter.engine.descriptor.ClassBasedTestDescriptor.instantiateAndPostProcessTestInstance(ClassBasedTestDescriptor.java:292)
	at org.junit.jupiter.engine.descriptor.ClassBasedTestDescriptor.lambda$testInstancesProvider$4(ClassBasedTestDescriptor.java:281)
	at java.base/java.util.Optional.orElseGet(Optional.java:364)
	at org.junit.jupiter.engine.descriptor.ClassBasedTestDescriptor.lambda$testInstancesProvider$5(ClassBasedTestDescriptor.java:280)
	at org.junit.jupiter.engine.execution.TestInstancesProvider.getTestInstances(TestInstancesProvider.java:27)
	at org.junit.jupiter.engine.descriptor.TestMethodTestDescriptor.lambda$prepare$0(TestMethodTestDescriptor.java:112)
	at org.junit.platform.engine.support.hierarchical.ThrowableCollector.execute(ThrowableCollector.java:73)
	at org.junit.jupiter.engine.descriptor.TestMethodTestDescriptor.prepare(TestMethodTestDescriptor.java:111)
	at org.junit.jupiter.engine.descriptor.TestMethodTestDescriptor.prepare(TestMethodTestDescriptor.java:69)
	at org.junit.platform.engine.support.hierarchical.NodeTestTask.lambda$prepare$2(NodeTestTask.java:128)
	at org.junit.platform.engine.support.hierarchical.ThrowableCollector.execute(ThrowableCollector.java:73)
	at org.junit.platform.engine.support.hierarchical.NodeTestTask.prepare(NodeTestTask.java:128)
	at org.junit.platform.engine.support.hierarchical.NodeTestTask.execute(NodeTestTask.java:95)
	at java.base/java.util.ArrayList.forEach(ArrayList.java:1511)
	at org.junit.platform.engine.support.hierarchical.SameThreadHierarchicalTestExecutorService.invokeAll(SameThreadHierarchicalTestExecutorService.java:41)
	at org.junit.platform.engine.support.hierarchical.NodeTestTask.lambda$executeRecursively$6(NodeTestTask.java:160)
	at org.junit.platform.engine.support.hierarchical.ThrowableCollector.execute(ThrowableCollector.java:73)
	at org.junit.platform.engine.support.hierarchical.NodeTestTask.lambda$executeRecursively$8(NodeTestTask.java:146)
	at org.junit.platform.engine.support.hierarchical.Node.around(Node.java:137)
	at org.junit.platform.engine.support.hierarchical.NodeTestTask.lambda$executeRecursively$9(NodeTestTask.java:144)
	at org.junit.platform.engine.support.hierarchical.ThrowableCollector.execute(ThrowableCollector.java:73)
	at org.junit.platform.engine.support.hierarchical.NodeTestTask.executeRecursively(NodeTestTask.java:143)
	at org.junit.platform.engine.support.hierarchical.NodeTestTask.execute(NodeTestTask.java:100)
	at java.base/java.util.ArrayList.forEach(ArrayList.java:1511)
	at org.junit.platform.engine.support.hierarchical.SameThreadHierarchicalTestExecutorService.invokeAll(SameThreadHierarchicalTestExecutorService.java:41)
	at org.junit.platform.engine.support.hierarchical.NodeTestTask.lambda$executeRecursively$6(NodeTestTask.java:160)
	at org.junit.platform.engine.support.hierarchical.ThrowableCollector.execute(ThrowableCollector.java:73)
	at org.junit.platform.engine.support.hierarchical.NodeTestTask.lambda$executeRecursively$8(NodeTestTask.java:146)
	at org.junit.platform.engine.support.hierarchical.Node.around(Node.java:137)
	at org.junit.platform.engine.support.hierarchical.NodeTestTask.lambda$executeRecursively$9(NodeTestTask.java:144)
	at org.junit.platform.engine.support.hierarchical.ThrowableCollector.execute(ThrowableCollector.java:73)
	at org.junit.platform.engine.support.hierarchical.NodeTestTask.executeRecursively(NodeTestTask.java:143)
	at org.junit.platform.engine.support.hierarchical.NodeTestTask.execute(NodeTestTask.java:100)
	at org.junit.platform.engine.support.hierarchical.SameThreadHierarchicalTestExecutorService.submit(SameThreadHierarchicalTestExecutorService.java:35)
	at org.junit.platform.engine.support.hierarchical.HierarchicalTestExecutor.execute(HierarchicalTestExecutor.java:57)
	at org.junit.platform.engine.support.hierarchical.HierarchicalTestEngine.execute(HierarchicalTestEngine.java:54)
	at org.junit.platform.launcher.core.EngineExecutionOrchestrator.execute(EngineExecutionOrchestrator.java:201)
	at org.junit.platform.launcher.core.EngineExecutionOrchestrator.execute(EngineExecutionOrchestrator.java:170)
	at org.junit.platform.launcher.core.EngineExecutionOrchestrator.execute(EngineExecutionOrchestrator.java:94)
	at org.junit.platform.launcher.core.EngineExecutionOrchestrator.lambda$execute$0(EngineExecutionOrchestrator.java:59)
	at org.junit.platform.launcher.core.EngineExecutionOrchestrator.withInterceptedStreams(EngineExecutionOrchestrator.java:142)
	at org.junit.platform.launcher.core.EngineExecutionOrchestrator.execute(EngineExecutionOrchestrator.java:58)
	at org.junit.platform.launcher.core.DefaultLauncher.execute(DefaultLauncher.java:103)
	at org.junit.platform.launcher.core.DefaultLauncher.execute(DefaultLauncher.java:85)
	at org.junit.platform.launcher.core.DelegatingLauncher.execute(DelegatingLauncher.java:47)
	at org.junit.platform.launcher.core.InterceptingLauncher.lambda$execute$1(InterceptingLauncher.java:39)
	at org.junit.platform.launcher.core.ClasspathAlignmentCheckingLauncherInterceptor.intercept(ClasspathAlignmentCheckingLauncherInterceptor.java:25)
	at org.junit.platform.launcher.core.InterceptingLauncher.execute(InterceptingLauncher.java:38)
	at org.junit.platform.launcher.core.DelegatingLauncher.execute(DelegatingLauncher.java:47)
	at org.junit.platform.launcher.core.SessionPerRequestLauncher.execute(SessionPerRequestLauncher.java:63)
	at com.intellij.junit5.JUnit5IdeaTestRunner.startRunnerWithArgs(JUnit5IdeaTestRunner.java:57)
	at com.intellij.rt.junit.IdeaTestRunner$Repeater$1.execute(IdeaTestRunner.java:38)
	at com.intellij.rt.execution.junit.TestsRepeater.repeat(TestsRepeater.java:11)
	at com.intellij.rt.junit.IdeaTestRunner$Repeater.startRunnerWithArgs(IdeaTestRunner.java:35)
	at com.intellij.rt.junit.JUnitStarter.prepareStreamsAndStart(JUnitStarter.java:232)
	at com.intellij.rt.junit.JUnitStarter.main(JUnitStarter.java:55)
2026-05-02 16:57:30 [main] WARN  [IP:  | User Name:  | User ID:  |  ] o.s.test.context.TestContextManager - Caught exception while allowing TestExecutionListener [org.springframework.test.context.bean.override.BeanOverrideTestExecutionListener] to prepare test instance [com.example.eventsphere.controller.AuthControllerTest@6b3f4bd8]
java.lang.IllegalStateException: ApplicationContext failure threshold (1) exceeded: skipping repeated attempt to load context for [WebMergedContextConfiguration@11399548 testClass = com.example.eventsphere.controller.AuthControllerTest, locations = [], classes = [com.example.eventsphere.EventsphereApplication], contextInitializerClasses = [], activeProfiles = [], propertySourceDescriptors = [], propertySourceProperties = ["org.springframework.boot.test.autoconfigure.web.servlet.WebMvcTestContextBootstrapper=true"], contextCustomizers = [[ImportsContextCustomizer@610fbe1c key = [org.springframework.boot.autoconfigure.security.oauth2.client.servlet.OAuth2ClientWebSecurityAutoConfiguration, org.springframework.boot.autoconfigure.task.TaskExecutionAutoConfiguration, org.springframework.boot.autoconfigure.cache.CacheAutoConfiguration, org.springframework.boot.autoconfigure.web.servlet.HttpEncodingAutoConfiguration, org.springframework.boot.autoconfigure.validation.ValidationAutoConfiguration, org.springframework.boot.autoconfigure.security.saml2.Saml2RelyingPartyAutoConfiguration, org.springframework.boot.autoconfigure.context.MessageSourceAutoConfiguration, org.springframework.boot.autoconfigure.hateoas.HypermediaAutoConfiguration, org.springframework.boot.autoconfigure.jackson.JacksonAutoConfiguration, org.springframework.boot.autoconfigure.data.web.SpringDataWebAutoConfiguration, org.springframework.boot.test.autoconfigure.web.reactive.WebTestClientAutoConfiguration, org.springframework.boot.autoconfigure.web.servlet.error.ErrorMvcAutoConfiguration, org.springframework.boot.test.autoconfigure.web.servlet.MockMvcAutoConfiguration, org.springframework.boot.autoconfigure.security.servlet.SecurityFilterAutoConfiguration, org.springframework.boot.autoconfigure.http.HttpMessageConvertersAutoConfiguration, org.springframework.boot.autoconfigure.security.oauth2.client.OAuth2ClientAutoConfiguration, org.springframework.boot.test.autoconfigure.web.servlet.MockMvcSecurityConfiguration, org.springframework.boot.test.autoconfigure.web.servlet.MockMvcWebClientAutoConfiguration, org.springframework.boot.test.autoconfigure.web.servlet.MockMvcWebDriverAutoConfiguration, org.springframework.boot.autoconfigure.thymeleaf.ThymeleafAutoConfiguration, org.springframework.boot.autoconfigure.gson.GsonAutoConfiguration, org.springframework.boot.autoconfigure.jsonb.JsonbAutoConfiguration, org.springframework.boot.autoconfigure.freemarker.FreeMarkerAutoConfiguration, org.springframework.boot.autoconfigure.web.servlet.WebMvcAutoConfiguration, org.springframework.boot.autoconfigure.security.servlet.UserDetailsServiceAutoConfiguration, org.springframework.boot.autoconfigure.security.oauth2.resource.servlet.OAuth2ResourceServerAutoConfiguration, org.springframework.boot.autoconfigure.groovy.template.GroovyTemplateAutoConfiguration, org.springframework.boot.autoconfigure.mustache.MustacheAutoConfiguration]], org.springframework.boot.test.context.filter.ExcludeFilterContextCustomizer@39d9314d, org.springframework.boot.test.json.DuplicateJsonObjectContextCustomizerFactory$DuplicateJsonObjectContextCustomizer@5c45d770, org.springframework.boot.test.mock.mockito.MockitoContextCustomizer@0, org.springframework.boot.test.web.reactor.netty.DisableReactorResourceFactoryGlobalResourcesContextCustomizerFactory$DisableReactorResourceFactoryGlobalResourcesContextCustomizerCustomizer@258d79be, org.springframework.boot.test.autoconfigure.OnFailureConditionReportContextCustomizerFactory$OnFailureConditionReportContextCustomizer@176b75f7, org.springframework.boot.test.autoconfigure.OverrideAutoConfigurationContextCustomizerFactory$DisableAutoConfigurationContextCustomizer@3b8f0a79, org.springframework.boot.test.autoconfigure.actuate.observability.ObservabilityContextCustomizerFactory$DisableObservabilityContextCustomizer@1f, org.springframework.boot.test.autoconfigure.filter.TypeExcludeFiltersContextCustomizer@eabdd802, org.springframework.boot.test.autoconfigure.properties.PropertyMappingContextCustomizer@d7a61093, org.springframework.boot.test.autoconfigure.web.servlet.WebDriverContextCustomizer@19c65cdc, org.springframework.test.context.bean.override.BeanOverrideContextCustomizer@25b1059b, org.springframework.test.context.support.DynamicPropertiesContextCustomizer@0, org.springframework.boot.test.context.SpringBootTestAnnotation@4b16a88c], resourceBasePath = "src/main/webapp", contextLoader = org.springframework.boot.test.context.SpringBootContextLoader, parent = null]
	at org.springframework.test.context.cache.DefaultCacheAwareContextLoaderDelegate.loadContext(DefaultCacheAwareContextLoaderDelegate.java:145)
	at org.springframework.test.context.support.DefaultTestContext.getApplicationContext(DefaultTestContext.java:130)
	at org.springframework.test.context.bean.override.BeanOverrideTestExecutionListener.injectFields(BeanOverrideTestExecutionListener.java:107)
	at org.springframework.test.context.bean.override.BeanOverrideTestExecutionListener.prepareTestInstance(BeanOverrideTestExecutionListener.java:70)
	at org.springframework.test.context.TestContextManager.prepareTestInstance(TestContextManager.java:260)
	at org.springframework.test.context.junit.jupiter.SpringExtension.postProcessTestInstance(SpringExtension.java:159)
	at org.junit.jupiter.engine.descriptor.ClassBasedTestDescriptor.lambda$invokeTestInstancePostProcessors$10(ClassBasedTestDescriptor.java:383)
	at org.junit.jupiter.engine.descriptor.ClassBasedTestDescriptor.executeAndMaskThrowable(ClassBasedTestDescriptor.java:388)
	at org.junit.jupiter.engine.descriptor.ClassBasedTestDescriptor.lambda$invokeTestInstancePostProcessors$11(ClassBasedTestDescriptor.java:382)
	at java.base/java.util.stream.ForEachOps$ForEachOp$OfRef.accept(ForEachOps.java:183)
	at java.base/java.util.stream.ReferencePipeline$3$1.accept(ReferencePipeline.java:197)
	at java.base/java.util.stream.ReferencePipeline$2$1.accept(ReferencePipeline.java:179)
	at java.base/java.util.stream.ReferencePipeline$3$1.accept(ReferencePipeline.java:197)
	at java.base/java.util.ArrayList$ArrayListSpliterator.forEachRemaining(ArrayList.java:1625)
	at java.base/java.util.stream.AbstractPipeline.copyInto(AbstractPipeline.java:509)
	at java.base/java.util.stream.AbstractPipeline.wrapAndCopyInto(AbstractPipeline.java:499)
	at java.base/java.util.stream.ForEachOps$ForEachOp.evaluateSequential(ForEachOps.java:150)
	at java.base/java.util.stream.ForEachOps$ForEachOp$OfRef.evaluateSequential(ForEachOps.java:173)
	at java.base/java.util.stream.AbstractPipeline.evaluate(AbstractPipeline.java:234)
	at java.base/java.util.stream.ReferencePipeline.forEach(ReferencePipeline.java:596)
	at org.junit.jupiter.engine.descriptor.ClassBasedTestDescriptor.invokeTestInstancePostProcessors(ClassBasedTestDescriptor.java:382)
	at org.junit.jupiter.engine.descriptor.ClassBasedTestDescriptor.lambda$instantiateAndPostProcessTestInstance$6(ClassBasedTestDescriptor.java:293)
	at org.junit.platform.engine.support.hierarchical.ThrowableCollector.execute(ThrowableCollector.java:73)
	at org.junit.jupiter.engine.descriptor.ClassBasedTestDescriptor.instantiateAndPostProcessTestInstance(ClassBasedTestDescriptor.java:292)
	at org.junit.jupiter.engine.descriptor.ClassBasedTestDescriptor.lambda$testInstancesProvider$4(ClassBasedTestDescriptor.java:281)
	at java.base/java.util.Optional.orElseGet(Optional.java:364)
	at org.junit.jupiter.engine.descriptor.ClassBasedTestDescriptor.lambda$testInstancesProvider$5(ClassBasedTestDescriptor.java:280)
	at org.junit.jupiter.engine.execution.TestInstancesProvider.getTestInstances(TestInstancesProvider.java:27)
	at org.junit.jupiter.engine.descriptor.TestMethodTestDescriptor.lambda$prepare$0(TestMethodTestDescriptor.java:112)
	at org.junit.platform.engine.support.hierarchical.ThrowableCollector.execute(ThrowableCollector.java:73)
	at org.junit.jupiter.engine.descriptor.TestMethodTestDescriptor.prepare(TestMethodTestDescriptor.java:111)
	at org.junit.jupiter.engine.descriptor.TestMethodTestDescriptor.prepare(TestMethodTestDescriptor.java:69)
	at org.junit.platform.engine.support.hierarchical.NodeTestTask.lambda$prepare$2(NodeTestTask.java:128)
	at org.junit.platform.engine.support.hierarchical.ThrowableCollector.execute(ThrowableCollector.java:73)
	at org.junit.platform.engine.support.hierarchical.NodeTestTask.prepare(NodeTestTask.java:128)
	at org.junit.platform.engine.support.hierarchical.NodeTestTask.execute(NodeTestTask.java:95)
	at java.base/java.util.ArrayList.forEach(ArrayList.java:1511)
	at org.junit.platform.engine.support.hierarchical.SameThreadHierarchicalTestExecutorService.invokeAll(SameThreadHierarchicalTestExecutorService.java:41)
	at org.junit.platform.engine.support.hierarchical.NodeTestTask.lambda$executeRecursively$6(NodeTestTask.java:160)
	at org.junit.platform.engine.support.hierarchical.ThrowableCollector.execute(ThrowableCollector.java:73)
	at org.junit.platform.engine.support.hierarchical.NodeTestTask.lambda$executeRecursively$8(NodeTestTask.java:146)
	at org.junit.platform.engine.support.hierarchical.Node.around(Node.java:137)
	at org.junit.platform.engine.support.hierarchical.NodeTestTask.lambda$executeRecursively$9(NodeTestTask.java:144)
	at org.junit.platform.engine.support.hierarchical.ThrowableCollector.execute(ThrowableCollector.java:73)
	at org.junit.platform.engine.support.hierarchical.NodeTestTask.executeRecursively(NodeTestTask.java:143)
	at org.junit.platform.engine.support.hierarchical.NodeTestTask.execute(NodeTestTask.java:100)
	at java.base/java.util.ArrayList.forEach(ArrayList.java:1511)
	at org.junit.platform.engine.support.hierarchical.SameThreadHierarchicalTestExecutorService.invokeAll(SameThreadHierarchicalTestExecutorService.java:41)
	at org.junit.platform.engine.support.hierarchical.NodeTestTask.lambda$executeRecursively$6(NodeTestTask.java:160)
	at org.junit.platform.engine.support.hierarchical.ThrowableCollector.execute(ThrowableCollector.java:73)
	at org.junit.platform.engine.support.hierarchical.NodeTestTask.lambda$executeRecursively$8(NodeTestTask.java:146)
	at org.junit.platform.engine.support.hierarchical.Node.around(Node.java:137)
	at org.junit.platform.engine.support.hierarchical.NodeTestTask.lambda$executeRecursively$9(NodeTestTask.java:144)
	at org.junit.platform.engine.support.hierarchical.ThrowableCollector.execute(ThrowableCollector.java:73)
	at org.junit.platform.engine.support.hierarchical.NodeTestTask.executeRecursively(NodeTestTask.java:143)
	at org.junit.platform.engine.support.hierarchical.NodeTestTask.execute(NodeTestTask.java:100)
	at org.junit.platform.engine.support.hierarchical.SameThreadHierarchicalTestExecutorService.submit(SameThreadHierarchicalTestExecutorService.java:35)
	at org.junit.platform.engine.support.hierarchical.HierarchicalTestExecutor.execute(HierarchicalTestExecutor.java:57)
	at org.junit.platform.engine.support.hierarchical.HierarchicalTestEngine.execute(HierarchicalTestEngine.java:54)
	at org.junit.platform.launcher.core.EngineExecutionOrchestrator.execute(EngineExecutionOrchestrator.java:201)
	at org.junit.platform.launcher.core.EngineExecutionOrchestrator.execute(EngineExecutionOrchestrator.java:170)
	at org.junit.platform.launcher.core.EngineExecutionOrchestrator.execute(EngineExecutionOrchestrator.java:94)
	at org.junit.platform.launcher.core.EngineExecutionOrchestrator.lambda$execute$0(EngineExecutionOrchestrator.java:59)
	at org.junit.platform.launcher.core.EngineExecutionOrchestrator.withInterceptedStreams(EngineExecutionOrchestrator.java:142)
	at org.junit.platform.launcher.core.EngineExecutionOrchestrator.execute(EngineExecutionOrchestrator.java:58)
	at org.junit.platform.launcher.core.DefaultLauncher.execute(DefaultLauncher.java:103)
	at org.junit.platform.launcher.core.DefaultLauncher.execute(DefaultLauncher.java:85)
	at org.junit.platform.launcher.core.DelegatingLauncher.execute(DelegatingLauncher.java:47)
	at org.junit.platform.launcher.core.InterceptingLauncher.lambda$execute$1(InterceptingLauncher.java:39)
	at org.junit.platform.launcher.core.ClasspathAlignmentCheckingLauncherInterceptor.intercept(ClasspathAlignmentCheckingLauncherInterceptor.java:25)
	at org.junit.platform.launcher.core.InterceptingLauncher.execute(InterceptingLauncher.java:38)
	at org.junit.platform.launcher.core.DelegatingLauncher.execute(DelegatingLauncher.java:47)
	at org.junit.platform.launcher.core.SessionPerRequestLauncher.execute(SessionPerRequestLauncher.java:63)
	at com.intellij.junit5.JUnit5IdeaTestRunner.startRunnerWithArgs(JUnit5IdeaTestRunner.java:57)
	at com.intellij.rt.junit.IdeaTestRunner$Repeater$1.execute(IdeaTestRunner.java:38)
	at com.intellij.rt.execution.junit.TestsRepeater.repeat(TestsRepeater.java:11)
	at com.intellij.rt.junit.IdeaTestRunner$Repeater.startRunnerWithArgs(IdeaTestRunner.java:35)
	at com.intellij.rt.junit.JUnitStarter.prepareStreamsAndStart(JUnitStarter.java:232)
	at com.intellij.rt.junit.JUnitStarter.main(JUnitStarter.java:55)
2026-05-02 16:58:57 [background-preinit] INFO  [IP:  | User Name:  | User ID:  |  ] o.h.validator.internal.util.Version - HV000001: Hibernate Validator 8.0.3.Final
2026-05-02 16:58:57 [main] INFO  [IP:  | User Name:  | User ID:  |  ] c.e.e.controller.AuthControllerTest - Starting AuthControllerTest using Java 17.0.14 with PID 9648 (started by AMU in D:\SpringBoot\eventsphere)
2026-05-02 16:58:57 [main] INFO  [IP:  | User Name:  | User ID:  |  ] c.e.e.controller.AuthControllerTest - No active profile set, falling back to 1 default profile: "default"
2026-05-02 16:59:05 [main] INFO  [IP:  | User Name:  | User ID:  |  ] o.s.b.t.m.w.SpringBootMockServletContext - Initializing Spring TestDispatcherServlet ''
2026-05-02 16:59:05 [main] INFO  [IP:  | User Name:  | User ID:  |  ] o.s.t.w.s.TestDispatcherServlet - Initializing Servlet ''
2026-05-02 16:59:05 [main] INFO  [IP:  | User Name:  | User ID:  |  ] o.s.t.w.s.TestDispatcherServlet - Completed initialization in 0 ms
2026-05-02 16:59:05 [main] INFO  [IP:  | User Name:  | User ID:  |  ] c.e.e.controller.AuthControllerTest - Started AuthControllerTest in 9.625 seconds (process running for 14.323)
2026-05-02 16:59:07 [main] WARN  [IP:  | User Name:  | User ID:  |  ] c.e.e.e.GlobalExceptionHandler - Business rule violation at /api/auth/login: Invalid Credentials
2026-05-02 17:15:31 [background-preinit] INFO  [IP:  | User Name:  | User ID:  |  ] o.h.validator.internal.util.Version - HV000001: Hibernate Validator 8.0.3.Final
2026-05-02 17:15:31 [main] INFO  [IP:  | User Name:  | User ID:  |  ] c.e.e.controller.EventControllerTest - Starting EventControllerTest using Java 17.0.14 with PID 6412 (started by AMU in D:\SpringBoot\eventsphere)
2026-05-02 17:15:31 [main] INFO  [IP:  | User Name:  | User ID:  |  ] c.e.e.controller.EventControllerTest - No active profile set, falling back to 1 default profile: "default"
2026-05-02 17:15:38 [main] INFO  [IP:  | User Name:  | User ID:  |  ] o.s.b.t.m.w.SpringBootMockServletContext - Initializing Spring TestDispatcherServlet ''
2026-05-02 17:15:38 [main] INFO  [IP:  | User Name:  | User ID:  |  ] o.s.t.w.s.TestDispatcherServlet - Initializing Servlet ''
2026-05-02 17:15:38 [main] INFO  [IP:  | User Name:  | User ID:  |  ] o.s.t.w.s.TestDispatcherServlet - Completed initialization in 16 ms
2026-05-02 17:15:38 [main] INFO  [IP:  | User Name:  | User ID:  |  ] c.e.e.controller.EventControllerTest - Started EventControllerTest in 9.335 seconds (process running for 12.843)
2026-05-02 17:15:39 [main] WARN  [IP:  | User Name:  | User ID:  |  ] c.e.e.e.GlobalExceptionHandler - Business rule violation at /api/event/get-event-by-id/c1be1284-cbaa-40e4-b2dc-dc59b4436a3b: Event Not Found With ID: c1be1284-cbaa-40e4-b2dc-dc59b4436a3b
2026-05-02 17:21:09 [background-preinit] INFO  [IP:  | User Name:  | User ID:  |  ] o.h.validator.internal.util.Version - HV000001: Hibernate Validator 8.0.3.Final
2026-05-02 17:21:09 [main] INFO  [IP:  | User Name:  | User ID:  |  ] c.e.e.c.CategoryControllerTest - Starting CategoryControllerTest using Java 17.0.14 with PID 7348 (started by AMU in D:\SpringBoot\eventsphere)
2026-05-02 17:21:09 [main] INFO  [IP:  | User Name:  | User ID:  |  ] c.e.e.c.CategoryControllerTest - No active profile set, falling back to 1 default profile: "default"
2026-05-02 17:21:16 [main] INFO  [IP:  | User Name:  | User ID:  |  ] o.s.b.t.m.w.SpringBootMockServletContext - Initializing Spring TestDispatcherServlet ''
2026-05-02 17:21:16 [main] INFO  [IP:  | User Name:  | User ID:  |  ] o.s.t.w.s.TestDispatcherServlet - Initializing Servlet ''
2026-05-02 17:21:16 [main] INFO  [IP:  | User Name:  | User ID:  |  ] o.s.t.w.s.TestDispatcherServlet - Completed initialization in 0 ms
2026-05-02 17:21:16 [main] INFO  [IP:  | User Name:  | User ID:  |  ] c.e.e.c.CategoryControllerTest - Started CategoryControllerTest in 8.51 seconds (process running for 12.409)
2026-05-02 17:21:17 [main] WARN  [IP:  | User Name:  | User ID:  |  ] c.e.e.e.GlobalExceptionHandler - Validation failed at /api/categories/update-category/7b6ec347-9c61-40bc-97a6-9c58da12a761: Validation failed for argument [1] in public org.springframework.http.ResponseEntity<?> com.example.eventsphere.controller.CategoryController.updateCategory(java.util.UUID,com.example.eventsphere.dto.UpdateCategoryDTO): [Field error in object 'updateCategoryDTO' on field 'name': rejected value [Updated Festival]; codes [Size.updateCategoryDTO.name,Size.name,Size.java.lang.String,Size]; arguments [org.springframework.context.support.DefaultMessageSourceResolvable: codes [updateCategoryDTO.name,name]; arguments []; default message [name],15,3]; default message [Size Must be Between 5-50 characters]] 
2026-05-02 17:22:53 [background-preinit] INFO  [IP:  | User Name:  | User ID:  |  ] o.h.validator.internal.util.Version - HV000001: Hibernate Validator 8.0.3.Final
2026-05-02 17:22:53 [main] INFO  [IP:  | User Name:  | User ID:  |  ] c.e.e.c.CategoryControllerTest - Starting CategoryControllerTest using Java 17.0.14 with PID 22536 (started by AMU in D:\SpringBoot\eventsphere)
2026-05-02 17:22:53 [main] INFO  [IP:  | User Name:  | User ID:  |  ] c.e.e.c.CategoryControllerTest - No active profile set, falling back to 1 default profile: "default"
2026-05-02 17:23:03 [main] INFO  [IP:  | User Name:  | User ID:  |  ] o.s.b.t.m.w.SpringBootMockServletContext - Initializing Spring TestDispatcherServlet ''
2026-05-02 17:23:03 [main] INFO  [IP:  | User Name:  | User ID:  |  ] o.s.t.w.s.TestDispatcherServlet - Initializing Servlet ''
2026-05-02 17:23:03 [main] INFO  [IP:  | User Name:  | User ID:  |  ] o.s.t.w.s.TestDispatcherServlet - Completed initialization in 0 ms
2026-05-02 17:23:03 [main] INFO  [IP:  | User Name:  | User ID:  |  ] c.e.e.c.CategoryControllerTest - Started CategoryControllerTest in 11.871 seconds (process running for 16.508)
2026-05-02 17:27:02 [background-preinit] INFO  [IP:  | User Name:  | User ID:  |  ] o.h.validator.internal.util.Version - HV000001: Hibernate Validator 8.0.3.Final
2026-05-02 17:27:03 [main] INFO  [IP:  | User Name:  | User ID:  |  ] c.e.e.controller.UserControllerTest - Starting UserControllerTest using Java 17.0.14 with PID 13920 (started by AMU in D:\SpringBoot\eventsphere)
2026-05-02 17:27:03 [main] INFO  [IP:  | User Name:  | User ID:  |  ] c.e.e.controller.UserControllerTest - No active profile set, falling back to 1 default profile: "default"
2026-05-02 17:27:12 [main] INFO  [IP:  | User Name:  | User ID:  |  ] o.s.b.t.m.w.SpringBootMockServletContext - Initializing Spring TestDispatcherServlet ''
2026-05-02 17:27:12 [main] INFO  [IP:  | User Name:  | User ID:  |  ] o.s.t.w.s.TestDispatcherServlet - Initializing Servlet ''
2026-05-02 17:27:12 [main] INFO  [IP:  | User Name:  | User ID:  |  ] o.s.t.w.s.TestDispatcherServlet - Completed initialization in 4 ms
2026-05-02 17:27:12 [main] INFO  [IP:  | User Name:  | User ID:  |  ] c.e.e.controller.UserControllerTest - Started UserControllerTest in 11.523 seconds (process running for 15.897)
2026-05-02 17:27:13 [main] WARN  [IP:  | User Name:  | User ID:  |  ] c.e.e.e.GlobalExceptionHandler - Validation failed at /api/users/add-admin: Validation failed for argument [0] in public org.springframework.http.ResponseEntity<com.example.eventsphere.dto.UserDTO> com.example.eventsphere.controller.UserController.addAdmin(com.example.eventsphere.dto.NewUserDTO) with 3 errors: [Field error in object 'newUserDTO' on field 'cnic': rejected value [null]; codes [NotBlank.newUserDTO.cnic,NotBlank.cnic,NotBlank.java.lang.String,NotBlank]; arguments [org.springframework.context.support.DefaultMessageSourceResolvable: codes [newUserDTO.cnic,cnic]; arguments []; default message [cnic]]; default message [CNIC is required]] [Field error in object 'newUserDTO' on field 'name': rejected value [null]; codes [NotBlank.newUserDTO.name,NotBlank.name,NotBlank.java.lang.String,NotBlank]; arguments [org.springframework.context.support.DefaultMessageSourceResolvable: codes [newUserDTO.name,name]; arguments []; default message [name]]; default message [Name is required]] [Field error in object 'newUserDTO' on field 'phoneNo': rejected value [null]; codes [NotBlank.newUserDTO.phoneNo,NotBlank.phoneNo,NotBlank.java.lang.String,NotBlank]; arguments [org.springframework.context.support.DefaultMessageSourceResolvable: codes [newUserDTO.phoneNo,phoneNo]; arguments []; default message [phoneNo]]; default message [Phone number is required]] 
2026-05-02 17:29:57 [background-preinit] INFO  [IP:  | User Name:  | User ID:  |  ] o.h.validator.internal.util.Version - HV000001: Hibernate Validator 8.0.3.Final
2026-05-02 17:29:57 [main] INFO  [IP:  | User Name:  | User ID:  |  ] c.e.e.controller.UserControllerTest - Starting UserControllerTest using Java 17.0.14 with PID 24084 (started by AMU in D:\SpringBoot\eventsphere)
2026-05-02 17:29:57 [main] INFO  [IP:  | User Name:  | User ID:  |  ] c.e.e.controller.UserControllerTest - No active profile set, falling back to 1 default profile: "default"
2026-05-02 17:30:05 [main] INFO  [IP:  | User Name:  | User ID:  |  ] o.s.b.t.m.w.SpringBootMockServletContext - Initializing Spring TestDispatcherServlet ''
2026-05-02 17:30:05 [main] INFO  [IP:  | User Name:  | User ID:  |  ] o.s.t.w.s.TestDispatcherServlet - Initializing Servlet ''
2026-05-02 17:30:05 [main] INFO  [IP:  | User Name:  | User ID:  |  ] o.s.t.w.s.TestDispatcherServlet - Completed initialization in 16 ms
2026-05-02 17:30:05 [main] INFO  [IP:  | User Name:  | User ID:  |  ] c.e.e.controller.UserControllerTest - Started UserControllerTest in 9.513 seconds (process running for 13.508)
2026-05-02 17:30:06 [main] WARN  [IP:  | User Name:  | User ID:  |  ] c.e.e.e.GlobalExceptionHandler - Validation failed at /api/users/add-admin: Validation failed for argument [0] in public org.springframework.http.ResponseEntity<com.example.eventsphere.dto.UserDTO> com.example.eventsphere.controller.UserController.addAdmin(com.example.eventsphere.dto.NewUserDTO): [Field error in object 'newUserDTO' on field 'cnic': rejected value [42101-1234567-1]; codes [Size.newUserDTO.cnic,Size.cnic,Size.java.lang.String,Size]; arguments [org.springframework.context.support.DefaultMessageSourceResolvable: codes [newUserDTO.cnic,cnic]; arguments []; default message [cnic],13,0]; default message [CNIC must be under 13 characters]] 
2026-05-02 17:34:01 [background-preinit] INFO  [IP:  | User Name:  | User ID:  |  ] o.h.validator.internal.util.Version - HV000001: Hibernate Validator 8.0.3.Final
2026-05-02 17:34:01 [main] INFO  [IP:  | User Name:  | User ID:  |  ] c.e.e.controller.UserControllerTest - Starting UserControllerTest using Java 17.0.14 with PID 19840 (started by AMU in D:\SpringBoot\eventsphere)
2026-05-02 17:34:01 [main] INFO  [IP:  | User Name:  | User ID:  |  ] c.e.e.controller.UserControllerTest - No active profile set, falling back to 1 default profile: "default"
2026-05-02 17:34:08 [main] INFO  [IP:  | User Name:  | User ID:  |  ] o.s.b.t.m.w.SpringBootMockServletContext - Initializing Spring TestDispatcherServlet ''
2026-05-02 17:34:08 [main] INFO  [IP:  | User Name:  | User ID:  |  ] o.s.t.w.s.TestDispatcherServlet - Initializing Servlet ''
2026-05-02 17:34:08 [main] INFO  [IP:  | User Name:  | User ID:  |  ] o.s.t.w.s.TestDispatcherServlet - Completed initialization in 0 ms
2026-05-02 17:34:08 [main] INFO  [IP:  | User Name:  | User ID:  |  ] c.e.e.controller.UserControllerTest - Started UserControllerTest in 8.174 seconds (process running for 11.727)
