2026-05-10 00:00:51 [http-nio-8080-exec-3] INFO  [IP: 0:0:0:0:0:0:0:1 | User Name: anonymous_user | User ID: anonymous_id | POST /api/auth/login] c.e.e.filter.RequestLoggingFilter - Incoming Request
2026-05-10 00:00:52 [http-nio-8080-exec-3] INFO  [IP: 0:0:0:0:0:0:0:1 | User Name: anonymous_user | User ID: anonymous_id | POST /api/auth/login] c.e.eventsphere.service.TokenService - Secure Refresh Token generated and hashed for user ID: 81ca140f-1ec2-4231-b15e-dffd7ec0e491
2026-05-10 00:00:53 [http-nio-8080-exec-3] INFO  [IP: 0:0:0:0:0:0:0:1 | User Name: anonymous_user | User ID: anonymous_id | POST /api/auth/login] c.e.eventsphere.service.AuthService - Successful login for user: ali.imran
2026-05-10 00:00:53 [http-nio-8080-exec-3] INFO  [IP: 0:0:0:0:0:0:0:1 | User Name: anonymous_user | User ID: anonymous_id | POST /api/auth/login] c.e.e.filter.RequestLoggingFilter - Completed in 1590 ms with status 200
2026-05-10 00:01:12 [http-nio-8080-exec-2] INFO  [IP: 0:0:0:0:0:0:0:1 | User Name: ali.imran | User ID: 81ca140f-1ec2-4231-b15e-dffd7ec0e491 | GET /api/organization/my-org] c.e.e.filter.RequestLoggingFilter - Incoming Request
2026-05-10 00:01:13 [http-nio-8080-exec-2] INFO  [IP: 0:0:0:0:0:0:0:1 | User Name: ali.imran | User ID: 81ca140f-1ec2-4231-b15e-dffd7ec0e491 | GET /api/organization/my-org] c.e.e.filter.RequestLoggingFilter - Completed in 503 ms with status 200
2026-05-10 00:05:16 [SpringApplicationShutdownHook] INFO  [IP:  | User Name:  | User ID:  |  ] o.s.b.w.e.tomcat.GracefulShutdown - Commencing graceful shutdown. Waiting for active requests to complete
2026-05-10 00:05:18 [tomcat-shutdown] INFO  [IP:  | User Name:  | User ID:  |  ] o.s.b.w.e.tomcat.GracefulShutdown - Graceful shutdown complete
2026-05-10 00:05:18 [SpringApplicationShutdownHook] INFO  [IP:  | User Name:  | User ID:  |  ] o.s.o.j.LocalContainerEntityManagerFactoryBean - Closing JPA EntityManagerFactory for persistence unit 'default'
2026-05-10 00:05:18 [SpringApplicationShutdownHook] INFO  [IP:  | User Name:  | User ID:  |  ] com.zaxxer.hikari.HikariDataSource - HikariPool-1 - Shutdown initiated...
2026-05-10 00:05:18 [SpringApplicationShutdownHook] INFO  [IP:  | User Name:  | User ID:  |  ] com.zaxxer.hikari.HikariDataSource - HikariPool-1 - Shutdown completed.
2026-05-10 00:05:42 [background-preinit] INFO  [IP:  | User Name:  | User ID:  |  ] o.h.validator.internal.util.Version - HV000001: Hibernate Validator 8.0.3.Final
2026-05-10 00:05:42 [main] INFO  [IP:  | User Name:  | User ID:  |  ] c.e.e.EventsphereApplication - Starting EventsphereApplication using Java 17.0.14 with PID 2184 (D:\SpringBoot\eventsphere\target\classes started by AMU in D:\SpringBoot\eventsphere)
2026-05-10 00:05:42 [main] INFO  [IP:  | User Name:  | User ID:  |  ] c.e.e.EventsphereApplication - No active profile set, falling back to 1 default profile: "default"
2026-05-10 00:05:46 [main] INFO  [IP:  | User Name:  | User ID:  |  ] o.s.d.r.c.RepositoryConfigurationDelegate - Multiple Spring Data modules found, entering strict repository configuration mode
2026-05-10 00:05:46 [main] INFO  [IP:  | User Name:  | User ID:  |  ] o.s.d.r.c.RepositoryConfigurationDelegate - Bootstrapping Spring Data JPA repositories in DEFAULT mode.
2026-05-10 00:05:46 [main] INFO  [IP:  | User Name:  | User ID:  |  ] o.s.d.r.c.RepositoryConfigurationDelegate - Finished Spring Data repository scanning in 394 ms. Found 6 JPA repository interfaces.
2026-05-10 00:05:46 [main] INFO  [IP:  | User Name:  | User ID:  |  ] o.s.d.r.c.RepositoryConfigurationDelegate - Multiple Spring Data modules found, entering strict repository configuration mode
2026-05-10 00:05:46 [main] INFO  [IP:  | User Name:  | User ID:  |  ] o.s.d.r.c.RepositoryConfigurationDelegate - Bootstrapping Spring Data Redis repositories in DEFAULT mode.
2026-05-10 00:05:46 [main] INFO  [IP:  | User Name:  | User ID:  |  ] o.s.d.r.c.RepositoryConfigurationExtensionSupport - Spring Data Redis - Could not safely identify store assignment for repository candidate interface com.example.eventsphere.repository.CategoryRepository; If you want this repository to be a Redis repository, consider annotating your entities with one of these annotations: org.springframework.data.redis.core.RedisHash (preferred), or consider extending one of the following types with your repository: org.springframework.data.keyvalue.repository.KeyValueRepository
2026-05-10 00:05:46 [main] INFO  [IP:  | User Name:  | User ID:  |  ] o.s.d.r.c.RepositoryConfigurationExtensionSupport - Spring Data Redis - Could not safely identify store assignment for repository candidate interface com.example.eventsphere.repository.EventRepository; If you want this repository to be a Redis repository, consider annotating your entities with one of these annotations: org.springframework.data.redis.core.RedisHash (preferred), or consider extending one of the following types with your repository: org.springframework.data.keyvalue.repository.KeyValueRepository
2026-05-10 00:05:46 [main] INFO  [IP:  | User Name:  | User ID:  |  ] o.s.d.r.c.RepositoryConfigurationExtensionSupport - Spring Data Redis - Could not safely identify store assignment for repository candidate interface com.example.eventsphere.repository.OrganizationMemberRepository; If you want this repository to be a Redis repository, consider annotating your entities with one of these annotations: org.springframework.data.redis.core.RedisHash (preferred), or consider extending one of the following types with your repository: org.springframework.data.keyvalue.repository.KeyValueRepository
2026-05-10 00:05:46 [main] INFO  [IP:  | User Name:  | User ID:  |  ] o.s.d.r.c.RepositoryConfigurationExtensionSupport - Spring Data Redis - Could not safely identify store assignment for repository candidate interface com.example.eventsphere.repository.OrganizationRepository; If you want this repository to be a Redis repository, consider annotating your entities with one of these annotations: org.springframework.data.redis.core.RedisHash (preferred), or consider extending one of the following types with your repository: org.springframework.data.keyvalue.repository.KeyValueRepository
2026-05-10 00:05:46 [main] INFO  [IP:  | User Name:  | User ID:  |  ] o.s.d.r.c.RepositoryConfigurationExtensionSupport - Spring Data Redis - Could not safely identify store assignment for repository candidate interface com.example.eventsphere.repository.TokenRepository; If you want this repository to be a Redis repository, consider annotating your entities with one of these annotations: org.springframework.data.redis.core.RedisHash (preferred), or consider extending one of the following types with your repository: org.springframework.data.keyvalue.repository.KeyValueRepository
2026-05-10 00:05:46 [main] INFO  [IP:  | User Name:  | User ID:  |  ] o.s.d.r.c.RepositoryConfigurationExtensionSupport - Spring Data Redis - Could not safely identify store assignment for repository candidate interface com.example.eventsphere.repository.UserRepository; If you want this repository to be a Redis repository, consider annotating your entities with one of these annotations: org.springframework.data.redis.core.RedisHash (preferred), or consider extending one of the following types with your repository: org.springframework.data.keyvalue.repository.KeyValueRepository
2026-05-10 00:05:46 [main] INFO  [IP:  | User Name:  | User ID:  |  ] o.s.d.r.c.RepositoryConfigurationDelegate - Finished Spring Data repository scanning in 54 ms. Found 0 Redis repository interfaces.
2026-05-10 00:05:49 [main] INFO  [IP:  | User Name:  | User ID:  |  ] o.s.b.w.e.tomcat.TomcatWebServer - Tomcat initialized with port 8080 (http)
2026-05-10 00:05:49 [main] INFO  [IP:  | User Name:  | User ID:  |  ] o.a.coyote.http11.Http11NioProtocol - Initializing ProtocolHandler ["http-nio-8080"]
2026-05-10 00:05:49 [main] INFO  [IP:  | User Name:  | User ID:  |  ] o.a.catalina.core.StandardService - Starting service [Tomcat]
2026-05-10 00:05:49 [main] INFO  [IP:  | User Name:  | User ID:  |  ] o.a.catalina.core.StandardEngine - Starting Servlet engine: [Apache Tomcat/10.1.53]
2026-05-10 00:05:49 [main] INFO  [IP:  | User Name:  | User ID:  |  ] o.a.c.c.C.[Tomcat].[localhost].[/] - Initializing Spring embedded WebApplicationContext
2026-05-10 00:05:49 [main] INFO  [IP:  | User Name:  | User ID:  |  ] o.s.b.w.s.c.ServletWebServerApplicationContext - Root WebApplicationContext: initialization completed in 6878 ms
2026-05-10 00:05:50 [main] INFO  [IP:  | User Name:  | User ID:  |  ] o.h.jpa.internal.util.LogHelper - HHH000204: Processing PersistenceUnitInfo [name: default]
2026-05-10 00:05:50 [main] INFO  [IP:  | User Name:  | User ID:  |  ] org.hibernate.Version - HHH000412: Hibernate ORM core version 6.6.45.Final
2026-05-10 00:05:50 [main] INFO  [IP:  | User Name:  | User ID:  |  ] o.h.s.integration.SpatialService - HHH80000001: hibernate-spatial integration enabled : true
2026-05-10 00:05:50 [main] INFO  [IP:  | User Name:  | User ID:  |  ] o.h.c.i.RegionFactoryInitiator - HHH000026: Second-level cache disabled
2026-05-10 00:05:50 [main] INFO  [IP:  | User Name:  | User ID:  |  ] com.zaxxer.hikari.HikariDataSource - HikariPool-1 - Starting...
2026-05-10 00:05:53 [main] INFO  [IP:  | User Name:  | User ID:  |  ] com.zaxxer.hikari.pool.HikariPool - HikariPool-1 - Added connection org.postgresql.jdbc.PgConnection@76220ef1
2026-05-10 00:05:53 [main] INFO  [IP:  | User Name:  | User ID:  |  ] com.zaxxer.hikari.HikariDataSource - HikariPool-1 - Start completed.
2026-05-10 00:05:54 [main] WARN  [IP:  | User Name:  | User ID:  |  ] org.hibernate.orm.deprecation - HHH90000025: PostgreSQLDialect does not need to be specified explicitly using 'hibernate.dialect' (remove the property setting and it will be selected by default)
2026-05-10 00:05:54 [main] INFO  [IP:  | User Name:  | User ID:  |  ] o.hibernate.orm.connections.pooling - HHH10001005: Database info:
	Database JDBC URL [Connecting through datasource 'HikariDataSource (HikariPool-1)']
	Database driver: undefined/unknown
	Database version: 17.6
	Autocommit mode: undefined/unknown
	Isolation level: undefined/unknown
	Minimum pool size: undefined/unknown
	Maximum pool size: undefined/unknown
2026-05-10 00:05:54 [main] INFO  [IP:  | User Name:  | User ID:  |  ] org.hibernate.spatial - HHH80000003: hibernate-spatial adding type contributions from : org.hibernate.spatial.dialect.postgis.PostgisDialectContributor
2026-05-10 00:05:55 [main] INFO  [IP:  | User Name:  | User ID:  |  ] o.s.o.j.p.SpringPersistenceUnitInfo - No LoadTimeWeaver setup: ignoring JPA class transformer
2026-05-10 00:05:55 [main] INFO  [IP:  | User Name:  | User ID:  |  ] org.hibernate.spatial - HHH80000003: hibernate-spatial adding type contributions from : org.hibernate.spatial.dialect.postgis.PostgisDialectContributor
2026-05-10 00:05:56 [main] INFO  [IP:  | User Name:  | User ID:  |  ] org.hibernate.spatial - HHH80000004: hibernate-spatial adding function contributions from : org.hibernate.spatial.dialect.postgis.PostgisDialectContributor
2026-05-10 00:05:57 [main] INFO  [IP:  | User Name:  | User ID:  |  ] o.h.e.t.j.p.i.JtaPlatformInitiator - HHH000489: No JTA platform available (set 'hibernate.transaction.jta.platform' to enable JTA platform integration)
2026-05-10 00:05:57 [main] INFO  [IP:  | User Name:  | User ID:  |  ] o.s.o.j.LocalContainerEntityManagerFactoryBean - Initialized JPA EntityManagerFactory for persistence unit 'default'
2026-05-10 00:05:58 [main] INFO  [IP:  | User Name:  | User ID:  |  ] o.s.d.j.r.query.QueryEnhancerFactory - Hibernate is in classpath; If applicable, HQL parser will be used.
2026-05-10 00:06:05 [main] INFO  [IP:  | User Name:  | User ID:  |  ] o.s.s.c.a.a.c.InitializeAuthenticationProviderBeanManagerConfigurer$InitializeAuthenticationProviderManagerConfigurer - Global AuthenticationManager configured with AuthenticationProvider bean with name authenticationProvider
2026-05-10 00:06:05 [main] WARN  [IP:  | User Name:  | User ID:  |  ] o.s.s.c.a.a.c.InitializeUserDetailsBeanManagerConfigurer$InitializeUserDetailsManagerConfigurer - Global AuthenticationManager configured with an AuthenticationProvider bean. UserDetailsService beans will not be used by Spring Security for automatically configuring username/password login. Consider removing the AuthenticationProvider bean. Alternatively, consider using the UserDetailsService in a manually instantiated DaoAuthenticationProvider. If the current configuration is intentional, to turn off this warning, increase the logging level of 'org.springframework.security.config.annotation.authentication.configuration.InitializeUserDetailsBeanManagerConfigurer' to ERROR
2026-05-10 00:06:07 [main] INFO  [IP:  | User Name:  | User ID:  |  ] o.a.coyote.http11.Http11NioProtocol - Starting ProtocolHandler ["http-nio-8080"]
2026-05-10 00:06:07 [main] INFO  [IP:  | User Name:  | User ID:  |  ] o.s.b.w.e.tomcat.TomcatWebServer - Tomcat started on port 8080 (http) with context path '/'
2026-05-10 00:06:07 [main] INFO  [IP:  | User Name:  | User ID:  |  ] c.e.e.EventsphereApplication - Started EventsphereApplication in 26.686 seconds (process running for 28.063)
2026-05-10 00:06:07 [main] INFO  [IP:  | User Name:  | User ID:  |  ] c.e.eventsphere.config.AdminConfig - Default Admin already exists. Skipping seeding.
2026-05-10 00:23:53 [HikariPool-1:housekeeper] WARN  [IP:  | User Name:  | User ID:  |  ] com.zaxxer.hikari.pool.HikariPool - HikariPool-1 - Thread starvation or clock leap detected (housekeeper delta=3m27s579ms749µs100ns).
2026-05-10 00:24:03 [HikariPool-1:housekeeper] WARN  [IP:  | User Name:  | User ID:  |  ] com.zaxxer.hikari.pool.PoolBase - HikariPool-1 - Failed to validate connection org.postgresql.jdbc.PgConnection@76220ef1 (This connection has been closed.). Possibly consider using a shorter maxLifetime value.
2026-05-10 00:24:19 [SpringApplicationShutdownHook] INFO  [IP:  | User Name:  | User ID:  |  ] o.s.b.w.e.tomcat.GracefulShutdown - Commencing graceful shutdown. Waiting for active requests to complete
2026-05-10 00:24:22 [tomcat-shutdown] INFO  [IP:  | User Name:  | User ID:  |  ] o.s.b.w.e.tomcat.GracefulShutdown - Graceful shutdown complete
2026-05-10 00:24:22 [SpringApplicationShutdownHook] INFO  [IP:  | User Name:  | User ID:  |  ] o.s.o.j.LocalContainerEntityManagerFactoryBean - Closing JPA EntityManagerFactory for persistence unit 'default'
2026-05-10 00:24:22 [SpringApplicationShutdownHook] INFO  [IP:  | User Name:  | User ID:  |  ] com.zaxxer.hikari.HikariDataSource - HikariPool-1 - Shutdown initiated...
2026-05-10 00:24:23 [SpringApplicationShutdownHook] INFO  [IP:  | User Name:  | User ID:  |  ] com.zaxxer.hikari.HikariDataSource - HikariPool-1 - Shutdown completed.
2026-05-10 00:24:46 [background-preinit] INFO  [IP:  | User Name:  | User ID:  |  ] o.h.validator.internal.util.Version - HV000001: Hibernate Validator 8.0.3.Final
2026-05-10 00:24:47 [main] INFO  [IP:  | User Name:  | User ID:  |  ] c.e.e.EventsphereApplication - Starting EventsphereApplication using Java 17.0.14 with PID 18176 (D:\SpringBoot\eventsphere\target\classes started by AMU in D:\SpringBoot\eventsphere)
2026-05-10 00:24:47 [main] INFO  [IP:  | User Name:  | User ID:  |  ] c.e.e.EventsphereApplication - No active profile set, falling back to 1 default profile: "default"
2026-05-10 00:24:51 [main] INFO  [IP:  | User Name:  | User ID:  |  ] o.s.d.r.c.RepositoryConfigurationDelegate - Multiple Spring Data modules found, entering strict repository configuration mode
2026-05-10 00:24:51 [main] INFO  [IP:  | User Name:  | User ID:  |  ] o.s.d.r.c.RepositoryConfigurationDelegate - Bootstrapping Spring Data JPA repositories in DEFAULT mode.
2026-05-10 00:24:51 [main] INFO  [IP:  | User Name:  | User ID:  |  ] o.s.d.r.c.RepositoryConfigurationDelegate - Finished Spring Data repository scanning in 442 ms. Found 6 JPA repository interfaces.
2026-05-10 00:24:51 [main] INFO  [IP:  | User Name:  | User ID:  |  ] o.s.d.r.c.RepositoryConfigurationDelegate - Multiple Spring Data modules found, entering strict repository configuration mode
2026-05-10 00:24:51 [main] INFO  [IP:  | User Name:  | User ID:  |  ] o.s.d.r.c.RepositoryConfigurationDelegate - Bootstrapping Spring Data Redis repositories in DEFAULT mode.
2026-05-10 00:24:51 [main] INFO  [IP:  | User Name:  | User ID:  |  ] o.s.d.r.c.RepositoryConfigurationExtensionSupport - Spring Data Redis - Could not safely identify store assignment for repository candidate interface com.example.eventsphere.repository.CategoryRepository; If you want this repository to be a Redis repository, consider annotating your entities with one of these annotations: org.springframework.data.redis.core.RedisHash (preferred), or consider extending one of the following types with your repository: org.springframework.data.keyvalue.repository.KeyValueRepository
2026-05-10 00:24:51 [main] INFO  [IP:  | User Name:  | User ID:  |  ] o.s.d.r.c.RepositoryConfigurationExtensionSupport - Spring Data Redis - Could not safely identify store assignment for repository candidate interface com.example.eventsphere.repository.EventRepository; If you want this repository to be a Redis repository, consider annotating your entities with one of these annotations: org.springframework.data.redis.core.RedisHash (preferred), or consider extending one of the following types with your repository: org.springframework.data.keyvalue.repository.KeyValueRepository
2026-05-10 00:24:51 [main] INFO  [IP:  | User Name:  | User ID:  |  ] o.s.d.r.c.RepositoryConfigurationExtensionSupport - Spring Data Redis - Could not safely identify store assignment for repository candidate interface com.example.eventsphere.repository.OrganizationMemberRepository; If you want this repository to be a Redis repository, consider annotating your entities with one of these annotations: org.springframework.data.redis.core.RedisHash (preferred), or consider extending one of the following types with your repository: org.springframework.data.keyvalue.repository.KeyValueRepository
2026-05-10 00:24:51 [main] INFO  [IP:  | User Name:  | User ID:  |  ] o.s.d.r.c.RepositoryConfigurationExtensionSupport - Spring Data Redis - Could not safely identify store assignment for repository candidate interface com.example.eventsphere.repository.OrganizationRepository; If you want this repository to be a Redis repository, consider annotating your entities with one of these annotations: org.springframework.data.redis.core.RedisHash (preferred), or consider extending one of the following types with your repository: org.springframework.data.keyvalue.repository.KeyValueRepository
2026-05-10 00:24:51 [main] INFO  [IP:  | User Name:  | User ID:  |  ] o.s.d.r.c.RepositoryConfigurationExtensionSupport - Spring Data Redis - Could not safely identify store assignment for repository candidate interface com.example.eventsphere.repository.TokenRepository; If you want this repository to be a Redis repository, consider annotating your entities with one of these annotations: org.springframework.data.redis.core.RedisHash (preferred), or consider extending one of the following types with your repository: org.springframework.data.keyvalue.repository.KeyValueRepository
2026-05-10 00:24:51 [main] INFO  [IP:  | User Name:  | User ID:  |  ] o.s.d.r.c.RepositoryConfigurationExtensionSupport - Spring Data Redis - Could not safely identify store assignment for repository candidate interface com.example.eventsphere.repository.UserRepository; If you want this repository to be a Redis repository, consider annotating your entities with one of these annotations: org.springframework.data.redis.core.RedisHash (preferred), or consider extending one of the following types with your repository: org.springframework.data.keyvalue.repository.KeyValueRepository
2026-05-10 00:24:51 [main] INFO  [IP:  | User Name:  | User ID:  |  ] o.s.d.r.c.RepositoryConfigurationDelegate - Finished Spring Data repository scanning in 33 ms. Found 0 Redis repository interfaces.
2026-05-10 00:24:54 [main] INFO  [IP:  | User Name:  | User ID:  |  ] o.s.b.w.e.tomcat.TomcatWebServer - Tomcat initialized with port 8080 (http)
2026-05-10 00:24:54 [main] INFO  [IP:  | User Name:  | User ID:  |  ] o.a.coyote.http11.Http11NioProtocol - Initializing ProtocolHandler ["http-nio-8080"]
2026-05-10 00:24:54 [main] INFO  [IP:  | User Name:  | User ID:  |  ] o.a.catalina.core.StandardService - Starting service [Tomcat]
2026-05-10 00:24:54 [main] INFO  [IP:  | User Name:  | User ID:  |  ] o.a.catalina.core.StandardEngine - Starting Servlet engine: [Apache Tomcat/10.1.53]
2026-05-10 00:24:54 [main] INFO  [IP:  | User Name:  | User ID:  |  ] o.a.c.c.C.[Tomcat].[localhost].[/] - Initializing Spring embedded WebApplicationContext
2026-05-10 00:24:54 [main] INFO  [IP:  | User Name:  | User ID:  |  ] o.s.b.w.s.c.ServletWebServerApplicationContext - Root WebApplicationContext: initialization completed in 7486 ms
2026-05-10 00:24:55 [main] INFO  [IP:  | User Name:  | User ID:  |  ] o.h.jpa.internal.util.LogHelper - HHH000204: Processing PersistenceUnitInfo [name: default]
2026-05-10 00:24:55 [main] INFO  [IP:  | User Name:  | User ID:  |  ] org.hibernate.Version - HHH000412: Hibernate ORM core version 6.6.45.Final
2026-05-10 00:24:55 [main] INFO  [IP:  | User Name:  | User ID:  |  ] o.h.s.integration.SpatialService - HHH80000001: hibernate-spatial integration enabled : true
2026-05-10 00:24:55 [main] INFO  [IP:  | User Name:  | User ID:  |  ] o.h.c.i.RegionFactoryInitiator - HHH000026: Second-level cache disabled
2026-05-10 00:24:56 [main] INFO  [IP:  | User Name:  | User ID:  |  ] com.zaxxer.hikari.HikariDataSource - HikariPool-1 - Starting...
2026-05-10 00:24:58 [main] INFO  [IP:  | User Name:  | User ID:  |  ] com.zaxxer.hikari.pool.HikariPool - HikariPool-1 - Added connection org.postgresql.jdbc.PgConnection@45849604
2026-05-10 00:24:58 [main] INFO  [IP:  | User Name:  | User ID:  |  ] com.zaxxer.hikari.HikariDataSource - HikariPool-1 - Start completed.
2026-05-10 00:24:59 [main] WARN  [IP:  | User Name:  | User ID:  |  ] org.hibernate.orm.deprecation - HHH90000025: PostgreSQLDialect does not need to be specified explicitly using 'hibernate.dialect' (remove the property setting and it will be selected by default)
2026-05-10 00:24:59 [main] INFO  [IP:  | User Name:  | User ID:  |  ] o.hibernate.orm.connections.pooling - HHH10001005: Database info:
	Database JDBC URL [Connecting through datasource 'HikariDataSource (HikariPool-1)']
	Database driver: undefined/unknown
	Database version: 17.6
	Autocommit mode: undefined/unknown
	Isolation level: undefined/unknown
	Minimum pool size: undefined/unknown
	Maximum pool size: undefined/unknown
2026-05-10 00:24:59 [main] INFO  [IP:  | User Name:  | User ID:  |  ] org.hibernate.spatial - HHH80000003: hibernate-spatial adding type contributions from : org.hibernate.spatial.dialect.postgis.PostgisDialectContributor
2026-05-10 00:25:00 [main] INFO  [IP:  | User Name:  | User ID:  |  ] o.s.o.j.p.SpringPersistenceUnitInfo - No LoadTimeWeaver setup: ignoring JPA class transformer
2026-05-10 00:25:00 [main] INFO  [IP:  | User Name:  | User ID:  |  ] org.hibernate.spatial - HHH80000003: hibernate-spatial adding type contributions from : org.hibernate.spatial.dialect.postgis.PostgisDialectContributor
2026-05-10 00:25:01 [main] INFO  [IP:  | User Name:  | User ID:  |  ] org.hibernate.spatial - HHH80000004: hibernate-spatial adding function contributions from : org.hibernate.spatial.dialect.postgis.PostgisDialectContributor
2026-05-10 00:25:02 [main] INFO  [IP:  | User Name:  | User ID:  |  ] o.h.e.t.j.p.i.JtaPlatformInitiator - HHH000489: No JTA platform available (set 'hibernate.transaction.jta.platform' to enable JTA platform integration)
2026-05-10 00:25:02 [main] INFO  [IP:  | User Name:  | User ID:  |  ] o.s.o.j.LocalContainerEntityManagerFactoryBean - Initialized JPA EntityManagerFactory for persistence unit 'default'
2026-05-10 00:25:03 [main] INFO  [IP:  | User Name:  | User ID:  |  ] o.s.d.j.r.query.QueryEnhancerFactory - Hibernate is in classpath; If applicable, HQL parser will be used.
2026-05-10 00:25:12 [main] INFO  [IP:  | User Name:  | User ID:  |  ] o.s.s.c.a.a.c.InitializeAuthenticationProviderBeanManagerConfigurer$InitializeAuthenticationProviderManagerConfigurer - Global AuthenticationManager configured with AuthenticationProvider bean with name authenticationProvider
2026-05-10 00:25:12 [main] WARN  [IP:  | User Name:  | User ID:  |  ] o.s.s.c.a.a.c.InitializeUserDetailsBeanManagerConfigurer$InitializeUserDetailsManagerConfigurer - Global AuthenticationManager configured with an AuthenticationProvider bean. UserDetailsService beans will not be used by Spring Security for automatically configuring username/password login. Consider removing the AuthenticationProvider bean. Alternatively, consider using the UserDetailsService in a manually instantiated DaoAuthenticationProvider. If the current configuration is intentional, to turn off this warning, increase the logging level of 'org.springframework.security.config.annotation.authentication.configuration.InitializeUserDetailsBeanManagerConfigurer' to ERROR
2026-05-10 00:25:14 [main] INFO  [IP:  | User Name:  | User ID:  |  ] o.a.coyote.http11.Http11NioProtocol - Starting ProtocolHandler ["http-nio-8080"]
2026-05-10 00:25:14 [main] INFO  [IP:  | User Name:  | User ID:  |  ] o.s.b.w.e.tomcat.TomcatWebServer - Tomcat started on port 8080 (http) with context path '/'
2026-05-10 00:25:14 [main] INFO  [IP:  | User Name:  | User ID:  |  ] c.e.e.EventsphereApplication - Started EventsphereApplication in 29.528 seconds (process running for 32.358)
2026-05-10 00:25:15 [main] INFO  [IP:  | User Name:  | User ID:  |  ] c.e.eventsphere.config.AdminConfig - Default Admin already exists. Skipping seeding.
2026-05-10 00:26:53 [http-nio-8080-exec-1] INFO  [IP:  | User Name:  | User ID:  |  ] o.a.c.c.C.[Tomcat].[localhost].[/] - Initializing Spring DispatcherServlet 'dispatcherServlet'
2026-05-10 00:26:53 [http-nio-8080-exec-1] INFO  [IP:  | User Name:  | User ID:  |  ] o.s.web.servlet.DispatcherServlet - Initializing Servlet 'dispatcherServlet'
2026-05-10 00:26:53 [http-nio-8080-exec-1] INFO  [IP:  | User Name:  | User ID:  |  ] o.s.web.servlet.DispatcherServlet - Completed initialization in 0 ms
2026-05-10 00:26:54 [http-nio-8080-exec-1] INFO  [IP: 0:0:0:0:0:0:0:1 | User Name: anonymous_user | User ID: anonymous_id | GET /swagger-ui/index.html] c.e.e.filter.RequestLoggingFilter - Incoming Request
2026-05-10 00:26:54 [http-nio-8080-exec-1] INFO  [IP: 0:0:0:0:0:0:0:1 | User Name: anonymous_user | User ID: anonymous_id | GET /swagger-ui/index.html] c.e.e.filter.RequestLoggingFilter - Completed in 251 ms with status 200
2026-05-10 00:26:54 [http-nio-8080-exec-2] INFO  [IP: 0:0:0:0:0:0:0:1 | User Name: anonymous_user | User ID: anonymous_id | GET /swagger-ui/swagger-ui.css] c.e.e.filter.RequestLoggingFilter - Incoming Request
2026-05-10 00:26:54 [http-nio-8080-exec-3] INFO  [IP: 0:0:0:0:0:0:0:1 | User Name: anonymous_user | User ID: anonymous_id | GET /swagger-ui/index.css] c.e.e.filter.RequestLoggingFilter - Incoming Request
2026-05-10 00:26:54 [http-nio-8080-exec-4] INFO  [IP: 0:0:0:0:0:0:0:1 | User Name: anonymous_user | User ID: anonymous_id | GET /swagger-ui/swagger-ui-bundle.js] c.e.e.filter.RequestLoggingFilter - Incoming Request
2026-05-10 00:26:54 [http-nio-8080-exec-5] INFO  [IP: 0:0:0:0:0:0:0:1 | User Name: anonymous_user | User ID: anonymous_id | GET /swagger-ui/swagger-ui-standalone-preset.js] c.e.e.filter.RequestLoggingFilter - Incoming Request
2026-05-10 00:26:54 [http-nio-8080-exec-3] INFO  [IP: 0:0:0:0:0:0:0:1 | User Name: anonymous_user | User ID: anonymous_id | GET /swagger-ui/index.css] c.e.e.filter.RequestLoggingFilter - Completed in 31 ms with status 200
2026-05-10 00:26:54 [http-nio-8080-exec-2] INFO  [IP: 0:0:0:0:0:0:0:1 | User Name: anonymous_user | User ID: anonymous_id | GET /swagger-ui/swagger-ui.css] c.e.e.filter.RequestLoggingFilter - Completed in 44 ms with status 200
2026-05-10 00:26:54 [http-nio-8080-exec-6] INFO  [IP: 0:0:0:0:0:0:0:1 | User Name: anonymous_user | User ID: anonymous_id | GET /swagger-ui/swagger-initializer.js] c.e.e.filter.RequestLoggingFilter - Incoming Request
2026-05-10 00:26:54 [http-nio-8080-exec-5] INFO  [IP: 0:0:0:0:0:0:0:1 | User Name: anonymous_user | User ID: anonymous_id | GET /swagger-ui/swagger-ui-standalone-preset.js] c.e.e.filter.RequestLoggingFilter - Completed in 94 ms with status 200
2026-05-10 00:26:54 [http-nio-8080-exec-4] INFO  [IP: 0:0:0:0:0:0:0:1 | User Name: anonymous_user | User ID: anonymous_id | GET /swagger-ui/swagger-ui-bundle.js] c.e.e.filter.RequestLoggingFilter - Completed in 243 ms with status 200
2026-05-10 00:26:54 [http-nio-8080-exec-6] INFO  [IP: 0:0:0:0:0:0:0:1 | User Name: anonymous_user | User ID: anonymous_id | GET /swagger-ui/swagger-initializer.js] c.e.e.filter.RequestLoggingFilter - Completed in 173 ms with status 200
2026-05-10 00:26:55 [http-nio-8080-exec-7] INFO  [IP: 0:0:0:0:0:0:0:1 | User Name: anonymous_user | User ID: anonymous_id | GET /v3/api-docs/swagger-config] c.e.e.filter.RequestLoggingFilter - Incoming Request
2026-05-10 00:26:55 [http-nio-8080-exec-8] INFO  [IP: 0:0:0:0:0:0:0:1 | User Name: anonymous_user | User ID: anonymous_id | GET /swagger-ui/favicon-32x32.png] c.e.e.filter.RequestLoggingFilter - Incoming Request
2026-05-10 00:26:55 [http-nio-8080-exec-8] INFO  [IP: 0:0:0:0:0:0:0:1 | User Name: anonymous_user | User ID: anonymous_id | GET /swagger-ui/favicon-32x32.png] c.e.e.filter.RequestLoggingFilter - Completed in 8 ms with status 200
2026-05-10 00:26:55 [http-nio-8080-exec-7] INFO  [IP: 0:0:0:0:0:0:0:1 | User Name: anonymous_user | User ID: anonymous_id | GET /v3/api-docs/swagger-config] c.e.e.filter.RequestLoggingFilter - Completed in 176 ms with status 200
2026-05-10 00:26:55 [http-nio-8080-exec-9] INFO  [IP: 0:0:0:0:0:0:0:1 | User Name: anonymous_user | User ID: anonymous_id | GET /v3/api-docs] c.e.e.filter.RequestLoggingFilter - Incoming Request
2026-05-10 00:26:57 [http-nio-8080-exec-9] INFO  [IP: 0:0:0:0:0:0:0:1 | User Name: anonymous_user | User ID: anonymous_id | GET /v3/api-docs] o.s.api.AbstractOpenApiResource - Init duration for springdoc-openapi is: 2224 ms
2026-05-10 00:26:57 [http-nio-8080-exec-9] INFO  [IP: 0:0:0:0:0:0:0:1 | User Name: anonymous_user | User ID: anonymous_id | GET /v3/api-docs] c.e.e.filter.RequestLoggingFilter - Completed in 2401 ms with status 200
2026-05-10 00:27:26 [http-nio-8080-exec-10] INFO  [IP: 0:0:0:0:0:0:0:1 | User Name: anonymous_user | User ID: anonymous_id | POST /api/auth/login] c.e.e.filter.RequestLoggingFilter - Incoming Request
2026-05-10 00:27:27 [http-nio-8080-exec-10] INFO  [IP: 0:0:0:0:0:0:0:1 | User Name: anonymous_user | User ID: anonymous_id | POST /api/auth/login] c.e.eventsphere.service.TokenService - Secure Refresh Token generated and hashed for user ID: 81ca140f-1ec2-4231-b15e-dffd7ec0e491
2026-05-10 00:27:27 [http-nio-8080-exec-10] INFO  [IP: 0:0:0:0:0:0:0:1 | User Name: anonymous_user | User ID: anonymous_id | POST /api/auth/login] c.e.eventsphere.service.AuthService - Successful login for user: ali.imran
2026-05-10 00:27:27 [http-nio-8080-exec-10] INFO  [IP: 0:0:0:0:0:0:0:1 | User Name: anonymous_user | User ID: anonymous_id | POST /api/auth/login] c.e.e.filter.RequestLoggingFilter - Completed in 1392 ms with status 200
2026-05-10 00:31:19 [http-nio-8080-exec-6] INFO  [IP: 0:0:0:0:0:0:0:1 | User Name: ali.imran | User ID: 81ca140f-1ec2-4231-b15e-dffd7ec0e491 | GET /api/users/get-profile] c.e.e.filter.RequestLoggingFilter - Incoming Request
2026-05-10 00:31:19 [http-nio-8080-exec-6] INFO  [IP: 0:0:0:0:0:0:0:1 | User Name: ali.imran | User ID: 81ca140f-1ec2-4231-b15e-dffd7ec0e491 | GET /api/users/get-profile] c.e.e.filter.RequestLoggingFilter - Completed in 635 ms with status 200
2026-05-10 00:31:36 [http-nio-8080-exec-8] INFO  [IP: 0:0:0:0:0:0:0:1 | User Name: ali.imran | User ID: 81ca140f-1ec2-4231-b15e-dffd7ec0e491 | GET /api/organization/my-org] c.e.e.filter.RequestLoggingFilter - Incoming Request
2026-05-10 00:31:36 [http-nio-8080-exec-8] INFO  [IP: 0:0:0:0:0:0:0:1 | User Name: ali.imran | User ID: 81ca140f-1ec2-4231-b15e-dffd7ec0e491 | GET /api/organization/my-org] c.e.e.filter.RequestLoggingFilter - Completed in 463 ms with status 200
2026-05-10 00:32:06 [http-nio-8080-exec-7] INFO  [IP: 0:0:0:0:0:0:0:1 | User Name: ali.imran | User ID: 81ca140f-1ec2-4231-b15e-dffd7ec0e491 | GET /api/categories/get-all-categories] c.e.e.filter.RequestLoggingFilter - Incoming Request
2026-05-10 00:32:06 [http-nio-8080-exec-7] WARN  [IP: 0:0:0:0:0:0:0:1 | User Name: ali.imran | User ID: 81ca140f-1ec2-4231-b15e-dffd7ec0e491 | GET /api/categories/get-all-categories] c.e.e.e.GlobalExceptionHandler - Business rule violation at /api/categories/get-all-categories: Failed to evaluate expression 'hasRole('ADMIN','ORGANIZER')'
2026-05-10 00:32:06 [http-nio-8080-exec-7] INFO  [IP: 0:0:0:0:0:0:0:1 | User Name: ali.imran | User ID: 81ca140f-1ec2-4231-b15e-dffd7ec0e491 | GET /api/categories/get-all-categories] c.e.e.filter.RequestLoggingFilter - Completed in 50 ms with status 400
2026-05-10 00:33:34 [SpringApplicationShutdownHook] INFO  [IP:  | User Name:  | User ID:  |  ] o.s.b.w.e.tomcat.GracefulShutdown - Commencing graceful shutdown. Waiting for active requests to complete
2026-05-10 00:33:36 [tomcat-shutdown] INFO  [IP:  | User Name:  | User ID:  |  ] o.s.b.w.e.tomcat.GracefulShutdown - Graceful shutdown complete
2026-05-10 00:33:36 [SpringApplicationShutdownHook] INFO  [IP:  | User Name:  | User ID:  |  ] o.s.o.j.LocalContainerEntityManagerFactoryBean - Closing JPA EntityManagerFactory for persistence unit 'default'
2026-05-10 00:33:36 [SpringApplicationShutdownHook] INFO  [IP:  | User Name:  | User ID:  |  ] com.zaxxer.hikari.HikariDataSource - HikariPool-1 - Shutdown initiated...
2026-05-10 00:33:36 [SpringApplicationShutdownHook] INFO  [IP:  | User Name:  | User ID:  |  ] com.zaxxer.hikari.HikariDataSource - HikariPool-1 - Shutdown completed.
2026-05-10 00:34:00 [background-preinit] INFO  [IP:  | User Name:  | User ID:  |  ] o.h.validator.internal.util.Version - HV000001: Hibernate Validator 8.0.3.Final
2026-05-10 00:34:01 [main] INFO  [IP:  | User Name:  | User ID:  |  ] c.e.e.EventsphereApplication - Starting EventsphereApplication using Java 17.0.14 with PID 20496 (D:\SpringBoot\eventsphere\target\classes started by AMU in D:\SpringBoot\eventsphere)
2026-05-10 00:34:01 [main] INFO  [IP:  | User Name:  | User ID:  |  ] c.e.e.EventsphereApplication - No active profile set, falling back to 1 default profile: "default"
2026-05-10 00:34:06 [main] INFO  [IP:  | User Name:  | User ID:  |  ] o.s.d.r.c.RepositoryConfigurationDelegate - Multiple Spring Data modules found, entering strict repository configuration mode
2026-05-10 00:34:06 [main] INFO  [IP:  | User Name:  | User ID:  |  ] o.s.d.r.c.RepositoryConfigurationDelegate - Bootstrapping Spring Data JPA repositories in DEFAULT mode.
2026-05-10 00:34:07 [main] INFO  [IP:  | User Name:  | User ID:  |  ] o.s.d.r.c.RepositoryConfigurationDelegate - Finished Spring Data repository scanning in 485 ms. Found 6 JPA repository interfaces.
2026-05-10 00:34:07 [main] INFO  [IP:  | User Name:  | User ID:  |  ] o.s.d.r.c.RepositoryConfigurationDelegate - Multiple Spring Data modules found, entering strict repository configuration mode
2026-05-10 00:34:07 [main] INFO  [IP:  | User Name:  | User ID:  |  ] o.s.d.r.c.RepositoryConfigurationDelegate - Bootstrapping Spring Data Redis repositories in DEFAULT mode.
2026-05-10 00:34:07 [main] INFO  [IP:  | User Name:  | User ID:  |  ] o.s.d.r.c.RepositoryConfigurationExtensionSupport - Spring Data Redis - Could not safely identify store assignment for repository candidate interface com.example.eventsphere.repository.CategoryRepository; If you want this repository to be a Redis repository, consider annotating your entities with one of these annotations: org.springframework.data.redis.core.RedisHash (preferred), or consider extending one of the following types with your repository: org.springframework.data.keyvalue.repository.KeyValueRepository
2026-05-10 00:34:07 [main] INFO  [IP:  | User Name:  | User ID:  |  ] o.s.d.r.c.RepositoryConfigurationExtensionSupport - Spring Data Redis - Could not safely identify store assignment for repository candidate interface com.example.eventsphere.repository.EventRepository; If you want this repository to be a Redis repository, consider annotating your entities with one of these annotations: org.springframework.data.redis.core.RedisHash (preferred), or consider extending one of the following types with your repository: org.springframework.data.keyvalue.repository.KeyValueRepository
2026-05-10 00:34:07 [main] INFO  [IP:  | User Name:  | User ID:  |  ] o.s.d.r.c.RepositoryConfigurationExtensionSupport - Spring Data Redis - Could not safely identify store assignment for repository candidate interface com.example.eventsphere.repository.OrganizationMemberRepository; If you want this repository to be a Redis repository, consider annotating your entities with one of these annotations: org.springframework.data.redis.core.RedisHash (preferred), or consider extending one of the following types with your repository: org.springframework.data.keyvalue.repository.KeyValueRepository
2026-05-10 00:34:07 [main] INFO  [IP:  | User Name:  | User ID:  |  ] o.s.d.r.c.RepositoryConfigurationExtensionSupport - Spring Data Redis - Could not safely identify store assignment for repository candidate interface com.example.eventsphere.repository.OrganizationRepository; If you want this repository to be a Redis repository, consider annotating your entities with one of these annotations: org.springframework.data.redis.core.RedisHash (preferred), or consider extending one of the following types with your repository: org.springframework.data.keyvalue.repository.KeyValueRepository
2026-05-10 00:34:07 [main] INFO  [IP:  | User Name:  | User ID:  |  ] o.s.d.r.c.RepositoryConfigurationExtensionSupport - Spring Data Redis - Could not safely identify store assignment for repository candidate interface com.example.eventsphere.repository.TokenRepository; If you want this repository to be a Redis repository, consider annotating your entities with one of these annotations: org.springframework.data.redis.core.RedisHash (preferred), or consider extending one of the following types with your repository: org.springframework.data.keyvalue.repository.KeyValueRepository
2026-05-10 00:34:07 [main] INFO  [IP:  | User Name:  | User ID:  |  ] o.s.d.r.c.RepositoryConfigurationExtensionSupport - Spring Data Redis - Could not safely identify store assignment for repository candidate interface com.example.eventsphere.repository.UserRepository; If you want this repository to be a Redis repository, consider annotating your entities with one of these annotations: org.springframework.data.redis.core.RedisHash (preferred), or consider extending one of the following types with your repository: org.springframework.data.keyvalue.repository.KeyValueRepository
2026-05-10 00:34:07 [main] INFO  [IP:  | User Name:  | User ID:  |  ] o.s.d.r.c.RepositoryConfigurationDelegate - Finished Spring Data repository scanning in 49 ms. Found 0 Redis repository interfaces.
2026-05-10 00:34:10 [main] INFO  [IP:  | User Name:  | User ID:  |  ] o.s.b.w.e.tomcat.TomcatWebServer - Tomcat initialized with port 8080 (http)
2026-05-10 00:34:10 [main] INFO  [IP:  | User Name:  | User ID:  |  ] o.a.coyote.http11.Http11NioProtocol - Initializing ProtocolHandler ["http-nio-8080"]
2026-05-10 00:34:10 [main] INFO  [IP:  | User Name:  | User ID:  |  ] o.a.catalina.core.StandardService - Starting service [Tomcat]
2026-05-10 00:34:10 [main] INFO  [IP:  | User Name:  | User ID:  |  ] o.a.catalina.core.StandardEngine - Starting Servlet engine: [Apache Tomcat/10.1.53]
2026-05-10 00:34:11 [main] INFO  [IP:  | User Name:  | User ID:  |  ] o.a.c.c.C.[Tomcat].[localhost].[/] - Initializing Spring embedded WebApplicationContext
2026-05-10 00:34:11 [main] INFO  [IP:  | User Name:  | User ID:  |  ] o.s.b.w.s.c.ServletWebServerApplicationContext - Root WebApplicationContext: initialization completed in 9546 ms
2026-05-10 00:34:11 [main] INFO  [IP:  | User Name:  | User ID:  |  ] o.h.jpa.internal.util.LogHelper - HHH000204: Processing PersistenceUnitInfo [name: default]
2026-05-10 00:34:12 [main] INFO  [IP:  | User Name:  | User ID:  |  ] org.hibernate.Version - HHH000412: Hibernate ORM core version 6.6.45.Final
2026-05-10 00:34:12 [main] INFO  [IP:  | User Name:  | User ID:  |  ] o.h.s.integration.SpatialService - HHH80000001: hibernate-spatial integration enabled : true
2026-05-10 00:34:12 [main] INFO  [IP:  | User Name:  | User ID:  |  ] o.h.c.i.RegionFactoryInitiator - HHH000026: Second-level cache disabled
2026-05-10 00:34:12 [main] INFO  [IP:  | User Name:  | User ID:  |  ] com.zaxxer.hikari.HikariDataSource - HikariPool-1 - Starting...
2026-05-10 00:34:16 [main] INFO  [IP:  | User Name:  | User ID:  |  ] com.zaxxer.hikari.pool.HikariPool - HikariPool-1 - Added connection org.postgresql.jdbc.PgConnection@178dc733
2026-05-10 00:34:16 [main] INFO  [IP:  | User Name:  | User ID:  |  ] com.zaxxer.hikari.HikariDataSource - HikariPool-1 - Start completed.
2026-05-10 00:34:16 [main] WARN  [IP:  | User Name:  | User ID:  |  ] org.hibernate.orm.deprecation - HHH90000025: PostgreSQLDialect does not need to be specified explicitly using 'hibernate.dialect' (remove the property setting and it will be selected by default)
2026-05-10 00:34:17 [main] INFO  [IP:  | User Name:  | User ID:  |  ] o.hibernate.orm.connections.pooling - HHH10001005: Database info:
	Database JDBC URL [Connecting through datasource 'HikariDataSource (HikariPool-1)']
	Database driver: undefined/unknown
	Database version: 17.6
	Autocommit mode: undefined/unknown
	Isolation level: undefined/unknown
	Minimum pool size: undefined/unknown
	Maximum pool size: undefined/unknown
2026-05-10 00:34:17 [main] INFO  [IP:  | User Name:  | User ID:  |  ] org.hibernate.spatial - HHH80000003: hibernate-spatial adding type contributions from : org.hibernate.spatial.dialect.postgis.PostgisDialectContributor
2026-05-10 00:34:17 [main] INFO  [IP:  | User Name:  | User ID:  |  ] o.s.o.j.p.SpringPersistenceUnitInfo - No LoadTimeWeaver setup: ignoring JPA class transformer
2026-05-10 00:34:17 [main] INFO  [IP:  | User Name:  | User ID:  |  ] org.hibernate.spatial - HHH80000003: hibernate-spatial adding type contributions from : org.hibernate.spatial.dialect.postgis.PostgisDialectContributor
2026-05-10 00:34:19 [main] INFO  [IP:  | User Name:  | User ID:  |  ] org.hibernate.spatial - HHH80000004: hibernate-spatial adding function contributions from : org.hibernate.spatial.dialect.postgis.PostgisDialectContributor
2026-05-10 00:34:20 [main] INFO  [IP:  | User Name:  | User ID:  |  ] o.h.e.t.j.p.i.JtaPlatformInitiator - HHH000489: No JTA platform available (set 'hibernate.transaction.jta.platform' to enable JTA platform integration)
2026-05-10 00:34:20 [main] INFO  [IP:  | User Name:  | User ID:  |  ] o.s.o.j.LocalContainerEntityManagerFactoryBean - Initialized JPA EntityManagerFactory for persistence unit 'default'
2026-05-10 00:34:21 [main] INFO  [IP:  | User Name:  | User ID:  |  ] o.s.d.j.r.query.QueryEnhancerFactory - Hibernate is in classpath; If applicable, HQL parser will be used.
2026-05-10 00:34:32 [main] INFO  [IP:  | User Name:  | User ID:  |  ] o.s.s.c.a.a.c.InitializeAuthenticationProviderBeanManagerConfigurer$InitializeAuthenticationProviderManagerConfigurer - Global AuthenticationManager configured with AuthenticationProvider bean with name authenticationProvider
2026-05-10 00:34:32 [main] WARN  [IP:  | User Name:  | User ID:  |  ] o.s.s.c.a.a.c.InitializeUserDetailsBeanManagerConfigurer$InitializeUserDetailsManagerConfigurer - Global AuthenticationManager configured with an AuthenticationProvider bean. UserDetailsService beans will not be used by Spring Security for automatically configuring username/password login. Consider removing the AuthenticationProvider bean. Alternatively, consider using the UserDetailsService in a manually instantiated DaoAuthenticationProvider. If the current configuration is intentional, to turn off this warning, increase the logging level of 'org.springframework.security.config.annotation.authentication.configuration.InitializeUserDetailsBeanManagerConfigurer' to ERROR
2026-05-10 00:34:34 [main] INFO  [IP:  | User Name:  | User ID:  |  ] o.a.coyote.http11.Http11NioProtocol - Starting ProtocolHandler ["http-nio-8080"]
2026-05-10 00:34:34 [main] INFO  [IP:  | User Name:  | User ID:  |  ] o.s.b.w.e.tomcat.TomcatWebServer - Tomcat started on port 8080 (http) with context path '/'
2026-05-10 00:34:34 [main] INFO  [IP:  | User Name:  | User ID:  |  ] c.e.e.EventsphereApplication - Started EventsphereApplication in 36.667 seconds (process running for 39.035)
2026-05-10 00:34:35 [main] INFO  [IP:  | User Name:  | User ID:  |  ] c.e.eventsphere.config.AdminConfig - Default Admin already exists. Skipping seeding.
2026-05-10 01:12:17 [http-nio-8080-exec-1] INFO  [IP:  | User Name:  | User ID:  |  ] o.a.c.c.C.[Tomcat].[localhost].[/] - Initializing Spring DispatcherServlet 'dispatcherServlet'
2026-05-10 01:12:17 [http-nio-8080-exec-1] INFO  [IP:  | User Name:  | User ID:  |  ] o.s.web.servlet.DispatcherServlet - Initializing Servlet 'dispatcherServlet'
2026-05-10 01:12:17 [http-nio-8080-exec-1] INFO  [IP:  | User Name:  | User ID:  |  ] o.s.web.servlet.DispatcherServlet - Completed initialization in 16 ms
2026-05-10 01:12:17 [http-nio-8080-exec-1] INFO  [IP: 0:0:0:0:0:0:0:1 | User Name: anonymous_user | User ID: anonymous_id | GET /swagger-ui/index.html] c.e.e.filter.RequestLoggingFilter - Incoming Request
2026-05-10 01:12:18 [http-nio-8080-exec-1] INFO  [IP: 0:0:0:0:0:0:0:1 | User Name: anonymous_user | User ID: anonymous_id | GET /swagger-ui/index.html] c.e.e.filter.RequestLoggingFilter - Completed in 309 ms with status 200
2026-05-10 01:12:18 [http-nio-8080-exec-2] INFO  [IP: 0:0:0:0:0:0:0:1 | User Name: anonymous_user | User ID: anonymous_id | GET /swagger-ui/swagger-ui.css] c.e.e.filter.RequestLoggingFilter - Incoming Request
2026-05-10 01:12:18 [http-nio-8080-exec-3] INFO  [IP: 0:0:0:0:0:0:0:1 | User Name: anonymous_user | User ID: anonymous_id | GET /swagger-ui/index.css] c.e.e.filter.RequestLoggingFilter - Incoming Request
2026-05-10 01:12:18 [http-nio-8080-exec-3] INFO  [IP: 0:0:0:0:0:0:0:1 | User Name: anonymous_user | User ID: anonymous_id | GET /swagger-ui/index.css] c.e.e.filter.RequestLoggingFilter - Completed in 32 ms with status 200
2026-05-10 01:12:18 [http-nio-8080-exec-2] INFO  [IP: 0:0:0:0:0:0:0:1 | User Name: anonymous_user | User ID: anonymous_id | GET /swagger-ui/swagger-ui.css] c.e.e.filter.RequestLoggingFilter - Completed in 51 ms with status 200
2026-05-10 01:12:18 [http-nio-8080-exec-4] INFO  [IP: 0:0:0:0:0:0:0:1 | User Name: anonymous_user | User ID: anonymous_id | GET /swagger-ui/swagger-ui-bundle.js] c.e.e.filter.RequestLoggingFilter - Incoming Request
2026-05-10 01:12:18 [http-nio-8080-exec-6] INFO  [IP: 0:0:0:0:0:0:0:1 | User Name: anonymous_user | User ID: anonymous_id | GET /swagger-ui/swagger-initializer.js] c.e.e.filter.RequestLoggingFilter - Incoming Request
2026-05-10 01:12:18 [http-nio-8080-exec-5] INFO  [IP: 0:0:0:0:0:0:0:1 | User Name: anonymous_user | User ID: anonymous_id | GET /swagger-ui/swagger-ui-standalone-preset.js] c.e.e.filter.RequestLoggingFilter - Incoming Request
2026-05-10 01:12:18 [http-nio-8080-exec-5] INFO  [IP: 0:0:0:0:0:0:0:1 | User Name: anonymous_user | User ID: anonymous_id | GET /swagger-ui/swagger-ui-standalone-preset.js] c.e.e.filter.RequestLoggingFilter - Completed in 112 ms with status 200
2026-05-10 01:12:19 [http-nio-8080-exec-4] INFO  [IP: 0:0:0:0:0:0:0:1 | User Name: anonymous_user | User ID: anonymous_id | GET /swagger-ui/swagger-ui-bundle.js] c.e.e.filter.RequestLoggingFilter - Completed in 765 ms with status 200
2026-05-10 01:12:19 [http-nio-8080-exec-6] INFO  [IP: 0:0:0:0:0:0:0:1 | User Name: anonymous_user | User ID: anonymous_id | GET /swagger-ui/swagger-initializer.js] c.e.e.filter.RequestLoggingFilter - Completed in 853 ms with status 200
2026-05-10 01:12:20 [http-nio-8080-exec-7] INFO  [IP: 0:0:0:0:0:0:0:1 | User Name: anonymous_user | User ID: anonymous_id | GET /v3/api-docs/swagger-config] c.e.e.filter.RequestLoggingFilter - Incoming Request
2026-05-10 01:12:20 [http-nio-8080-exec-8] INFO  [IP: 0:0:0:0:0:0:0:1 | User Name: anonymous_user | User ID: anonymous_id | GET /swagger-ui/favicon-32x32.png] c.e.e.filter.RequestLoggingFilter - Incoming Request
2026-05-10 01:12:20 [http-nio-8080-exec-8] INFO  [IP: 0:0:0:0:0:0:0:1 | User Name: anonymous_user | User ID: anonymous_id | GET /swagger-ui/favicon-32x32.png] c.e.e.filter.RequestLoggingFilter - Completed in 17 ms with status 200
2026-05-10 01:12:20 [http-nio-8080-exec-7] INFO  [IP: 0:0:0:0:0:0:0:1 | User Name: anonymous_user | User ID: anonymous_id | GET /v3/api-docs/swagger-config] c.e.e.filter.RequestLoggingFilter - Completed in 170 ms with status 200
2026-05-10 01:12:20 [http-nio-8080-exec-9] INFO  [IP: 0:0:0:0:0:0:0:1 | User Name: anonymous_user | User ID: anonymous_id | GET /v3/api-docs] c.e.e.filter.RequestLoggingFilter - Incoming Request
2026-05-10 01:12:26 [http-nio-8080-exec-9] INFO  [IP: 0:0:0:0:0:0:0:1 | User Name: anonymous_user | User ID: anonymous_id | GET /v3/api-docs] o.s.api.AbstractOpenApiResource - Init duration for springdoc-openapi is: 5699 ms
2026-05-10 01:12:26 [http-nio-8080-exec-9] INFO  [IP: 0:0:0:0:0:0:0:1 | User Name: anonymous_user | User ID: anonymous_id | GET /v3/api-docs] c.e.e.filter.RequestLoggingFilter - Completed in 5977 ms with status 200
2026-05-10 01:12:37 [http-nio-8080-exec-10] INFO  [IP: 0:0:0:0:0:0:0:1 | User Name: anonymous_user | User ID: anonymous_id | GET /api/categories/get-all-categories] c.e.e.filter.RequestLoggingFilter - Incoming Request
2026-05-10 01:12:37 [http-nio-8080-exec-10] INFO  [IP: 0:0:0:0:0:0:0:1 | User Name: anonymous_user | User ID: anonymous_id | GET /api/categories/get-all-categories] c.e.e.filter.RequestLoggingFilter - Completed in 5 ms with status 403
2026-05-10 01:13:21 [http-nio-8080-exec-3] INFO  [IP: 0:0:0:0:0:0:0:1 | User Name: anonymous_user | User ID: anonymous_id | POST /api/auth/login] c.e.e.filter.RequestLoggingFilter - Incoming Request
2026-05-10 01:13:22 [http-nio-8080-exec-3] INFO  [IP: 0:0:0:0:0:0:0:1 | User Name: anonymous_user | User ID: anonymous_id | POST /api/auth/login] c.e.eventsphere.service.TokenService - Secure Refresh Token generated and hashed for user ID: 81ca140f-1ec2-4231-b15e-dffd7ec0e491
2026-05-10 01:13:22 [http-nio-8080-exec-3] INFO  [IP: 0:0:0:0:0:0:0:1 | User Name: anonymous_user | User ID: anonymous_id | POST /api/auth/login] c.e.eventsphere.service.AuthService - Successful login for user: ali.imran
2026-05-10 01:13:22 [http-nio-8080-exec-3] INFO  [IP: 0:0:0:0:0:0:0:1 | User Name: anonymous_user | User ID: anonymous_id | POST /api/auth/login] c.e.e.filter.RequestLoggingFilter - Completed in 1415 ms with status 200
2026-05-10 01:13:42 [http-nio-8080-exec-5] INFO  [IP: 0:0:0:0:0:0:0:1 | User Name: ali.imran | User ID: 81ca140f-1ec2-4231-b15e-dffd7ec0e491 | GET /api/categories/get-all-categories] c.e.e.filter.RequestLoggingFilter - Incoming Request
2026-05-10 01:13:43 [http-nio-8080-exec-5] INFO  [IP: 0:0:0:0:0:0:0:1 | User Name: ali.imran | User ID: 81ca140f-1ec2-4231-b15e-dffd7ec0e491 | GET /api/categories/get-all-categories] c.e.e.filter.RequestLoggingFilter - Completed in 662 ms with status 200
2026-05-10 01:14:43 [SpringApplicationShutdownHook] INFO  [IP:  | User Name:  | User ID:  |  ] o.s.b.w.e.tomcat.GracefulShutdown - Commencing graceful shutdown. Waiting for active requests to complete
2026-05-10 01:14:44 [tomcat-shutdown] INFO  [IP:  | User Name:  | User ID:  |  ] o.s.b.w.e.tomcat.GracefulShutdown - Graceful shutdown complete
2026-05-10 01:14:44 [SpringApplicationShutdownHook] INFO  [IP:  | User Name:  | User ID:  |  ] o.s.o.j.LocalContainerEntityManagerFactoryBean - Closing JPA EntityManagerFactory for persistence unit 'default'
2026-05-10 01:14:44 [SpringApplicationShutdownHook] INFO  [IP:  | User Name:  | User ID:  |  ] com.zaxxer.hikari.HikariDataSource - HikariPool-1 - Shutdown initiated...
2026-05-10 01:14:45 [SpringApplicationShutdownHook] INFO  [IP:  | User Name:  | User ID:  |  ] com.zaxxer.hikari.HikariDataSource - HikariPool-1 - Shutdown completed.
2026-05-10 01:17:04 [background-preinit] INFO  [IP:  | User Name:  | User ID:  |  ] o.h.validator.internal.util.Version - HV000001: Hibernate Validator 8.0.3.Final
2026-05-10 01:17:04 [main] INFO  [IP:  | User Name:  | User ID:  |  ] c.e.e.EventsphereApplication - Starting EventsphereApplication using Java 17.0.14 with PID 8868 (D:\SpringBoot\eventsphere\target\classes started by AMU in D:\SpringBoot\eventsphere)
2026-05-10 01:17:04 [main] INFO  [IP:  | User Name:  | User ID:  |  ] c.e.e.EventsphereApplication - No active profile set, falling back to 1 default profile: "default"
2026-05-10 01:17:08 [main] INFO  [IP:  | User Name:  | User ID:  |  ] o.s.d.r.c.RepositoryConfigurationDelegate - Multiple Spring Data modules found, entering strict repository configuration mode
2026-05-10 01:17:08 [main] INFO  [IP:  | User Name:  | User ID:  |  ] o.s.d.r.c.RepositoryConfigurationDelegate - Bootstrapping Spring Data JPA repositories in DEFAULT mode.
2026-05-10 01:17:09 [main] INFO  [IP:  | User Name:  | User ID:  |  ] o.s.d.r.c.RepositoryConfigurationDelegate - Finished Spring Data repository scanning in 503 ms. Found 6 JPA repository interfaces.
2026-05-10 01:17:09 [main] INFO  [IP:  | User Name:  | User ID:  |  ] o.s.d.r.c.RepositoryConfigurationDelegate - Multiple Spring Data modules found, entering strict repository configuration mode
2026-05-10 01:17:09 [main] INFO  [IP:  | User Name:  | User ID:  |  ] o.s.d.r.c.RepositoryConfigurationDelegate - Bootstrapping Spring Data Redis repositories in DEFAULT mode.
2026-05-10 01:17:09 [main] INFO  [IP:  | User Name:  | User ID:  |  ] o.s.d.r.c.RepositoryConfigurationExtensionSupport - Spring Data Redis - Could not safely identify store assignment for repository candidate interface com.example.eventsphere.repository.CategoryRepository; If you want this repository to be a Redis repository, consider annotating your entities with one of these annotations: org.springframework.data.redis.core.RedisHash (preferred), or consider extending one of the following types with your repository: org.springframework.data.keyvalue.repository.KeyValueRepository
2026-05-10 01:17:09 [main] INFO  [IP:  | User Name:  | User ID:  |  ] o.s.d.r.c.RepositoryConfigurationExtensionSupport - Spring Data Redis - Could not safely identify store assignment for repository candidate interface com.example.eventsphere.repository.EventRepository; If you want this repository to be a Redis repository, consider annotating your entities with one of these annotations: org.springframework.data.redis.core.RedisHash (preferred), or consider extending one of the following types with your repository: org.springframework.data.keyvalue.repository.KeyValueRepository
2026-05-10 01:17:09 [main] INFO  [IP:  | User Name:  | User ID:  |  ] o.s.d.r.c.RepositoryConfigurationExtensionSupport - Spring Data Redis - Could not safely identify store assignment for repository candidate interface com.example.eventsphere.repository.OrganizationMemberRepository; If you want this repository to be a Redis repository, consider annotating your entities with one of these annotations: org.springframework.data.redis.core.RedisHash (preferred), or consider extending one of the following types with your repository: org.springframework.data.keyvalue.repository.KeyValueRepository
2026-05-10 01:17:09 [main] INFO  [IP:  | User Name:  | User ID:  |  ] o.s.d.r.c.RepositoryConfigurationExtensionSupport - Spring Data Redis - Could not safely identify store assignment for repository candidate interface com.example.eventsphere.repository.OrganizationRepository; If you want this repository to be a Redis repository, consider annotating your entities with one of these annotations: org.springframework.data.redis.core.RedisHash (preferred), or consider extending one of the following types with your repository: org.springframework.data.keyvalue.repository.KeyValueRepository
2026-05-10 01:17:09 [main] INFO  [IP:  | User Name:  | User ID:  |  ] o.s.d.r.c.RepositoryConfigurationExtensionSupport - Spring Data Redis - Could not safely identify store assignment for repository candidate interface com.example.eventsphere.repository.TokenRepository; If you want this repository to be a Redis repository, consider annotating your entities with one of these annotations: org.springframework.data.redis.core.RedisHash (preferred), or consider extending one of the following types with your repository: org.springframework.data.keyvalue.repository.KeyValueRepository
2026-05-10 01:17:09 [main] INFO  [IP:  | User Name:  | User ID:  |  ] o.s.d.r.c.RepositoryConfigurationExtensionSupport - Spring Data Redis - Could not safely identify store assignment for repository candidate interface com.example.eventsphere.repository.UserRepository; If you want this repository to be a Redis repository, consider annotating your entities with one of these annotations: org.springframework.data.redis.core.RedisHash (preferred), or consider extending one of the following types with your repository: org.springframework.data.keyvalue.repository.KeyValueRepository
2026-05-10 01:17:09 [main] INFO  [IP:  | User Name:  | User ID:  |  ] o.s.d.r.c.RepositoryConfigurationDelegate - Finished Spring Data repository scanning in 38 ms. Found 0 Redis repository interfaces.
2026-05-10 01:17:11 [main] INFO  [IP:  | User Name:  | User ID:  |  ] o.s.b.w.e.tomcat.TomcatWebServer - Tomcat initialized with port 8080 (http)
2026-05-10 01:17:11 [main] INFO  [IP:  | User Name:  | User ID:  |  ] o.a.coyote.http11.Http11NioProtocol - Initializing ProtocolHandler ["http-nio-8080"]
2026-05-10 01:17:11 [main] INFO  [IP:  | User Name:  | User ID:  |  ] o.a.catalina.core.StandardService - Starting service [Tomcat]
2026-05-10 01:17:11 [main] INFO  [IP:  | User Name:  | User ID:  |  ] o.a.catalina.core.StandardEngine - Starting Servlet engine: [Apache Tomcat/10.1.53]
2026-05-10 01:17:12 [main] INFO  [IP:  | User Name:  | User ID:  |  ] o.a.c.c.C.[Tomcat].[localhost].[/] - Initializing Spring embedded WebApplicationContext
2026-05-10 01:17:12 [main] INFO  [IP:  | User Name:  | User ID:  |  ] o.s.b.w.s.c.ServletWebServerApplicationContext - Root WebApplicationContext: initialization completed in 7022 ms
2026-05-10 01:17:12 [main] INFO  [IP:  | User Name:  | User ID:  |  ] o.h.jpa.internal.util.LogHelper - HHH000204: Processing PersistenceUnitInfo [name: default]
2026-05-10 01:17:13 [main] INFO  [IP:  | User Name:  | User ID:  |  ] org.hibernate.Version - HHH000412: Hibernate ORM core version 6.6.45.Final
2026-05-10 01:17:13 [main] INFO  [IP:  | User Name:  | User ID:  |  ] o.h.s.integration.SpatialService - HHH80000001: hibernate-spatial integration enabled : true
2026-05-10 01:17:13 [main] INFO  [IP:  | User Name:  | User ID:  |  ] o.h.c.i.RegionFactoryInitiator - HHH000026: Second-level cache disabled
2026-05-10 01:17:13 [main] INFO  [IP:  | User Name:  | User ID:  |  ] com.zaxxer.hikari.HikariDataSource - HikariPool-1 - Starting...
2026-05-10 01:17:16 [main] INFO  [IP:  | User Name:  | User ID:  |  ] com.zaxxer.hikari.pool.HikariPool - HikariPool-1 - Added connection org.postgresql.jdbc.PgConnection@6fdc2db6
2026-05-10 01:17:16 [main] INFO  [IP:  | User Name:  | User ID:  |  ] com.zaxxer.hikari.HikariDataSource - HikariPool-1 - Start completed.
2026-05-10 01:17:17 [main] WARN  [IP:  | User Name:  | User ID:  |  ] org.hibernate.orm.deprecation - HHH90000025: PostgreSQLDialect does not need to be specified explicitly using 'hibernate.dialect' (remove the property setting and it will be selected by default)
2026-05-10 01:17:17 [main] INFO  [IP:  | User Name:  | User ID:  |  ] o.hibernate.orm.connections.pooling - HHH10001005: Database info:
	Database JDBC URL [Connecting through datasource 'HikariDataSource (HikariPool-1)']
	Database driver: undefined/unknown
	Database version: 17.6
	Autocommit mode: undefined/unknown
	Isolation level: undefined/unknown
	Minimum pool size: undefined/unknown
	Maximum pool size: undefined/unknown
2026-05-10 01:17:17 [main] INFO  [IP:  | User Name:  | User ID:  |  ] org.hibernate.spatial - HHH80000003: hibernate-spatial adding type contributions from : org.hibernate.spatial.dialect.postgis.PostgisDialectContributor
2026-05-10 01:17:18 [main] INFO  [IP:  | User Name:  | User ID:  |  ] o.s.o.j.p.SpringPersistenceUnitInfo - No LoadTimeWeaver setup: ignoring JPA class transformer
2026-05-10 01:17:18 [main] INFO  [IP:  | User Name:  | User ID:  |  ] org.hibernate.spatial - HHH80000003: hibernate-spatial adding type contributions from : org.hibernate.spatial.dialect.postgis.PostgisDialectContributor
2026-05-10 01:17:19 [main] INFO  [IP:  | User Name:  | User ID:  |  ] org.hibernate.spatial - HHH80000004: hibernate-spatial adding function contributions from : org.hibernate.spatial.dialect.postgis.PostgisDialectContributor
2026-05-10 01:17:21 [main] INFO  [IP:  | User Name:  | User ID:  |  ] o.h.e.t.j.p.i.JtaPlatformInitiator - HHH000489: No JTA platform available (set 'hibernate.transaction.jta.platform' to enable JTA platform integration)
2026-05-10 01:17:21 [main] INFO  [IP:  | User Name:  | User ID:  |  ] o.s.o.j.LocalContainerEntityManagerFactoryBean - Initialized JPA EntityManagerFactory for persistence unit 'default'
2026-05-10 01:17:21 [main] INFO  [IP:  | User Name:  | User ID:  |  ] o.s.d.j.r.query.QueryEnhancerFactory - Hibernate is in classpath; If applicable, HQL parser will be used.
2026-05-10 01:17:28 [main] WARN  [IP:  | User Name:  | User ID:  |  ] o.s.b.w.s.c.AnnotationConfigServletWebServerApplicationContext - Exception encountered during context initialization - cancelling refresh attempt: org.springframework.beans.factory.UnsatisfiedDependencyException: Error creating bean with name 'adminController' defined in file [D:\SpringBoot\eventsphere\target\classes\com\example\eventsphere\controller\AdminController.class]: Unsatisfied dependency expressed through constructor parameter 1: Error creating bean with name 'adminService' defined in file [D:\SpringBoot\eventsphere\target\classes\com\example\eventsphere\service\AdminService.class]: Unsatisfied dependency expressed through constructor parameter 3: Error creating bean with name 'categoryRepository' defined in com.example.eventsphere.repository.CategoryRepository defined in @EnableJpaRepositories declared on JpaRepositoriesRegistrar.EnableJpaRepositoriesConfiguration: Could not create query for public abstract java.util.List com.example.eventsphere.repository.CategoryRepository.findByStatus(com.example.eventsphere.enums.AppStatus); Reason: Failed to create query for method public abstract java.util.List com.example.eventsphere.repository.CategoryRepository.findByStatus(com.example.eventsphere.enums.AppStatus); Could not resolve attribute 'status' of 'com.example.eventsphere.entity.Category'
2026-05-10 01:17:28 [main] INFO  [IP:  | User Name:  | User ID:  |  ] o.s.o.j.LocalContainerEntityManagerFactoryBean - Closing JPA EntityManagerFactory for persistence unit 'default'
2026-05-10 01:17:28 [main] INFO  [IP:  | User Name:  | User ID:  |  ] com.zaxxer.hikari.HikariDataSource - HikariPool-1 - Shutdown initiated...
2026-05-10 01:17:28 [main] INFO  [IP:  | User Name:  | User ID:  |  ] com.zaxxer.hikari.HikariDataSource - HikariPool-1 - Shutdown completed.
2026-05-10 01:17:28 [main] INFO  [IP:  | User Name:  | User ID:  |  ] o.a.catalina.core.StandardService - Stopping service [Tomcat]
2026-05-10 01:17:28 [main] INFO  [IP:  | User Name:  | User ID:  |  ] o.s.b.a.l.ConditionEvaluationReportLogger - 

Error starting ApplicationContext. To display the condition evaluation report re-run your application with 'debug' enabled.
2026-05-10 01:17:28 [main] ERROR [IP:  | User Name:  | User ID:  |  ] o.s.boot.SpringApplication - Application run failed
org.springframework.beans.factory.UnsatisfiedDependencyException: Error creating bean with name 'adminController' defined in file [D:\SpringBoot\eventsphere\target\classes\com\example\eventsphere\controller\AdminController.class]: Unsatisfied dependency expressed through constructor parameter 1: Error creating bean with name 'adminService' defined in file [D:\SpringBoot\eventsphere\target\classes\com\example\eventsphere\service\AdminService.class]: Unsatisfied dependency expressed through constructor parameter 3: Error creating bean with name 'categoryRepository' defined in com.example.eventsphere.repository.CategoryRepository defined in @EnableJpaRepositories declared on JpaRepositoriesRegistrar.EnableJpaRepositoriesConfiguration: Could not create query for public abstract java.util.List com.example.eventsphere.repository.CategoryRepository.findByStatus(com.example.eventsphere.enums.AppStatus); Reason: Failed to create query for method public abstract java.util.List com.example.eventsphere.repository.CategoryRepository.findByStatus(com.example.eventsphere.enums.AppStatus); Could not resolve attribute 'status' of 'com.example.eventsphere.entity.Category'
	at org.springframework.beans.factory.support.ConstructorResolver.createArgumentArray(ConstructorResolver.java:804)
	at org.springframework.beans.factory.support.ConstructorResolver.autowireConstructor(ConstructorResolver.java:240)
	at org.springframework.beans.factory.support.AbstractAutowireCapableBeanFactory.autowireConstructor(AbstractAutowireCapableBeanFactory.java:1395)
	at org.springframework.beans.factory.support.AbstractAutowireCapableBeanFactory.createBeanInstance(AbstractAutowireCapableBeanFactory.java:1232)
	at org.springframework.beans.factory.support.AbstractAutowireCapableBeanFactory.doCreateBean(AbstractAutowireCapableBeanFactory.java:569)
	at org.springframework.beans.factory.support.AbstractAutowireCapableBeanFactory.createBean(AbstractAutowireCapableBeanFactory.java:529)
	at org.springframework.beans.factory.support.AbstractBeanFactory.lambda$doGetBean$0(AbstractBeanFactory.java:339)
	at org.springframework.beans.factory.support.DefaultSingletonBeanRegistry.getSingleton(DefaultSingletonBeanRegistry.java:373)
	at org.springframework.beans.factory.support.AbstractBeanFactory.doGetBean(AbstractBeanFactory.java:337)
	at org.springframework.beans.factory.support.AbstractBeanFactory.getBean(AbstractBeanFactory.java:202)
	at org.springframework.beans.factory.support.DefaultListableBeanFactory.instantiateSingleton(DefaultListableBeanFactory.java:1228)
	at org.springframework.beans.factory.support.DefaultListableBeanFactory.preInstantiateSingleton(DefaultListableBeanFactory.java:1194)
	at org.springframework.beans.factory.support.DefaultListableBeanFactory.preInstantiateSingletons(DefaultListableBeanFactory.java:1130)
	at org.springframework.context.support.AbstractApplicationContext.finishBeanFactoryInitialization(AbstractApplicationContext.java:991)
	at org.springframework.context.support.AbstractApplicationContext.refresh(AbstractApplicationContext.java:628)
	at org.springframework.boot.web.servlet.context.ServletWebServerApplicationContext.refresh(ServletWebServerApplicationContext.java:146)
	at org.springframework.boot.SpringApplication.refresh(SpringApplication.java:752)
	at org.springframework.boot.SpringApplication.refreshContext(SpringApplication.java:439)
	at org.springframework.boot.SpringApplication.run(SpringApplication.java:318)
	at org.springframework.boot.SpringApplication.run(SpringApplication.java:1361)
	at org.springframework.boot.SpringApplication.run(SpringApplication.java:1350)
	at com.example.eventsphere.EventsphereApplication.main(EventsphereApplication.java:27)
Caused by: org.springframework.beans.factory.UnsatisfiedDependencyException: Error creating bean with name 'adminService' defined in file [D:\SpringBoot\eventsphere\target\classes\com\example\eventsphere\service\AdminService.class]: Unsatisfied dependency expressed through constructor parameter 3: Error creating bean with name 'categoryRepository' defined in com.example.eventsphere.repository.CategoryRepository defined in @EnableJpaRepositories declared on JpaRepositoriesRegistrar.EnableJpaRepositoriesConfiguration: Could not create query for public abstract java.util.List com.example.eventsphere.repository.CategoryRepository.findByStatus(com.example.eventsphere.enums.AppStatus); Reason: Failed to create query for method public abstract java.util.List com.example.eventsphere.repository.CategoryRepository.findByStatus(com.example.eventsphere.enums.AppStatus); Could not resolve attribute 'status' of 'com.example.eventsphere.entity.Category'
	at org.springframework.beans.factory.support.ConstructorResolver.createArgumentArray(ConstructorResolver.java:804)
	at org.springframework.beans.factory.support.ConstructorResolver.autowireConstructor(ConstructorResolver.java:240)
	at org.springframework.beans.factory.support.AbstractAutowireCapableBeanFactory.autowireConstructor(AbstractAutowireCapableBeanFactory.java:1395)
	at org.springframework.beans.factory.support.AbstractAutowireCapableBeanFactory.createBeanInstance(AbstractAutowireCapableBeanFactory.java:1232)
	at org.springframework.beans.factory.support.AbstractAutowireCapableBeanFactory.doCreateBean(AbstractAutowireCapableBeanFactory.java:569)
	at org.springframework.beans.factory.support.AbstractAutowireCapableBeanFactory.createBean(AbstractAutowireCapableBeanFactory.java:529)
	at org.springframework.beans.factory.support.AbstractBeanFactory.lambda$doGetBean$0(AbstractBeanFactory.java:339)
	at org.springframework.beans.factory.support.DefaultSingletonBeanRegistry.getSingleton(DefaultSingletonBeanRegistry.java:373)
	at org.springframework.beans.factory.support.AbstractBeanFactory.doGetBean(AbstractBeanFactory.java:337)
	at org.springframework.beans.factory.support.AbstractBeanFactory.getBean(AbstractBeanFactory.java:202)
	at org.springframework.beans.factory.support.DefaultListableBeanFactory.doResolveDependency(DefaultListableBeanFactory.java:1708)
	at org.springframework.beans.factory.support.DefaultListableBeanFactory.resolveDependency(DefaultListableBeanFactory.java:1653)
	at org.springframework.beans.factory.support.ConstructorResolver.resolveAutowiredArgument(ConstructorResolver.java:913)
	at org.springframework.beans.factory.support.ConstructorResolver.createArgumentArray(ConstructorResolver.java:791)
	... 21 common frames omitted
Caused by: org.springframework.beans.factory.BeanCreationException: Error creating bean with name 'categoryRepository' defined in com.example.eventsphere.repository.CategoryRepository defined in @EnableJpaRepositories declared on JpaRepositoriesRegistrar.EnableJpaRepositoriesConfiguration: Could not create query for public abstract java.util.List com.example.eventsphere.repository.CategoryRepository.findByStatus(com.example.eventsphere.enums.AppStatus); Reason: Failed to create query for method public abstract java.util.List com.example.eventsphere.repository.CategoryRepository.findByStatus(com.example.eventsphere.enums.AppStatus); Could not resolve attribute 'status' of 'com.example.eventsphere.entity.Category'
	at org.springframework.beans.factory.support.AbstractAutowireCapableBeanFactory.initializeBean(AbstractAutowireCapableBeanFactory.java:1826)
	at org.springframework.beans.factory.support.AbstractAutowireCapableBeanFactory.doCreateBean(AbstractAutowireCapableBeanFactory.java:607)
	at org.springframework.beans.factory.support.AbstractAutowireCapableBeanFactory.createBean(AbstractAutowireCapableBeanFactory.java:529)
	at org.springframework.beans.factory.support.AbstractBeanFactory.lambda$doGetBean$0(AbstractBeanFactory.java:339)
	at org.springframework.beans.factory.support.DefaultSingletonBeanRegistry.getSingleton(DefaultSingletonBeanRegistry.java:373)
	at org.springframework.beans.factory.support.AbstractBeanFactory.doGetBean(AbstractBeanFactory.java:337)
	at org.springframework.beans.factory.support.AbstractBeanFactory.getBean(AbstractBeanFactory.java:202)
	at org.springframework.beans.factory.support.DefaultListableBeanFactory.doResolveDependency(DefaultListableBeanFactory.java:1708)
	at org.springframework.beans.factory.support.DefaultListableBeanFactory.resolveDependency(DefaultListableBeanFactory.java:1653)
	at org.springframework.beans.factory.support.ConstructorResolver.resolveAutowiredArgument(ConstructorResolver.java:913)
	at org.springframework.beans.factory.support.ConstructorResolver.createArgumentArray(ConstructorResolver.java:791)
	... 34 common frames omitted
Caused by: org.springframework.data.repository.query.QueryCreationException: Could not create query for public abstract java.util.List com.example.eventsphere.repository.CategoryRepository.findByStatus(com.example.eventsphere.enums.AppStatus); Reason: Failed to create query for method public abstract java.util.List com.example.eventsphere.repository.CategoryRepository.findByStatus(com.example.eventsphere.enums.AppStatus); Could not resolve attribute 'status' of 'com.example.eventsphere.entity.Category'
	at org.springframework.data.repository.query.QueryCreationException.create(QueryCreationException.java:101)
	at org.springframework.data.repository.core.support.QueryExecutorMethodInterceptor.lookupQuery(QueryExecutorMethodInterceptor.java:120)
	at org.springframework.data.repository.core.support.QueryExecutorMethodInterceptor.mapMethodsToQuery(QueryExecutorMethodInterceptor.java:104)
	at org.springframework.data.repository.core.support.QueryExecutorMethodInterceptor.lambda$new$0(QueryExecutorMethodInterceptor.java:92)
	at java.base/java.util.Optional.map(Optional.java:260)
	at org.springframework.data.repository.core.support.QueryExecutorMethodInterceptor.<init>(QueryExecutorMethodInterceptor.java:92)
	at org.springframework.data.repository.core.support.RepositoryFactorySupport.getRepository(RepositoryFactorySupport.java:434)
	at org.springframework.data.repository.core.support.RepositoryFactoryBeanSupport.lambda$afterPropertiesSet$4(RepositoryFactoryBeanSupport.java:355)
	at org.springframework.data.util.Lazy.getNullable(Lazy.java:135)
	at org.springframework.data.util.Lazy.get(Lazy.java:113)
	at org.springframework.data.repository.core.support.RepositoryFactoryBeanSupport.afterPropertiesSet(RepositoryFactoryBeanSupport.java:361)
	at org.springframework.data.jpa.repository.support.JpaRepositoryFactoryBean.afterPropertiesSet(JpaRepositoryFactoryBean.java:132)
	at org.springframework.beans.factory.support.AbstractAutowireCapableBeanFactory.invokeInitMethods(AbstractAutowireCapableBeanFactory.java:1873)
	at org.springframework.beans.factory.support.AbstractAutowireCapableBeanFactory.initializeBean(AbstractAutowireCapableBeanFactory.java:1822)
	... 44 common frames omitted
Caused by: java.lang.IllegalArgumentException: Failed to create query for method public abstract java.util.List com.example.eventsphere.repository.CategoryRepository.findByStatus(com.example.eventsphere.enums.AppStatus); Could not resolve attribute 'status' of 'com.example.eventsphere.entity.Category'
	at org.springframework.data.jpa.repository.query.PartTreeJpaQuery.<init>(PartTreeJpaQuery.java:107)
	at org.springframework.data.jpa.repository.query.JpaQueryLookupStrategy$CreateQueryLookupStrategy.resolveQuery(JpaQueryLookupStrategy.java:128)
	at org.springframework.data.jpa.repository.query.JpaQueryLookupStrategy$CreateIfNotFoundQueryLookupStrategy.resolveQuery(JpaQueryLookupStrategy.java:260)
	at org.springframework.data.jpa.repository.query.JpaQueryLookupStrategy$AbstractQueryLookupStrategy.resolveQuery(JpaQueryLookupStrategy.java:99)
	at org.springframework.data.repository.core.support.QueryExecutorMethodInterceptor.lookupQuery(QueryExecutorMethodInterceptor.java:116)
	... 56 common frames omitted
Caused by: org.hibernate.query.sqm.PathElementException: Could not resolve attribute 'status' of 'com.example.eventsphere.entity.Category'
	at org.hibernate.query.sqm.SqmPathSource.getSubPathSource(SqmPathSource.java:95)
	at org.hibernate.query.sqm.tree.domain.AbstractSqmPath.get(AbstractSqmPath.java:199)
	at org.hibernate.query.sqm.tree.domain.AbstractSqmPath.get(AbstractSqmPath.java:44)
	at org.springframework.data.jpa.repository.query.QueryUtils.getModelForPath(QueryUtils.java:1015)
	at org.springframework.data.jpa.repository.query.QueryUtils.requiresOuterJoin(QueryUtils.java:865)
	at org.springframework.data.jpa.repository.query.QueryUtils.toExpressionRecursively(QueryUtils.java:820)
	at org.springframework.data.jpa.repository.query.QueryUtils.toExpressionRecursively(QueryUtils.java:799)
	at org.springframework.data.jpa.repository.query.QueryUtils.toExpressionRecursively(QueryUtils.java:794)
	at org.springframework.data.jpa.repository.query.JpaQueryCreator$PredicateBuilder.getTypedPath(JpaQueryCreator.java:393)
	at org.springframework.data.jpa.repository.query.JpaQueryCreator$PredicateBuilder.build(JpaQueryCreator.java:313)
	at org.springframework.data.jpa.repository.query.JpaQueryCreator.toPredicate(JpaQueryCreator.java:211)
	at org.springframework.data.jpa.repository.query.JpaQueryCreator.create(JpaQueryCreator.java:122)
	at org.springframework.data.jpa.repository.query.JpaQueryCreator.create(JpaQueryCreator.java:1)
	at org.springframework.data.repository.query.parser.AbstractQueryCreator.createCriteria(AbstractQueryCreator.java:119)
	at org.springframework.data.repository.query.parser.AbstractQueryCreator.createQuery(AbstractQueryCreator.java:95)
	at org.springframework.data.repository.query.parser.AbstractQueryCreator.createQuery(AbstractQueryCreator.java:81)
	at org.springframework.data.jpa.repository.query.PartTreeJpaQuery$QueryPreparer.<init>(PartTreeJpaQuery.java:224)
	at org.springframework.data.jpa.repository.query.PartTreeJpaQuery$CountQueryPreparer.<init>(PartTreeJpaQuery.java:370)
	at org.springframework.data.jpa.repository.query.PartTreeJpaQuery.<init>(PartTreeJpaQuery.java:103)
	... 60 common frames omitted
2026-05-10 01:30:43 [background-preinit] INFO  [IP:  | User Name:  | User ID:  |  ] o.h.validator.internal.util.Version - HV000001: Hibernate Validator 8.0.3.Final
2026-05-10 01:30:43 [main] INFO  [IP:  | User Name:  | User ID:  |  ] c.e.e.EventsphereApplication - Starting EventsphereApplication using Java 17.0.14 with PID 20548 (D:\SpringBoot\eventsphere\target\classes started by AMU in D:\SpringBoot\eventsphere)
2026-05-10 01:30:43 [main] INFO  [IP:  | User Name:  | User ID:  |  ] c.e.e.EventsphereApplication - No active profile set, falling back to 1 default profile: "default"
2026-05-10 01:30:47 [main] INFO  [IP:  | User Name:  | User ID:  |  ] o.s.d.r.c.RepositoryConfigurationDelegate - Multiple Spring Data modules found, entering strict repository configuration mode
2026-05-10 01:30:47 [main] INFO  [IP:  | User Name:  | User ID:  |  ] o.s.d.r.c.RepositoryConfigurationDelegate - Bootstrapping Spring Data JPA repositories in DEFAULT mode.
2026-05-10 01:30:47 [main] INFO  [IP:  | User Name:  | User ID:  |  ] o.s.d.r.c.RepositoryConfigurationDelegate - Finished Spring Data repository scanning in 469 ms. Found 6 JPA repository interfaces.
2026-05-10 01:30:47 [main] INFO  [IP:  | User Name:  | User ID:  |  ] o.s.d.r.c.RepositoryConfigurationDelegate - Multiple Spring Data modules found, entering strict repository configuration mode
2026-05-10 01:30:47 [main] INFO  [IP:  | User Name:  | User ID:  |  ] o.s.d.r.c.RepositoryConfigurationDelegate - Bootstrapping Spring Data Redis repositories in DEFAULT mode.
2026-05-10 01:30:47 [main] INFO  [IP:  | User Name:  | User ID:  |  ] o.s.d.r.c.RepositoryConfigurationExtensionSupport - Spring Data Redis - Could not safely identify store assignment for repository candidate interface com.example.eventsphere.repository.CategoryRepository; If you want this repository to be a Redis repository, consider annotating your entities with one of these annotations: org.springframework.data.redis.core.RedisHash (preferred), or consider extending one of the following types with your repository: org.springframework.data.keyvalue.repository.KeyValueRepository
2026-05-10 01:30:47 [main] INFO  [IP:  | User Name:  | User ID:  |  ] o.s.d.r.c.RepositoryConfigurationExtensionSupport - Spring Data Redis - Could not safely identify store assignment for repository candidate interface com.example.eventsphere.repository.EventRepository; If you want this repository to be a Redis repository, consider annotating your entities with one of these annotations: org.springframework.data.redis.core.RedisHash (preferred), or consider extending one of the following types with your repository: org.springframework.data.keyvalue.repository.KeyValueRepository
2026-05-10 01:30:47 [main] INFO  [IP:  | User Name:  | User ID:  |  ] o.s.d.r.c.RepositoryConfigurationExtensionSupport - Spring Data Redis - Could not safely identify store assignment for repository candidate interface com.example.eventsphere.repository.OrganizationMemberRepository; If you want this repository to be a Redis repository, consider annotating your entities with one of these annotations: org.springframework.data.redis.core.RedisHash (preferred), or consider extending one of the following types with your repository: org.springframework.data.keyvalue.repository.KeyValueRepository
2026-05-10 01:30:47 [main] INFO  [IP:  | User Name:  | User ID:  |  ] o.s.d.r.c.RepositoryConfigurationExtensionSupport - Spring Data Redis - Could not safely identify store assignment for repository candidate interface com.example.eventsphere.repository.OrganizationRepository; If you want this repository to be a Redis repository, consider annotating your entities with one of these annotations: org.springframework.data.redis.core.RedisHash (preferred), or consider extending one of the following types with your repository: org.springframework.data.keyvalue.repository.KeyValueRepository
2026-05-10 01:30:47 [main] INFO  [IP:  | User Name:  | User ID:  |  ] o.s.d.r.c.RepositoryConfigurationExtensionSupport - Spring Data Redis - Could not safely identify store assignment for repository candidate interface com.example.eventsphere.repository.TokenRepository; If you want this repository to be a Redis repository, consider annotating your entities with one of these annotations: org.springframework.data.redis.core.RedisHash (preferred), or consider extending one of the following types with your repository: org.springframework.data.keyvalue.repository.KeyValueRepository
2026-05-10 01:30:47 [main] INFO  [IP:  | User Name:  | User ID:  |  ] o.s.d.r.c.RepositoryConfigurationExtensionSupport - Spring Data Redis - Could not safely identify store assignment for repository candidate interface com.example.eventsphere.repository.UserRepository; If you want this repository to be a Redis repository, consider annotating your entities with one of these annotations: org.springframework.data.redis.core.RedisHash (preferred), or consider extending one of the following types with your repository: org.springframework.data.keyvalue.repository.KeyValueRepository
2026-05-10 01:30:47 [main] INFO  [IP:  | User Name:  | User ID:  |  ] o.s.d.r.c.RepositoryConfigurationDelegate - Finished Spring Data repository scanning in 38 ms. Found 0 Redis repository interfaces.
2026-05-10 01:30:50 [main] INFO  [IP:  | User Name:  | User ID:  |  ] o.s.b.w.e.tomcat.TomcatWebServer - Tomcat initialized with port 8080 (http)
2026-05-10 01:30:50 [main] INFO  [IP:  | User Name:  | User ID:  |  ] o.a.coyote.http11.Http11NioProtocol - Initializing ProtocolHandler ["http-nio-8080"]
2026-05-10 01:30:50 [main] INFO  [IP:  | User Name:  | User ID:  |  ] o.a.catalina.core.StandardService - Starting service [Tomcat]
2026-05-10 01:30:50 [main] INFO  [IP:  | User Name:  | User ID:  |  ] o.a.catalina.core.StandardEngine - Starting Servlet engine: [Apache Tomcat/10.1.53]
2026-05-10 01:30:50 [main] INFO  [IP:  | User Name:  | User ID:  |  ] o.a.c.c.C.[Tomcat].[localhost].[/] - Initializing Spring embedded WebApplicationContext
2026-05-10 01:30:50 [main] INFO  [IP:  | User Name:  | User ID:  |  ] o.s.b.w.s.c.ServletWebServerApplicationContext - Root WebApplicationContext: initialization completed in 6429 ms
2026-05-10 01:30:50 [main] INFO  [IP:  | User Name:  | User ID:  |  ] o.h.jpa.internal.util.LogHelper - HHH000204: Processing PersistenceUnitInfo [name: default]
2026-05-10 01:30:51 [main] INFO  [IP:  | User Name:  | User ID:  |  ] org.hibernate.Version - HHH000412: Hibernate ORM core version 6.6.45.Final
2026-05-10 01:30:51 [main] INFO  [IP:  | User Name:  | User ID:  |  ] o.h.s.integration.SpatialService - HHH80000001: hibernate-spatial integration enabled : true
2026-05-10 01:30:51 [main] INFO  [IP:  | User Name:  | User ID:  |  ] o.h.c.i.RegionFactoryInitiator - HHH000026: Second-level cache disabled
2026-05-10 01:30:51 [main] INFO  [IP:  | User Name:  | User ID:  |  ] com.zaxxer.hikari.HikariDataSource - HikariPool-1 - Starting...
2026-05-10 01:30:55 [main] INFO  [IP:  | User Name:  | User ID:  |  ] com.zaxxer.hikari.pool.HikariPool - HikariPool-1 - Added connection org.postgresql.jdbc.PgConnection@779b4f9c
2026-05-10 01:30:55 [main] INFO  [IP:  | User Name:  | User ID:  |  ] com.zaxxer.hikari.HikariDataSource - HikariPool-1 - Start completed.
2026-05-10 01:30:56 [main] WARN  [IP:  | User Name:  | User ID:  |  ] org.hibernate.orm.deprecation - HHH90000025: PostgreSQLDialect does not need to be specified explicitly using 'hibernate.dialect' (remove the property setting and it will be selected by default)
2026-05-10 01:30:57 [main] INFO  [IP:  | User Name:  | User ID:  |  ] o.hibernate.orm.connections.pooling - HHH10001005: Database info:
	Database JDBC URL [Connecting through datasource 'HikariDataSource (HikariPool-1)']
	Database driver: undefined/unknown
	Database version: 17.6
	Autocommit mode: undefined/unknown
	Isolation level: undefined/unknown
	Minimum pool size: undefined/unknown
	Maximum pool size: undefined/unknown
2026-05-10 01:30:57 [main] INFO  [IP:  | User Name:  | User ID:  |  ] org.hibernate.spatial - HHH80000003: hibernate-spatial adding type contributions from : org.hibernate.spatial.dialect.postgis.PostgisDialectContributor
2026-05-10 01:30:57 [main] INFO  [IP:  | User Name:  | User ID:  |  ] o.s.o.j.p.SpringPersistenceUnitInfo - No LoadTimeWeaver setup: ignoring JPA class transformer
2026-05-10 01:30:58 [main] INFO  [IP:  | User Name:  | User ID:  |  ] org.hibernate.spatial - HHH80000003: hibernate-spatial adding type contributions from : org.hibernate.spatial.dialect.postgis.PostgisDialectContributor
2026-05-10 01:30:59 [main] INFO  [IP:  | User Name:  | User ID:  |  ] org.hibernate.spatial - HHH80000004: hibernate-spatial adding function contributions from : org.hibernate.spatial.dialect.postgis.PostgisDialectContributor
2026-05-10 01:31:00 [main] INFO  [IP:  | User Name:  | User ID:  |  ] o.h.e.t.j.p.i.JtaPlatformInitiator - HHH000489: No JTA platform available (set 'hibernate.transaction.jta.platform' to enable JTA platform integration)
2026-05-10 01:31:00 [main] INFO  [IP:  | User Name:  | User ID:  |  ] o.s.o.j.LocalContainerEntityManagerFactoryBean - Initialized JPA EntityManagerFactory for persistence unit 'default'
2026-05-10 01:31:01 [main] INFO  [IP:  | User Name:  | User ID:  |  ] o.s.d.j.r.query.QueryEnhancerFactory - Hibernate is in classpath; If applicable, HQL parser will be used.
2026-05-10 01:31:06 [main] WARN  [IP:  | User Name:  | User ID:  |  ] o.s.b.w.s.c.AnnotationConfigServletWebServerApplicationContext - Exception encountered during context initialization - cancelling refresh attempt: org.springframework.beans.factory.UnsatisfiedDependencyException: Error creating bean with name 'adminController' defined in file [D:\SpringBoot\eventsphere\target\classes\com\example\eventsphere\controller\AdminController.class]: Unsatisfied dependency expressed through constructor parameter 1: Error creating bean with name 'adminService' defined in file [D:\SpringBoot\eventsphere\target\classes\com\example\eventsphere\service\AdminService.class]: Unsatisfied dependency expressed through constructor parameter 3: Error creating bean with name 'categoryRepository' defined in com.example.eventsphere.repository.CategoryRepository defined in @EnableJpaRepositories declared on JpaRepositoriesRegistrar.EnableJpaRepositoriesConfiguration: Could not create query for public abstract java.util.List com.example.eventsphere.repository.CategoryRepository.findByStatus(com.example.eventsphere.enums.AppStatus); Reason: Failed to create query for method public abstract java.util.List com.example.eventsphere.repository.CategoryRepository.findByStatus(com.example.eventsphere.enums.AppStatus); Could not resolve attribute 'status' of 'com.example.eventsphere.entity.Category'
2026-05-10 01:31:06 [main] INFO  [IP:  | User Name:  | User ID:  |  ] o.s.o.j.LocalContainerEntityManagerFactoryBean - Closing JPA EntityManagerFactory for persistence unit 'default'
2026-05-10 01:31:06 [main] INFO  [IP:  | User Name:  | User ID:  |  ] com.zaxxer.hikari.HikariDataSource - HikariPool-1 - Shutdown initiated...
2026-05-10 01:31:07 [main] INFO  [IP:  | User Name:  | User ID:  |  ] com.zaxxer.hikari.HikariDataSource - HikariPool-1 - Shutdown completed.
2026-05-10 01:31:07 [main] INFO  [IP:  | User Name:  | User ID:  |  ] o.a.catalina.core.StandardService - Stopping service [Tomcat]
2026-05-10 01:31:07 [main] INFO  [IP:  | User Name:  | User ID:  |  ] o.s.b.a.l.ConditionEvaluationReportLogger - 

Error starting ApplicationContext. To display the condition evaluation report re-run your application with 'debug' enabled.
2026-05-10 01:31:07 [main] ERROR [IP:  | User Name:  | User ID:  |  ] o.s.boot.SpringApplication - Application run failed
org.springframework.beans.factory.UnsatisfiedDependencyException: Error creating bean with name 'adminController' defined in file [D:\SpringBoot\eventsphere\target\classes\com\example\eventsphere\controller\AdminController.class]: Unsatisfied dependency expressed through constructor parameter 1: Error creating bean with name 'adminService' defined in file [D:\SpringBoot\eventsphere\target\classes\com\example\eventsphere\service\AdminService.class]: Unsatisfied dependency expressed through constructor parameter 3: Error creating bean with name 'categoryRepository' defined in com.example.eventsphere.repository.CategoryRepository defined in @EnableJpaRepositories declared on JpaRepositoriesRegistrar.EnableJpaRepositoriesConfiguration: Could not create query for public abstract java.util.List com.example.eventsphere.repository.CategoryRepository.findByStatus(com.example.eventsphere.enums.AppStatus); Reason: Failed to create query for method public abstract java.util.List com.example.eventsphere.repository.CategoryRepository.findByStatus(com.example.eventsphere.enums.AppStatus); Could not resolve attribute 'status' of 'com.example.eventsphere.entity.Category'
	at org.springframework.beans.factory.support.ConstructorResolver.createArgumentArray(ConstructorResolver.java:804)
	at org.springframework.beans.factory.support.ConstructorResolver.autowireConstructor(ConstructorResolver.java:240)
	at org.springframework.beans.factory.support.AbstractAutowireCapableBeanFactory.autowireConstructor(AbstractAutowireCapableBeanFactory.java:1395)
	at org.springframework.beans.factory.support.AbstractAutowireCapableBeanFactory.createBeanInstance(AbstractAutowireCapableBeanFactory.java:1232)
	at org.springframework.beans.factory.support.AbstractAutowireCapableBeanFactory.doCreateBean(AbstractAutowireCapableBeanFactory.java:569)
	at org.springframework.beans.factory.support.AbstractAutowireCapableBeanFactory.createBean(AbstractAutowireCapableBeanFactory.java:529)
	at org.springframework.beans.factory.support.AbstractBeanFactory.lambda$doGetBean$0(AbstractBeanFactory.java:339)
	at org.springframework.beans.factory.support.DefaultSingletonBeanRegistry.getSingleton(DefaultSingletonBeanRegistry.java:373)
	at org.springframework.beans.factory.support.AbstractBeanFactory.doGetBean(AbstractBeanFactory.java:337)
	at org.springframework.beans.factory.support.AbstractBeanFactory.getBean(AbstractBeanFactory.java:202)
	at org.springframework.beans.factory.support.DefaultListableBeanFactory.instantiateSingleton(DefaultListableBeanFactory.java:1228)
	at org.springframework.beans.factory.support.DefaultListableBeanFactory.preInstantiateSingleton(DefaultListableBeanFactory.java:1194)
	at org.springframework.beans.factory.support.DefaultListableBeanFactory.preInstantiateSingletons(DefaultListableBeanFactory.java:1130)
	at org.springframework.context.support.AbstractApplicationContext.finishBeanFactoryInitialization(AbstractApplicationContext.java:991)
	at org.springframework.context.support.AbstractApplicationContext.refresh(AbstractApplicationContext.java:628)
	at org.springframework.boot.web.servlet.context.ServletWebServerApplicationContext.refresh(ServletWebServerApplicationContext.java:146)
	at org.springframework.boot.SpringApplication.refresh(SpringApplication.java:752)
	at org.springframework.boot.SpringApplication.refreshContext(SpringApplication.java:439)
	at org.springframework.boot.SpringApplication.run(SpringApplication.java:318)
	at org.springframework.boot.SpringApplication.run(SpringApplication.java:1361)
	at org.springframework.boot.SpringApplication.run(SpringApplication.java:1350)
	at com.example.eventsphere.EventsphereApplication.main(EventsphereApplication.java:27)
Caused by: org.springframework.beans.factory.UnsatisfiedDependencyException: Error creating bean with name 'adminService' defined in file [D:\SpringBoot\eventsphere\target\classes\com\example\eventsphere\service\AdminService.class]: Unsatisfied dependency expressed through constructor parameter 3: Error creating bean with name 'categoryRepository' defined in com.example.eventsphere.repository.CategoryRepository defined in @EnableJpaRepositories declared on JpaRepositoriesRegistrar.EnableJpaRepositoriesConfiguration: Could not create query for public abstract java.util.List com.example.eventsphere.repository.CategoryRepository.findByStatus(com.example.eventsphere.enums.AppStatus); Reason: Failed to create query for method public abstract java.util.List com.example.eventsphere.repository.CategoryRepository.findByStatus(com.example.eventsphere.enums.AppStatus); Could not resolve attribute 'status' of 'com.example.eventsphere.entity.Category'
	at org.springframework.beans.factory.support.ConstructorResolver.createArgumentArray(ConstructorResolver.java:804)
	at org.springframework.beans.factory.support.ConstructorResolver.autowireConstructor(ConstructorResolver.java:240)
	at org.springframework.beans.factory.support.AbstractAutowireCapableBeanFactory.autowireConstructor(AbstractAutowireCapableBeanFactory.java:1395)
	at org.springframework.beans.factory.support.AbstractAutowireCapableBeanFactory.createBeanInstance(AbstractAutowireCapableBeanFactory.java:1232)
	at org.springframework.beans.factory.support.AbstractAutowireCapableBeanFactory.doCreateBean(AbstractAutowireCapableBeanFactory.java:569)
	at org.springframework.beans.factory.support.AbstractAutowireCapableBeanFactory.createBean(AbstractAutowireCapableBeanFactory.java:529)
	at org.springframework.beans.factory.support.AbstractBeanFactory.lambda$doGetBean$0(AbstractBeanFactory.java:339)
	at org.springframework.beans.factory.support.DefaultSingletonBeanRegistry.getSingleton(DefaultSingletonBeanRegistry.java:373)
	at org.springframework.beans.factory.support.AbstractBeanFactory.doGetBean(AbstractBeanFactory.java:337)
	at org.springframework.beans.factory.support.AbstractBeanFactory.getBean(AbstractBeanFactory.java:202)
	at org.springframework.beans.factory.support.DefaultListableBeanFactory.doResolveDependency(DefaultListableBeanFactory.java:1708)
	at org.springframework.beans.factory.support.DefaultListableBeanFactory.resolveDependency(DefaultListableBeanFactory.java:1653)
	at org.springframework.beans.factory.support.ConstructorResolver.resolveAutowiredArgument(ConstructorResolver.java:913)
	at org.springframework.beans.factory.support.ConstructorResolver.createArgumentArray(ConstructorResolver.java:791)
	... 21 common frames omitted
Caused by: org.springframework.beans.factory.BeanCreationException: Error creating bean with name 'categoryRepository' defined in com.example.eventsphere.repository.CategoryRepository defined in @EnableJpaRepositories declared on JpaRepositoriesRegistrar.EnableJpaRepositoriesConfiguration: Could not create query for public abstract java.util.List com.example.eventsphere.repository.CategoryRepository.findByStatus(com.example.eventsphere.enums.AppStatus); Reason: Failed to create query for method public abstract java.util.List com.example.eventsphere.repository.CategoryRepository.findByStatus(com.example.eventsphere.enums.AppStatus); Could not resolve attribute 'status' of 'com.example.eventsphere.entity.Category'
	at org.springframework.beans.factory.support.AbstractAutowireCapableBeanFactory.initializeBean(AbstractAutowireCapableBeanFactory.java:1826)
	at org.springframework.beans.factory.support.AbstractAutowireCapableBeanFactory.doCreateBean(AbstractAutowireCapableBeanFactory.java:607)
	at org.springframework.beans.factory.support.AbstractAutowireCapableBeanFactory.createBean(AbstractAutowireCapableBeanFactory.java:529)
	at org.springframework.beans.factory.support.AbstractBeanFactory.lambda$doGetBean$0(AbstractBeanFactory.java:339)
	at org.springframework.beans.factory.support.DefaultSingletonBeanRegistry.getSingleton(DefaultSingletonBeanRegistry.java:373)
	at org.springframework.beans.factory.support.AbstractBeanFactory.doGetBean(AbstractBeanFactory.java:337)
	at org.springframework.beans.factory.support.AbstractBeanFactory.getBean(AbstractBeanFactory.java:202)
	at org.springframework.beans.factory.support.DefaultListableBeanFactory.doResolveDependency(DefaultListableBeanFactory.java:1708)
	at org.springframework.beans.factory.support.DefaultListableBeanFactory.resolveDependency(DefaultListableBeanFactory.java:1653)
	at org.springframework.beans.factory.support.ConstructorResolver.resolveAutowiredArgument(ConstructorResolver.java:913)
	at org.springframework.beans.factory.support.ConstructorResolver.createArgumentArray(ConstructorResolver.java:791)
	... 34 common frames omitted
Caused by: org.springframework.data.repository.query.QueryCreationException: Could not create query for public abstract java.util.List com.example.eventsphere.repository.CategoryRepository.findByStatus(com.example.eventsphere.enums.AppStatus); Reason: Failed to create query for method public abstract java.util.List com.example.eventsphere.repository.CategoryRepository.findByStatus(com.example.eventsphere.enums.AppStatus); Could not resolve attribute 'status' of 'com.example.eventsphere.entity.Category'
	at org.springframework.data.repository.query.QueryCreationException.create(QueryCreationException.java:101)
	at org.springframework.data.repository.core.support.QueryExecutorMethodInterceptor.lookupQuery(QueryExecutorMethodInterceptor.java:120)
	at org.springframework.data.repository.core.support.QueryExecutorMethodInterceptor.mapMethodsToQuery(QueryExecutorMethodInterceptor.java:104)
	at org.springframework.data.repository.core.support.QueryExecutorMethodInterceptor.lambda$new$0(QueryExecutorMethodInterceptor.java:92)
	at java.base/java.util.Optional.map(Optional.java:260)
	at org.springframework.data.repository.core.support.QueryExecutorMethodInterceptor.<init>(QueryExecutorMethodInterceptor.java:92)
	at org.springframework.data.repository.core.support.RepositoryFactorySupport.getRepository(RepositoryFactorySupport.java:434)
	at org.springframework.data.repository.core.support.RepositoryFactoryBeanSupport.lambda$afterPropertiesSet$4(RepositoryFactoryBeanSupport.java:355)
	at org.springframework.data.util.Lazy.getNullable(Lazy.java:135)
	at org.springframework.data.util.Lazy.get(Lazy.java:113)
	at org.springframework.data.repository.core.support.RepositoryFactoryBeanSupport.afterPropertiesSet(RepositoryFactoryBeanSupport.java:361)
	at org.springframework.data.jpa.repository.support.JpaRepositoryFactoryBean.afterPropertiesSet(JpaRepositoryFactoryBean.java:132)
	at org.springframework.beans.factory.support.AbstractAutowireCapableBeanFactory.invokeInitMethods(AbstractAutowireCapableBeanFactory.java:1873)
	at org.springframework.beans.factory.support.AbstractAutowireCapableBeanFactory.initializeBean(AbstractAutowireCapableBeanFactory.java:1822)
	... 44 common frames omitted
Caused by: java.lang.IllegalArgumentException: Failed to create query for method public abstract java.util.List com.example.eventsphere.repository.CategoryRepository.findByStatus(com.example.eventsphere.enums.AppStatus); Could not resolve attribute 'status' of 'com.example.eventsphere.entity.Category'
	at org.springframework.data.jpa.repository.query.PartTreeJpaQuery.<init>(PartTreeJpaQuery.java:107)
	at org.springframework.data.jpa.repository.query.JpaQueryLookupStrategy$CreateQueryLookupStrategy.resolveQuery(JpaQueryLookupStrategy.java:128)
	at org.springframework.data.jpa.repository.query.JpaQueryLookupStrategy$CreateIfNotFoundQueryLookupStrategy.resolveQuery(JpaQueryLookupStrategy.java:260)
	at org.springframework.data.jpa.repository.query.JpaQueryLookupStrategy$AbstractQueryLookupStrategy.resolveQuery(JpaQueryLookupStrategy.java:99)
	at org.springframework.data.repository.core.support.QueryExecutorMethodInterceptor.lookupQuery(QueryExecutorMethodInterceptor.java:116)
	... 56 common frames omitted
Caused by: org.hibernate.query.sqm.PathElementException: Could not resolve attribute 'status' of 'com.example.eventsphere.entity.Category'
	at org.hibernate.query.sqm.SqmPathSource.getSubPathSource(SqmPathSource.java:95)
	at org.hibernate.query.sqm.tree.domain.AbstractSqmPath.get(AbstractSqmPath.java:199)
	at org.hibernate.query.sqm.tree.domain.AbstractSqmPath.get(AbstractSqmPath.java:44)
	at org.springframework.data.jpa.repository.query.QueryUtils.getModelForPath(QueryUtils.java:1015)
	at org.springframework.data.jpa.repository.query.QueryUtils.requiresOuterJoin(QueryUtils.java:865)
	at org.springframework.data.jpa.repository.query.QueryUtils.toExpressionRecursively(QueryUtils.java:820)
	at org.springframework.data.jpa.repository.query.QueryUtils.toExpressionRecursively(QueryUtils.java:799)
	at org.springframework.data.jpa.repository.query.QueryUtils.toExpressionRecursively(QueryUtils.java:794)
	at org.springframework.data.jpa.repository.query.JpaQueryCreator$PredicateBuilder.getTypedPath(JpaQueryCreator.java:393)
	at org.springframework.data.jpa.repository.query.JpaQueryCreator$PredicateBuilder.build(JpaQueryCreator.java:313)
	at org.springframework.data.jpa.repository.query.JpaQueryCreator.toPredicate(JpaQueryCreator.java:211)
	at org.springframework.data.jpa.repository.query.JpaQueryCreator.create(JpaQueryCreator.java:122)
	at org.springframework.data.jpa.repository.query.JpaQueryCreator.create(JpaQueryCreator.java:1)
	at org.springframework.data.repository.query.parser.AbstractQueryCreator.createCriteria(AbstractQueryCreator.java:119)
	at org.springframework.data.repository.query.parser.AbstractQueryCreator.createQuery(AbstractQueryCreator.java:95)
	at org.springframework.data.repository.query.parser.AbstractQueryCreator.createQuery(AbstractQueryCreator.java:81)
	at org.springframework.data.jpa.repository.query.PartTreeJpaQuery$QueryPreparer.<init>(PartTreeJpaQuery.java:224)
	at org.springframework.data.jpa.repository.query.PartTreeJpaQuery$CountQueryPreparer.<init>(PartTreeJpaQuery.java:370)
	at org.springframework.data.jpa.repository.query.PartTreeJpaQuery.<init>(PartTreeJpaQuery.java:103)
	... 60 common frames omitted
2026-05-10 01:35:12 [background-preinit] INFO  [IP:  | User Name:  | User ID:  |  ] o.h.validator.internal.util.Version - HV000001: Hibernate Validator 8.0.3.Final
2026-05-10 01:35:12 [main] INFO  [IP:  | User Name:  | User ID:  |  ] c.e.e.EventsphereApplication - Starting EventsphereApplication using Java 17.0.14 with PID 20532 (D:\SpringBoot\eventsphere\target\classes started by AMU in D:\SpringBoot\eventsphere)
2026-05-10 01:35:12 [main] INFO  [IP:  | User Name:  | User ID:  |  ] c.e.e.EventsphereApplication - No active profile set, falling back to 1 default profile: "default"
2026-05-10 01:35:18 [main] INFO  [IP:  | User Name:  | User ID:  |  ] o.s.d.r.c.RepositoryConfigurationDelegate - Multiple Spring Data modules found, entering strict repository configuration mode
2026-05-10 01:35:18 [main] INFO  [IP:  | User Name:  | User ID:  |  ] o.s.d.r.c.RepositoryConfigurationDelegate - Bootstrapping Spring Data JPA repositories in DEFAULT mode.
2026-05-10 01:35:19 [main] INFO  [IP:  | User Name:  | User ID:  |  ] o.s.d.r.c.RepositoryConfigurationDelegate - Finished Spring Data repository scanning in 614 ms. Found 6 JPA repository interfaces.
2026-05-10 01:35:19 [main] INFO  [IP:  | User Name:  | User ID:  |  ] o.s.d.r.c.RepositoryConfigurationDelegate - Multiple Spring Data modules found, entering strict repository configuration mode
2026-05-10 01:35:19 [main] INFO  [IP:  | User Name:  | User ID:  |  ] o.s.d.r.c.RepositoryConfigurationDelegate - Bootstrapping Spring Data Redis repositories in DEFAULT mode.
2026-05-10 01:35:19 [main] INFO  [IP:  | User Name:  | User ID:  |  ] o.s.d.r.c.RepositoryConfigurationExtensionSupport - Spring Data Redis - Could not safely identify store assignment for repository candidate interface com.example.eventsphere.repository.CategoryRepository; If you want this repository to be a Redis repository, consider annotating your entities with one of these annotations: org.springframework.data.redis.core.RedisHash (preferred), or consider extending one of the following types with your repository: org.springframework.data.keyvalue.repository.KeyValueRepository
2026-05-10 01:35:19 [main] INFO  [IP:  | User Name:  | User ID:  |  ] o.s.d.r.c.RepositoryConfigurationExtensionSupport - Spring Data Redis - Could not safely identify store assignment for repository candidate interface com.example.eventsphere.repository.EventRepository; If you want this repository to be a Redis repository, consider annotating your entities with one of these annotations: org.springframework.data.redis.core.RedisHash (preferred), or consider extending one of the following types with your repository: org.springframework.data.keyvalue.repository.KeyValueRepository
2026-05-10 01:35:19 [main] INFO  [IP:  | User Name:  | User ID:  |  ] o.s.d.r.c.RepositoryConfigurationExtensionSupport - Spring Data Redis - Could not safely identify store assignment for repository candidate interface com.example.eventsphere.repository.OrganizationMemberRepository; If you want this repository to be a Redis repository, consider annotating your entities with one of these annotations: org.springframework.data.redis.core.RedisHash (preferred), or consider extending one of the following types with your repository: org.springframework.data.keyvalue.repository.KeyValueRepository
2026-05-10 01:35:19 [main] INFO  [IP:  | User Name:  | User ID:  |  ] o.s.d.r.c.RepositoryConfigurationExtensionSupport - Spring Data Redis - Could not safely identify store assignment for repository candidate interface com.example.eventsphere.repository.OrganizationRepository; If you want this repository to be a Redis repository, consider annotating your entities with one of these annotations: org.springframework.data.redis.core.RedisHash (preferred), or consider extending one of the following types with your repository: org.springframework.data.keyvalue.repository.KeyValueRepository
2026-05-10 01:35:19 [main] INFO  [IP:  | User Name:  | User ID:  |  ] o.s.d.r.c.RepositoryConfigurationExtensionSupport - Spring Data Redis - Could not safely identify store assignment for repository candidate interface com.example.eventsphere.repository.TokenRepository; If you want this repository to be a Redis repository, consider annotating your entities with one of these annotations: org.springframework.data.redis.core.RedisHash (preferred), or consider extending one of the following types with your repository: org.springframework.data.keyvalue.repository.KeyValueRepository
2026-05-10 01:35:19 [main] INFO  [IP:  | User Name:  | User ID:  |  ] o.s.d.r.c.RepositoryConfigurationExtensionSupport - Spring Data Redis - Could not safely identify store assignment for repository candidate interface com.example.eventsphere.repository.UserRepository; If you want this repository to be a Redis repository, consider annotating your entities with one of these annotations: org.springframework.data.redis.core.RedisHash (preferred), or consider extending one of the following types with your repository: org.springframework.data.keyvalue.repository.KeyValueRepository
2026-05-10 01:35:19 [main] INFO  [IP:  | User Name:  | User ID:  |  ] o.s.d.r.c.RepositoryConfigurationDelegate - Finished Spring Data repository scanning in 39 ms. Found 0 Redis repository interfaces.
2026-05-10 01:35:25 [main] INFO  [IP:  | User Name:  | User ID:  |  ] o.s.b.w.e.tomcat.TomcatWebServer - Tomcat initialized with port 8080 (http)
2026-05-10 01:35:25 [main] INFO  [IP:  | User Name:  | User ID:  |  ] o.a.coyote.http11.Http11NioProtocol - Initializing ProtocolHandler ["http-nio-8080"]
2026-05-10 01:35:25 [main] INFO  [IP:  | User Name:  | User ID:  |  ] o.a.catalina.core.StandardService - Starting service [Tomcat]
2026-05-10 01:35:25 [main] INFO  [IP:  | User Name:  | User ID:  |  ] o.a.catalina.core.StandardEngine - Starting Servlet engine: [Apache Tomcat/10.1.53]
2026-05-10 01:35:26 [main] INFO  [IP:  | User Name:  | User ID:  |  ] o.a.c.c.C.[Tomcat].[localhost].[/] - Initializing Spring embedded WebApplicationContext
2026-05-10 01:35:26 [main] INFO  [IP:  | User Name:  | User ID:  |  ] o.s.b.w.s.c.ServletWebServerApplicationContext - Root WebApplicationContext: initialization completed in 13276 ms
2026-05-10 01:35:29 [main] INFO  [IP:  | User Name:  | User ID:  |  ] o.h.jpa.internal.util.LogHelper - HHH000204: Processing PersistenceUnitInfo [name: default]
2026-05-10 01:35:29 [main] INFO  [IP:  | User Name:  | User ID:  |  ] org.hibernate.Version - HHH000412: Hibernate ORM core version 6.6.45.Final
2026-05-10 01:35:29 [main] INFO  [IP:  | User Name:  | User ID:  |  ] o.h.s.integration.SpatialService - HHH80000001: hibernate-spatial integration enabled : true
2026-05-10 01:35:29 [main] INFO  [IP:  | User Name:  | User ID:  |  ] o.h.c.i.RegionFactoryInitiator - HHH000026: Second-level cache disabled
2026-05-10 01:35:30 [main] INFO  [IP:  | User Name:  | User ID:  |  ] com.zaxxer.hikari.HikariDataSource - HikariPool-1 - Starting...
2026-05-10 01:35:33 [main] INFO  [IP:  | User Name:  | User ID:  |  ] com.zaxxer.hikari.pool.HikariPool - HikariPool-1 - Added connection org.postgresql.jdbc.PgConnection@18692e80
2026-05-10 01:35:33 [main] INFO  [IP:  | User Name:  | User ID:  |  ] com.zaxxer.hikari.HikariDataSource - HikariPool-1 - Start completed.
2026-05-10 01:35:34 [main] WARN  [IP:  | User Name:  | User ID:  |  ] org.hibernate.orm.deprecation - HHH90000025: PostgreSQLDialect does not need to be specified explicitly using 'hibernate.dialect' (remove the property setting and it will be selected by default)
2026-05-10 01:35:34 [main] INFO  [IP:  | User Name:  | User ID:  |  ] o.hibernate.orm.connections.pooling - HHH10001005: Database info:
	Database JDBC URL [Connecting through datasource 'HikariDataSource (HikariPool-1)']
	Database driver: undefined/unknown
	Database version: 17.6
	Autocommit mode: undefined/unknown
	Isolation level: undefined/unknown
	Minimum pool size: undefined/unknown
	Maximum pool size: undefined/unknown
2026-05-10 01:35:34 [main] INFO  [IP:  | User Name:  | User ID:  |  ] org.hibernate.spatial - HHH80000003: hibernate-spatial adding type contributions from : org.hibernate.spatial.dialect.postgis.PostgisDialectContributor
2026-05-10 01:35:35 [main] INFO  [IP:  | User Name:  | User ID:  |  ] o.s.o.j.p.SpringPersistenceUnitInfo - No LoadTimeWeaver setup: ignoring JPA class transformer
2026-05-10 01:35:35 [main] INFO  [IP:  | User Name:  | User ID:  |  ] org.hibernate.spatial - HHH80000003: hibernate-spatial adding type contributions from : org.hibernate.spatial.dialect.postgis.PostgisDialectContributor
2026-05-10 01:35:36 [main] INFO  [IP:  | User Name:  | User ID:  |  ] org.hibernate.spatial - HHH80000004: hibernate-spatial adding function contributions from : org.hibernate.spatial.dialect.postgis.PostgisDialectContributor
2026-05-10 01:35:39 [main] INFO  [IP:  | User Name:  | User ID:  |  ] o.h.e.t.j.p.i.JtaPlatformInitiator - HHH000489: No JTA platform available (set 'hibernate.transaction.jta.platform' to enable JTA platform integration)
2026-05-10 01:35:39 [main] INFO  [IP:  | User Name:  | User ID:  |  ] o.s.o.j.LocalContainerEntityManagerFactoryBean - Initialized JPA EntityManagerFactory for persistence unit 'default'
2026-05-10 01:35:40 [main] INFO  [IP:  | User Name:  | User ID:  |  ] o.s.d.j.r.query.QueryEnhancerFactory - Hibernate is in classpath; If applicable, HQL parser will be used.
2026-05-10 01:35:49 [main] INFO  [IP:  | User Name:  | User ID:  |  ] o.s.s.c.a.a.c.InitializeAuthenticationProviderBeanManagerConfigurer$InitializeAuthenticationProviderManagerConfigurer - Global AuthenticationManager configured with AuthenticationProvider bean with name authenticationProvider
2026-05-10 01:35:49 [main] WARN  [IP:  | User Name:  | User ID:  |  ] o.s.s.c.a.a.c.InitializeUserDetailsBeanManagerConfigurer$InitializeUserDetailsManagerConfigurer - Global AuthenticationManager configured with an AuthenticationProvider bean. UserDetailsService beans will not be used by Spring Security for automatically configuring username/password login. Consider removing the AuthenticationProvider bean. Alternatively, consider using the UserDetailsService in a manually instantiated DaoAuthenticationProvider. If the current configuration is intentional, to turn off this warning, increase the logging level of 'org.springframework.security.config.annotation.authentication.configuration.InitializeUserDetailsBeanManagerConfigurer' to ERROR
2026-05-10 01:35:50 [main] INFO  [IP:  | User Name:  | User ID:  |  ] o.a.coyote.http11.Http11NioProtocol - Starting ProtocolHandler ["http-nio-8080"]
2026-05-10 01:35:50 [main] INFO  [IP:  | User Name:  | User ID:  |  ] o.s.b.w.e.tomcat.TomcatWebServer - Tomcat started on port 8080 (http) with context path '/'
2026-05-10 01:35:50 [main] INFO  [IP:  | User Name:  | User ID:  |  ] c.e.e.EventsphereApplication - Started EventsphereApplication in 40.513 seconds (process running for 41.917)
2026-05-10 01:35:51 [main] INFO  [IP:  | User Name:  | User ID:  |  ] c.e.eventsphere.config.AdminConfig - Default Admin already exists. Skipping seeding.
2026-05-10 02:11:35 [http-nio-8080-exec-1] INFO  [IP:  | User Name:  | User ID:  |  ] o.a.c.c.C.[Tomcat].[localhost].[/] - Initializing Spring DispatcherServlet 'dispatcherServlet'
2026-05-10 02:11:35 [http-nio-8080-exec-1] INFO  [IP:  | User Name:  | User ID:  |  ] o.s.web.servlet.DispatcherServlet - Initializing Servlet 'dispatcherServlet'
2026-05-10 02:11:35 [http-nio-8080-exec-1] INFO  [IP:  | User Name:  | User ID:  |  ] o.s.web.servlet.DispatcherServlet - Completed initialization in 11 ms
2026-05-10 02:11:35 [http-nio-8080-exec-1] INFO  [IP: 0:0:0:0:0:0:0:1 | User Name: anonymous_user | User ID: anonymous_id | GET /swagger-ui/index.html] c.e.e.filter.RequestLoggingFilter - Incoming Request
2026-05-10 02:11:35 [http-nio-8080-exec-1] INFO  [IP: 0:0:0:0:0:0:0:1 | User Name: anonymous_user | User ID: anonymous_id | GET /swagger-ui/index.html] c.e.e.filter.RequestLoggingFilter - Completed in 250 ms with status 200
2026-05-10 02:11:35 [http-nio-8080-exec-4] INFO  [IP: 0:0:0:0:0:0:0:1 | User Name: anonymous_user | User ID: anonymous_id | GET /swagger-ui/index.css] c.e.e.filter.RequestLoggingFilter - Incoming Request
2026-05-10 02:11:35 [http-nio-8080-exec-2] INFO  [IP: 0:0:0:0:0:0:0:1 | User Name: anonymous_user | User ID: anonymous_id | GET /swagger-ui/swagger-ui.css] c.e.e.filter.RequestLoggingFilter - Incoming Request
2026-05-10 02:11:35 [http-nio-8080-exec-4] INFO  [IP: 0:0:0:0:0:0:0:1 | User Name: anonymous_user | User ID: anonymous_id | GET /swagger-ui/index.css] c.e.e.filter.RequestLoggingFilter - Completed in 20 ms with status 200
2026-05-10 02:11:35 [http-nio-8080-exec-2] INFO  [IP: 0:0:0:0:0:0:0:1 | User Name: anonymous_user | User ID: anonymous_id | GET /swagger-ui/swagger-ui.css] c.e.e.filter.RequestLoggingFilter - Completed in 24 ms with status 200
2026-05-10 02:11:35 [http-nio-8080-exec-5] INFO  [IP: 0:0:0:0:0:0:0:1 | User Name: anonymous_user | User ID: anonymous_id | GET /swagger-ui/swagger-ui-standalone-preset.js] c.e.e.filter.RequestLoggingFilter - Incoming Request
2026-05-10 02:11:35 [http-nio-8080-exec-3] INFO  [IP: 0:0:0:0:0:0:0:1 | User Name: anonymous_user | User ID: anonymous_id | GET /swagger-ui/swagger-ui-bundle.js] c.e.e.filter.RequestLoggingFilter - Incoming Request
2026-05-10 02:11:35 [http-nio-8080-exec-6] INFO  [IP: 0:0:0:0:0:0:0:1 | User Name: anonymous_user | User ID: anonymous_id | GET /swagger-ui/swagger-initializer.js] c.e.e.filter.RequestLoggingFilter - Incoming Request
2026-05-10 02:11:35 [http-nio-8080-exec-5] INFO  [IP: 0:0:0:0:0:0:0:1 | User Name: anonymous_user | User ID: anonymous_id | GET /swagger-ui/swagger-ui-standalone-preset.js] c.e.e.filter.RequestLoggingFilter - Completed in 111 ms with status 200
2026-05-10 02:11:35 [http-nio-8080-exec-3] INFO  [IP: 0:0:0:0:0:0:0:1 | User Name: anonymous_user | User ID: anonymous_id | GET /swagger-ui/swagger-ui-bundle.js] c.e.e.filter.RequestLoggingFilter - Completed in 259 ms with status 200
2026-05-10 02:11:35 [http-nio-8080-exec-6] INFO  [IP: 0:0:0:0:0:0:0:1 | User Name: anonymous_user | User ID: anonymous_id | GET /swagger-ui/swagger-initializer.js] c.e.e.filter.RequestLoggingFilter - Completed in 254 ms with status 200
2026-05-10 02:11:36 [http-nio-8080-exec-8] INFO  [IP: 0:0:0:0:0:0:0:1 | User Name: anonymous_user | User ID: anonymous_id | GET /swagger-ui/favicon-32x32.png] c.e.e.filter.RequestLoggingFilter - Incoming Request
2026-05-10 02:11:36 [http-nio-8080-exec-7] INFO  [IP: 0:0:0:0:0:0:0:1 | User Name: anonymous_user | User ID: anonymous_id | GET /v3/api-docs/swagger-config] c.e.e.filter.RequestLoggingFilter - Incoming Request
2026-05-10 02:11:36 [http-nio-8080-exec-8] INFO  [IP: 0:0:0:0:0:0:0:1 | User Name: anonymous_user | User ID: anonymous_id | GET /swagger-ui/favicon-32x32.png] c.e.e.filter.RequestLoggingFilter - Completed in 14 ms with status 200
2026-05-10 02:11:36 [http-nio-8080-exec-7] INFO  [IP: 0:0:0:0:0:0:0:1 | User Name: anonymous_user | User ID: anonymous_id | GET /v3/api-docs/swagger-config] c.e.e.filter.RequestLoggingFilter - Completed in 171 ms with status 200
2026-05-10 02:11:36 [http-nio-8080-exec-9] INFO  [IP: 0:0:0:0:0:0:0:1 | User Name: anonymous_user | User ID: anonymous_id | GET /v3/api-docs] c.e.e.filter.RequestLoggingFilter - Incoming Request
2026-05-10 02:11:39 [http-nio-8080-exec-9] INFO  [IP: 0:0:0:0:0:0:0:1 | User Name: anonymous_user | User ID: anonymous_id | GET /v3/api-docs] o.s.api.AbstractOpenApiResource - Init duration for springdoc-openapi is: 2644 ms
2026-05-10 02:11:39 [http-nio-8080-exec-9] INFO  [IP: 0:0:0:0:0:0:0:1 | User Name: anonymous_user | User ID: anonymous_id | GET /v3/api-docs] c.e.e.filter.RequestLoggingFilter - Completed in 2834 ms with status 200
2026-05-10 02:12:15 [http-nio-8080-exec-10] INFO  [IP: 0:0:0:0:0:0:0:1 | User Name: anonymous_user | User ID: anonymous_id | POST /api/auth/login] c.e.e.filter.RequestLoggingFilter - Incoming Request
2026-05-10 02:12:16 [http-nio-8080-exec-10] INFO  [IP: 0:0:0:0:0:0:0:1 | User Name: anonymous_user | User ID: anonymous_id | POST /api/auth/login] c.e.eventsphere.service.TokenService - Secure Refresh Token generated and hashed for user ID: 81ca140f-1ec2-4231-b15e-dffd7ec0e491
2026-05-10 02:12:16 [http-nio-8080-exec-10] INFO  [IP: 0:0:0:0:0:0:0:1 | User Name: anonymous_user | User ID: anonymous_id | POST /api/auth/login] c.e.eventsphere.service.AuthService - Successful login for user: ali.imran
2026-05-10 02:12:16 [http-nio-8080-exec-10] INFO  [IP: 0:0:0:0:0:0:0:1 | User Name: anonymous_user | User ID: anonymous_id | POST /api/auth/login] c.e.e.filter.RequestLoggingFilter - Completed in 1424 ms with status 200
2026-05-10 02:12:35 [http-nio-8080-exec-1] INFO  [IP: 0:0:0:0:0:0:0:1 | User Name: ali.imran | User ID: 81ca140f-1ec2-4231-b15e-dffd7ec0e491 | GET /api/categories/get-active-categories] c.e.e.filter.RequestLoggingFilter - Incoming Request
2026-05-10 02:12:36 [http-nio-8080-exec-1] INFO  [IP: 0:0:0:0:0:0:0:1 | User Name: ali.imran | User ID: 81ca140f-1ec2-4231-b15e-dffd7ec0e491 | GET /api/categories/get-active-categories] c.e.e.filter.RequestLoggingFilter - Completed in 452 ms with status 200
2026-05-10 02:14:29 [http-nio-8080-exec-8] INFO  [IP: 0:0:0:0:0:0:0:1 | User Name: ali.imran | User ID: 81ca140f-1ec2-4231-b15e-dffd7ec0e491 | POST /api/event/create-draft/84c8d754-a76d-41ab-b974-cf25e19da1eb] c.e.e.filter.RequestLoggingFilter - Incoming Request
2026-05-10 02:14:31 [http-nio-8080-exec-8] WARN  [IP: 0:0:0:0:0:0:0:1 | User Name: ali.imran | User ID: 81ca140f-1ec2-4231-b15e-dffd7ec0e491 | POST /api/event/create-draft/84c8d754-a76d-41ab-b974-cf25e19da1eb] c.e.e.e.GlobalExceptionHandler - Business rule violation at /api/event/create-draft/84c8d754-a76d-41ab-b974-cf25e19da1eb: Event end time cannot be before the start time.
2026-05-10 02:14:31 [http-nio-8080-exec-8] INFO  [IP: 0:0:0:0:0:0:0:1 | User Name: ali.imran | User ID: 81ca140f-1ec2-4231-b15e-dffd7ec0e491 | POST /api/event/create-draft/84c8d754-a76d-41ab-b974-cf25e19da1eb] c.e.e.filter.RequestLoggingFilter - Completed in 1439 ms with status 400
2026-05-10 02:15:02 [http-nio-8080-exec-7] INFO  [IP: 0:0:0:0:0:0:0:1 | User Name: ali.imran | User ID: 81ca140f-1ec2-4231-b15e-dffd7ec0e491 | POST /api/event/create-draft/84c8d754-a76d-41ab-b974-cf25e19da1eb] c.e.e.filter.RequestLoggingFilter - Incoming Request
2026-05-10 02:15:02 [http-nio-8080-exec-7] WARN  [IP: 0:0:0:0:0:0:0:1 | User Name: ali.imran | User ID: 81ca140f-1ec2-4231-b15e-dffd7ec0e491 | POST /api/event/create-draft/84c8d754-a76d-41ab-b974-cf25e19da1eb] c.e.e.e.GlobalExceptionHandler - Business rule violation at /api/event/create-draft/84c8d754-a76d-41ab-b974-cf25e19da1eb: JSON parse error: Cannot deserialize value of type `java.time.LocalDateTime` from String "2026-05-1T21:13:39.294Z": Failed to deserialize java.time.LocalDateTime: (java.time.format.DateTimeParseException) Text '2026-05-1T21:13:39.294Z' could not be parsed at index 8
2026-05-10 02:15:02 [http-nio-8080-exec-7] INFO  [IP: 0:0:0:0:0:0:0:1 | User Name: ali.imran | User ID: 81ca140f-1ec2-4231-b15e-dffd7ec0e491 | POST /api/event/create-draft/84c8d754-a76d-41ab-b974-cf25e19da1eb] c.e.e.filter.RequestLoggingFilter - Completed in 16 ms with status 400
2026-05-10 02:15:30 [http-nio-8080-exec-9] INFO  [IP: 0:0:0:0:0:0:0:1 | User Name: ali.imran | User ID: 81ca140f-1ec2-4231-b15e-dffd7ec0e491 | POST /api/event/create-draft/84c8d754-a76d-41ab-b974-cf25e19da1eb] c.e.e.filter.RequestLoggingFilter - Incoming Request
2026-05-10 02:15:30 [http-nio-8080-exec-9] WARN  [IP: 0:0:0:0:0:0:0:1 | User Name: ali.imran | User ID: 81ca140f-1ec2-4231-b15e-dffd7ec0e491 | POST /api/event/create-draft/84c8d754-a76d-41ab-b974-cf25e19da1eb] c.e.e.e.GlobalExceptionHandler - Business rule violation at /api/event/create-draft/84c8d754-a76d-41ab-b974-cf25e19da1eb: JSON parse error: Cannot deserialize value of type `java.time.LocalDateTime` from String "2026-05-1T21:13:39.294Z": Failed to deserialize java.time.LocalDateTime: (java.time.format.DateTimeParseException) Text '2026-05-1T21:13:39.294Z' could not be parsed at index 8
2026-05-10 02:15:30 [http-nio-8080-exec-9] INFO  [IP: 0:0:0:0:0:0:0:1 | User Name: ali.imran | User ID: 81ca140f-1ec2-4231-b15e-dffd7ec0e491 | POST /api/event/create-draft/84c8d754-a76d-41ab-b974-cf25e19da1eb] c.e.e.filter.RequestLoggingFilter - Completed in 10 ms with status 400
2026-05-10 02:16:11 [http-nio-8080-exec-10] INFO  [IP: 0:0:0:0:0:0:0:1 | User Name: ali.imran | User ID: 81ca140f-1ec2-4231-b15e-dffd7ec0e491 | POST /api/event/create-draft/84c8d754-a76d-41ab-b974-cf25e19da1eb] c.e.e.filter.RequestLoggingFilter - Incoming Request
2026-05-10 02:16:11 [http-nio-8080-exec-10] WARN  [IP: 0:0:0:0:0:0:0:1 | User Name: ali.imran | User ID: 81ca140f-1ec2-4231-b15e-dffd7ec0e491 | POST /api/event/create-draft/84c8d754-a76d-41ab-b974-cf25e19da1eb] c.e.e.e.GlobalExceptionHandler - Business rule violation at /api/event/create-draft/84c8d754-a76d-41ab-b974-cf25e19da1eb: JSON parse error: Cannot deserialize value of type `java.time.LocalDateTime` from String "2026-05-1T21:13:39.294": Failed to deserialize java.time.LocalDateTime: (java.time.format.DateTimeParseException) Text '2026-05-1T21:13:39.294' could not be parsed at index 8
2026-05-10 02:16:11 [http-nio-8080-exec-10] INFO  [IP: 0:0:0:0:0:0:0:1 | User Name: ali.imran | User ID: 81ca140f-1ec2-4231-b15e-dffd7ec0e491 | POST /api/event/create-draft/84c8d754-a76d-41ab-b974-cf25e19da1eb] c.e.e.filter.RequestLoggingFilter - Completed in 8 ms with status 400
2026-05-10 02:16:43 [http-nio-8080-exec-2] INFO  [IP: 0:0:0:0:0:0:0:1 | User Name: ali.imran | User ID: 81ca140f-1ec2-4231-b15e-dffd7ec0e491 | POST /api/event/create-draft/84c8d754-a76d-41ab-b974-cf25e19da1eb] c.e.e.filter.RequestLoggingFilter - Incoming Request
2026-05-10 02:16:43 [http-nio-8080-exec-2] WARN  [IP: 0:0:0:0:0:0:0:1 | User Name: ali.imran | User ID: 81ca140f-1ec2-4231-b15e-dffd7ec0e491 | POST /api/event/create-draft/84c8d754-a76d-41ab-b974-cf25e19da1eb] c.e.e.e.GlobalExceptionHandler - Validation failed at /api/event/create-draft/84c8d754-a76d-41ab-b974-cf25e19da1eb: Validation failed for argument [1] in public org.springframework.http.ResponseEntity<com.example.eventsphere.entity.Event> com.example.eventsphere.controller.EventController.createDraftEvent(java.util.UUID,com.example.eventsphere.dto.CreateEventRequest) with 2 errors: [Field error in object 'createEventRequest' on field 'endDatetime': rejected value [2026-05-02T00:10:39.294]; codes [Future.createEventRequest.endDatetime,Future.endDatetime,Future.java.time.LocalDateTime,Future]; arguments [org.springframework.context.support.DefaultMessageSourceResolvable: codes [createEventRequest.endDatetime,endDatetime]; arguments []; default message [endDatetime]]; default message [End date must be in the future]] [Field error in object 'createEventRequest' on field 'startDatetime': rejected value [2026-05-01T21:13:39.294]; codes [Future.createEventRequest.startDatetime,Future.startDatetime,Future.java.time.LocalDateTime,Future]; arguments [org.springframework.context.support.DefaultMessageSourceResolvable: codes [createEventRequest.startDatetime,startDatetime]; arguments []; default message [startDatetime]]; default message [Start date must be in the future]] 
2026-05-10 02:16:43 [http-nio-8080-exec-2] INFO  [IP: 0:0:0:0:0:0:0:1 | User Name: ali.imran | User ID: 81ca140f-1ec2-4231-b15e-dffd7ec0e491 | POST /api/event/create-draft/84c8d754-a76d-41ab-b974-cf25e19da1eb] c.e.e.filter.RequestLoggingFilter - Completed in 71 ms with status 400
2026-05-10 02:17:04 [http-nio-8080-exec-4] INFO  [IP: 0:0:0:0:0:0:0:1 | User Name: ali.imran | User ID: 81ca140f-1ec2-4231-b15e-dffd7ec0e491 | POST /api/event/create-draft/84c8d754-a76d-41ab-b974-cf25e19da1eb] c.e.e.filter.RequestLoggingFilter - Incoming Request
2026-05-10 02:17:05 [http-nio-8080-exec-4] WARN  [IP: 0:0:0:0:0:0:0:1 | User Name: ali.imran | User ID: 81ca140f-1ec2-4231-b15e-dffd7ec0e491 | POST /api/event/create-draft/84c8d754-a76d-41ab-b974-cf25e19da1eb] c.e.e.e.GlobalExceptionHandler - Business rule violation at /api/event/create-draft/84c8d754-a76d-41ab-b974-cf25e19da1eb: Event end time cannot be before the start time.
2026-05-10 02:17:05 [http-nio-8080-exec-4] INFO  [IP: 0:0:0:0:0:0:0:1 | User Name: ali.imran | User ID: 81ca140f-1ec2-4231-b15e-dffd7ec0e491 | POST /api/event/create-draft/84c8d754-a76d-41ab-b974-cf25e19da1eb] c.e.e.filter.RequestLoggingFilter - Completed in 1058 ms with status 400
2026-05-10 02:17:13 [http-nio-8080-exec-5] INFO  [IP: 0:0:0:0:0:0:0:1 | User Name: ali.imran | User ID: 81ca140f-1ec2-4231-b15e-dffd7ec0e491 | POST /api/event/create-draft/84c8d754-a76d-41ab-b974-cf25e19da1eb] c.e.e.filter.RequestLoggingFilter - Incoming Request
2026-05-10 02:17:14 [http-nio-8080-exec-5] INFO  [IP: 0:0:0:0:0:0:0:1 | User Name: ali.imran | User ID: 81ca140f-1ec2-4231-b15e-dffd7ec0e491 | POST /api/event/create-draft/84c8d754-a76d-41ab-b974-cf25e19da1eb] c.e.eventsphere.service.EventService - Draft Event 'AI Fest 2026' created successfully by User ID: 81ca140f-1ec2-4231-b15e-dffd7ec0e491
2026-05-10 02:17:14 [http-nio-8080-exec-5] INFO  [IP: 0:0:0:0:0:0:0:1 | User Name: ali.imran | User ID: 81ca140f-1ec2-4231-b15e-dffd7ec0e491 | POST /api/event/create-draft/84c8d754-a76d-41ab-b974-cf25e19da1eb] c.e.e.filter.RequestLoggingFilter - Completed in 1509 ms with status 200
2026-05-10 02:17:27 [http-nio-8080-exec-3] INFO  [IP: 0:0:0:0:0:0:0:1 | User Name: ali.imran | User ID: 81ca140f-1ec2-4231-b15e-dffd7ec0e491 | POST /api/event/create-draft/84c8d754-a76d-41ab-b974-cf25e19da1eb] c.e.e.filter.RequestLoggingFilter - Incoming Request
2026-05-10 02:17:28 [http-nio-8080-exec-3] WARN  [IP: 0:0:0:0:0:0:0:1 | User Name: ali.imran | User ID: 81ca140f-1ec2-4231-b15e-dffd7ec0e491 | POST /api/event/create-draft/84c8d754-a76d-41ab-b974-cf25e19da1eb] c.e.e.e.GlobalExceptionHandler - Business rule violation at /api/event/create-draft/84c8d754-a76d-41ab-b974-cf25e19da1eb: An event with this title already exists in your organization.
2026-05-10 02:17:28 [http-nio-8080-exec-3] INFO  [IP: 0:0:0:0:0:0:0:1 | User Name: ali.imran | User ID: 81ca140f-1ec2-4231-b15e-dffd7ec0e491 | POST /api/event/create-draft/84c8d754-a76d-41ab-b974-cf25e19da1eb] c.e.e.filter.RequestLoggingFilter - Completed in 1089 ms with status 400
2026-05-10 02:18:27 [http-nio-8080-exec-6] INFO  [IP: 0:0:0:0:0:0:0:1 | User Name: ali.imran | User ID: 81ca140f-1ec2-4231-b15e-dffd7ec0e491 | POST /api/event/create-draft/1ed6540a-0ebc-4c87-a4aa-c284fa3dc3c8] c.e.e.filter.RequestLoggingFilter - Incoming Request
2026-05-10 02:18:28 [http-nio-8080-exec-6] WARN  [IP: 0:0:0:0:0:0:0:1 | User Name: ali.imran | User ID: 81ca140f-1ec2-4231-b15e-dffd7ec0e491 | POST /api/event/create-draft/1ed6540a-0ebc-4c87-a4aa-c284fa3dc3c8] c.e.e.e.GlobalExceptionHandler - Business rule violation at /api/event/create-draft/1ed6540a-0ebc-4c87-a4aa-c284fa3dc3c8: You do not have access to this organization.
2026-05-10 02:18:28 [http-nio-8080-exec-6] INFO  [IP: 0:0:0:0:0:0:0:1 | User Name: ali.imran | User ID: 81ca140f-1ec2-4231-b15e-dffd7ec0e491 | POST /api/event/create-draft/1ed6540a-0ebc-4c87-a4aa-c284fa3dc3c8] c.e.e.filter.RequestLoggingFilter - Completed in 1025 ms with status 400
2026-05-10 02:18:41 [http-nio-8080-exec-8] INFO  [IP: 0:0:0:0:0:0:0:1 | User Name: ali.imran | User ID: 81ca140f-1ec2-4231-b15e-dffd7ec0e491 | POST /api/event/create-draft/84c8d754-a76d-41ab-b974-cf25e19da1eb] c.e.e.filter.RequestLoggingFilter - Incoming Request
2026-05-10 02:18:42 [http-nio-8080-exec-8] WARN  [IP: 0:0:0:0:0:0:0:1 | User Name: ali.imran | User ID: 81ca140f-1ec2-4231-b15e-dffd7ec0e491 | POST /api/event/create-draft/84c8d754-a76d-41ab-b974-cf25e19da1eb] c.e.e.e.GlobalExceptionHandler - Business rule violation at /api/event/create-draft/84c8d754-a76d-41ab-b974-cf25e19da1eb: An event with this title already exists in your organization.
2026-05-10 02:18:42 [http-nio-8080-exec-8] INFO  [IP: 0:0:0:0:0:0:0:1 | User Name: ali.imran | User ID: 81ca140f-1ec2-4231-b15e-dffd7ec0e491 | POST /api/event/create-draft/84c8d754-a76d-41ab-b974-cf25e19da1eb] c.e.e.filter.RequestLoggingFilter - Completed in 1069 ms with status 400
2026-05-10 02:19:55 [http-nio-8080-exec-7] INFO  [IP: 0:0:0:0:0:0:0:1 | User Name: ali.imran | User ID: 81ca140f-1ec2-4231-b15e-dffd7ec0e491 | POST /api/event/create-draft/84c8d754-a76d-41ab-b974-cf25e19da1eb] c.e.e.filter.RequestLoggingFilter - Incoming Request
2026-05-10 02:19:56 [http-nio-8080-exec-7] INFO  [IP: 0:0:0:0:0:0:0:1 | User Name: ali.imran | User ID: 81ca140f-1ec2-4231-b15e-dffd7ec0e491 | POST /api/event/create-draft/84c8d754-a76d-41ab-b974-cf25e19da1eb] c.e.eventsphere.service.EventService - Draft Event 'AI Fest 2027' created successfully by User ID: 81ca140f-1ec2-4231-b15e-dffd7ec0e491
2026-05-10 02:19:57 [http-nio-8080-exec-7] INFO  [IP: 0:0:0:0:0:0:0:1 | User Name: ali.imran | User ID: 81ca140f-1ec2-4231-b15e-dffd7ec0e491 | POST /api/event/create-draft/84c8d754-a76d-41ab-b974-cf25e19da1eb] c.e.e.filter.RequestLoggingFilter - Completed in 1250 ms with status 200
2026-05-10 02:20:41 [http-nio-8080-exec-9] INFO  [IP: 0:0:0:0:0:0:0:1 | User Name: ali.imran | User ID: 81ca140f-1ec2-4231-b15e-dffd7ec0e491 | POST /api/event/create-draft/84c8d754-a76d-41ab-b974-cf25e19da1e1] c.e.e.filter.RequestLoggingFilter - Incoming Request
2026-05-10 02:20:41 [http-nio-8080-exec-9] WARN  [IP: 0:0:0:0:0:0:0:1 | User Name: ali.imran | User ID: 81ca140f-1ec2-4231-b15e-dffd7ec0e491 | POST /api/event/create-draft/84c8d754-a76d-41ab-b974-cf25e19da1e1] c.e.e.e.GlobalExceptionHandler - Business rule violation at /api/event/create-draft/84c8d754-a76d-41ab-b974-cf25e19da1e1: Organization not found
2026-05-10 02:20:41 [http-nio-8080-exec-9] INFO  [IP: 0:0:0:0:0:0:0:1 | User Name: ali.imran | User ID: 81ca140f-1ec2-4231-b15e-dffd7ec0e491 | POST /api/event/create-draft/84c8d754-a76d-41ab-b974-cf25e19da1e1] c.e.e.filter.RequestLoggingFilter - Completed in 531 ms with status 400
2026-05-10 02:20:48 [http-nio-8080-exec-10] INFO  [IP: 0:0:0:0:0:0:0:1 | User Name: ali.imran | User ID: 81ca140f-1ec2-4231-b15e-dffd7ec0e491 | POST /api/event/create-draft/84c8d754-a76d-41ab-b974-cf25e19da1ed] c.e.e.filter.RequestLoggingFilter - Incoming Request
2026-05-10 02:20:48 [http-nio-8080-exec-10] WARN  [IP: 0:0:0:0:0:0:0:1 | User Name: ali.imran | User ID: 81ca140f-1ec2-4231-b15e-dffd7ec0e491 | POST /api/event/create-draft/84c8d754-a76d-41ab-b974-cf25e19da1ed] c.e.e.e.GlobalExceptionHandler - Business rule violation at /api/event/create-draft/84c8d754-a76d-41ab-b974-cf25e19da1ed: Organization not found
2026-05-10 02:20:48 [http-nio-8080-exec-10] INFO  [IP: 0:0:0:0:0:0:0:1 | User Name: ali.imran | User ID: 81ca140f-1ec2-4231-b15e-dffd7ec0e491 | POST /api/event/create-draft/84c8d754-a76d-41ab-b974-cf25e19da1ed] c.e.e.filter.RequestLoggingFilter - Completed in 539 ms with status 400
2026-05-10 02:20:55 [http-nio-8080-exec-2] INFO  [IP: 0:0:0:0:0:0:0:1 | User Name: ali.imran | User ID: 81ca140f-1ec2-4231-b15e-dffd7ec0e491 | POST /api/event/create-draft/84c8d754-a76d-41ab-b974-cf25e19da1eb] c.e.e.filter.RequestLoggingFilter - Incoming Request
2026-05-10 02:20:56 [http-nio-8080-exec-2] WARN  [IP: 0:0:0:0:0:0:0:1 | User Name: ali.imran | User ID: 81ca140f-1ec2-4231-b15e-dffd7ec0e491 | POST /api/event/create-draft/84c8d754-a76d-41ab-b974-cf25e19da1eb] c.e.e.e.GlobalExceptionHandler - Business rule violation at /api/event/create-draft/84c8d754-a76d-41ab-b974-cf25e19da1eb: An event with this title already exists in your organization.
2026-05-10 02:20:56 [http-nio-8080-exec-2] INFO  [IP: 0:0:0:0:0:0:0:1 | User Name: ali.imran | User ID: 81ca140f-1ec2-4231-b15e-dffd7ec0e491 | POST /api/event/create-draft/84c8d754-a76d-41ab-b974-cf25e19da1eb] c.e.e.filter.RequestLoggingFilter - Completed in 1060 ms with status 400
2026-05-10 02:21:02 [http-nio-8080-exec-4] INFO  [IP: 0:0:0:0:0:0:0:1 | User Name: ali.imran | User ID: 81ca140f-1ec2-4231-b15e-dffd7ec0e491 | POST /api/event/create-draft/84c8d754-a76d-41ab-b974-cf25e19da1eb] c.e.e.filter.RequestLoggingFilter - Incoming Request
2026-05-10 02:21:03 [http-nio-8080-exec-4] WARN  [IP: 0:0:0:0:0:0:0:1 | User Name: ali.imran | User ID: 81ca140f-1ec2-4231-b15e-dffd7ec0e491 | POST /api/event/create-draft/84c8d754-a76d-41ab-b974-cf25e19da1eb] c.e.e.e.GlobalExceptionHandler - Business rule violation at /api/event/create-draft/84c8d754-a76d-41ab-b974-cf25e19da1eb: The selected category does not exist.
2026-05-10 02:21:03 [http-nio-8080-exec-4] INFO  [IP: 0:0:0:0:0:0:0:1 | User Name: ali.imran | User ID: 81ca140f-1ec2-4231-b15e-dffd7ec0e491 | POST /api/event/create-draft/84c8d754-a76d-41ab-b974-cf25e19da1eb] c.e.e.filter.RequestLoggingFilter - Completed in 893 ms with status 400
2026-05-10 03:00:01 [scheduling-1] INFO  [IP:  | User Name:  | User ID:  |  ] c.e.eventsphere.service.TokenService - Running scheduled database cleanup: Removing naturally expired tokens...
2026-05-10 03:00:01 [scheduling-1] INFO  [IP:  | User Name:  | User ID:  |  ] c.e.eventsphere.service.TokenService - Database cleanup complete.
2026-05-10 03:46:11 [SpringApplicationShutdownHook] INFO  [IP:  | User Name:  | User ID:  |  ] o.s.b.w.e.tomcat.GracefulShutdown - Commencing graceful shutdown. Waiting for active requests to complete
2026-05-10 03:46:12 [tomcat-shutdown] INFO  [IP:  | User Name:  | User ID:  |  ] o.s.b.w.e.tomcat.GracefulShutdown - Graceful shutdown complete
2026-05-10 03:46:13 [SpringApplicationShutdownHook] INFO  [IP:  | User Name:  | User ID:  |  ] o.s.o.j.LocalContainerEntityManagerFactoryBean - Closing JPA EntityManagerFactory for persistence unit 'default'
2026-05-10 03:46:13 [SpringApplicationShutdownHook] INFO  [IP:  | User Name:  | User ID:  |  ] com.zaxxer.hikari.HikariDataSource - HikariPool-1 - Shutdown initiated...
2026-05-10 03:46:13 [SpringApplicationShutdownHook] INFO  [IP:  | User Name:  | User ID:  |  ] com.zaxxer.hikari.HikariDataSource - HikariPool-1 - Shutdown completed.
2026-05-10 04:33:41 [background-preinit] INFO  [IP:  | User Name:  | User ID:  |  ] o.h.validator.internal.util.Version - HV000001: Hibernate Validator 8.0.3.Final
2026-05-10 04:33:41 [main] INFO  [IP:  | User Name:  | User ID:  |  ] c.e.e.EventsphereApplication - Starting EventsphereApplication using Java 17.0.14 with PID 9068 (D:\SpringBoot\eventsphere\target\classes started by AMU in D:\SpringBoot\eventsphere)
2026-05-10 04:33:41 [main] INFO  [IP:  | User Name:  | User ID:  |  ] c.e.e.EventsphereApplication - No active profile set, falling back to 1 default profile: "default"
2026-05-10 04:33:46 [main] INFO  [IP:  | User Name:  | User ID:  |  ] o.s.d.r.c.RepositoryConfigurationDelegate - Multiple Spring Data modules found, entering strict repository configuration mode
2026-05-10 04:33:46 [main] INFO  [IP:  | User Name:  | User ID:  |  ] o.s.d.r.c.RepositoryConfigurationDelegate - Bootstrapping Spring Data JPA repositories in DEFAULT mode.
2026-05-10 04:33:47 [main] INFO  [IP:  | User Name:  | User ID:  |  ] o.s.d.r.c.RepositoryConfigurationDelegate - Finished Spring Data repository scanning in 974 ms. Found 6 JPA repository interfaces.
2026-05-10 04:33:47 [main] INFO  [IP:  | User Name:  | User ID:  |  ] o.s.d.r.c.RepositoryConfigurationDelegate - Multiple Spring Data modules found, entering strict repository configuration mode
2026-05-10 04:33:47 [main] INFO  [IP:  | User Name:  | User ID:  |  ] o.s.d.r.c.RepositoryConfigurationDelegate - Bootstrapping Spring Data Redis repositories in DEFAULT mode.
2026-05-10 04:33:48 [main] INFO  [IP:  | User Name:  | User ID:  |  ] o.s.d.r.c.RepositoryConfigurationExtensionSupport - Spring Data Redis - Could not safely identify store assignment for repository candidate interface com.example.eventsphere.repository.CategoryRepository; If you want this repository to be a Redis repository, consider annotating your entities with one of these annotations: org.springframework.data.redis.core.RedisHash (preferred), or consider extending one of the following types with your repository: org.springframework.data.keyvalue.repository.KeyValueRepository
2026-05-10 04:33:48 [main] INFO  [IP:  | User Name:  | User ID:  |  ] o.s.d.r.c.RepositoryConfigurationExtensionSupport - Spring Data Redis - Could not safely identify store assignment for repository candidate interface com.example.eventsphere.repository.EventRepository; If you want this repository to be a Redis repository, consider annotating your entities with one of these annotations: org.springframework.data.redis.core.RedisHash (preferred), or consider extending one of the following types with your repository: org.springframework.data.keyvalue.repository.KeyValueRepository
2026-05-10 04:33:48 [main] INFO  [IP:  | User Name:  | User ID:  |  ] o.s.d.r.c.RepositoryConfigurationExtensionSupport - Spring Data Redis - Could not safely identify store assignment for repository candidate interface com.example.eventsphere.repository.OrganizationMemberRepository; If you want this repository to be a Redis repository, consider annotating your entities with one of these annotations: org.springframework.data.redis.core.RedisHash (preferred), or consider extending one of the following types with your repository: org.springframework.data.keyvalue.repository.KeyValueRepository
2026-05-10 04:33:48 [main] INFO  [IP:  | User Name:  | User ID:  |  ] o.s.d.r.c.RepositoryConfigurationExtensionSupport - Spring Data Redis - Could not safely identify store assignment for repository candidate interface com.example.eventsphere.repository.OrganizationRepository; If you want this repository to be a Redis repository, consider annotating your entities with one of these annotations: org.springframework.data.redis.core.RedisHash (preferred), or consider extending one of the following types with your repository: org.springframework.data.keyvalue.repository.KeyValueRepository
2026-05-10 04:33:48 [main] INFO  [IP:  | User Name:  | User ID:  |  ] o.s.d.r.c.RepositoryConfigurationExtensionSupport - Spring Data Redis - Could not safely identify store assignment for repository candidate interface com.example.eventsphere.repository.TokenRepository; If you want this repository to be a Redis repository, consider annotating your entities with one of these annotations: org.springframework.data.redis.core.RedisHash (preferred), or consider extending one of the following types with your repository: org.springframework.data.keyvalue.repository.KeyValueRepository
2026-05-10 04:33:48 [main] INFO  [IP:  | User Name:  | User ID:  |  ] o.s.d.r.c.RepositoryConfigurationExtensionSupport - Spring Data Redis - Could not safely identify store assignment for repository candidate interface com.example.eventsphere.repository.UserRepository; If you want this repository to be a Redis repository, consider annotating your entities with one of these annotations: org.springframework.data.redis.core.RedisHash (preferred), or consider extending one of the following types with your repository: org.springframework.data.keyvalue.repository.KeyValueRepository
2026-05-10 04:33:48 [main] INFO  [IP:  | User Name:  | User ID:  |  ] o.s.d.r.c.RepositoryConfigurationDelegate - Finished Spring Data repository scanning in 47 ms. Found 0 Redis repository interfaces.
2026-05-10 04:33:54 [main] INFO  [IP:  | User Name:  | User ID:  |  ] o.s.b.w.e.tomcat.TomcatWebServer - Tomcat initialized with port 8080 (http)
2026-05-10 04:33:54 [main] INFO  [IP:  | User Name:  | User ID:  |  ] o.a.coyote.http11.Http11NioProtocol - Initializing ProtocolHandler ["http-nio-8080"]
2026-05-10 04:33:54 [main] INFO  [IP:  | User Name:  | User ID:  |  ] o.a.catalina.core.StandardService - Starting service [Tomcat]
2026-05-10 04:33:54 [main] INFO  [IP:  | User Name:  | User ID:  |  ] o.a.catalina.core.StandardEngine - Starting Servlet engine: [Apache Tomcat/10.1.53]
2026-05-10 04:33:54 [main] INFO  [IP:  | User Name:  | User ID:  |  ] o.a.c.c.C.[Tomcat].[localhost].[/] - Initializing Spring embedded WebApplicationContext
2026-05-10 04:33:54 [main] INFO  [IP:  | User Name:  | User ID:  |  ] o.s.b.w.s.c.ServletWebServerApplicationContext - Root WebApplicationContext: initialization completed in 12844 ms
2026-05-10 04:33:56 [main] INFO  [IP:  | User Name:  | User ID:  |  ] o.h.jpa.internal.util.LogHelper - HHH000204: Processing PersistenceUnitInfo [name: default]
2026-05-10 04:33:57 [main] INFO  [IP:  | User Name:  | User ID:  |  ] org.hibernate.Version - HHH000412: Hibernate ORM core version 6.6.45.Final
2026-05-10 04:33:57 [main] INFO  [IP:  | User Name:  | User ID:  |  ] o.h.s.integration.SpatialService - HHH80000001: hibernate-spatial integration enabled : true
2026-05-10 04:33:57 [main] INFO  [IP:  | User Name:  | User ID:  |  ] o.h.c.i.RegionFactoryInitiator - HHH000026: Second-level cache disabled
2026-05-10 04:33:58 [main] INFO  [IP:  | User Name:  | User ID:  |  ] com.zaxxer.hikari.HikariDataSource - HikariPool-1 - Starting...
2026-05-10 04:34:04 [main] INFO  [IP:  | User Name:  | User ID:  |  ] com.zaxxer.hikari.pool.HikariPool - HikariPool-1 - Added connection org.postgresql.jdbc.PgConnection@653e7b
2026-05-10 04:34:04 [main] INFO  [IP:  | User Name:  | User ID:  |  ] com.zaxxer.hikari.HikariDataSource - HikariPool-1 - Start completed.
2026-05-10 04:34:04 [main] WARN  [IP:  | User Name:  | User ID:  |  ] org.hibernate.orm.deprecation - HHH90000025: PostgreSQLDialect does not need to be specified explicitly using 'hibernate.dialect' (remove the property setting and it will be selected by default)
2026-05-10 04:34:05 [main] INFO  [IP:  | User Name:  | User ID:  |  ] o.hibernate.orm.connections.pooling - HHH10001005: Database info:
	Database JDBC URL [Connecting through datasource 'HikariDataSource (HikariPool-1)']
	Database driver: undefined/unknown
	Database version: 17.6
	Autocommit mode: undefined/unknown
	Isolation level: undefined/unknown
	Minimum pool size: undefined/unknown
	Maximum pool size: undefined/unknown
2026-05-10 04:34:05 [main] INFO  [IP:  | User Name:  | User ID:  |  ] org.hibernate.spatial - HHH80000003: hibernate-spatial adding type contributions from : org.hibernate.spatial.dialect.postgis.PostgisDialectContributor
2026-05-10 04:34:05 [main] INFO  [IP:  | User Name:  | User ID:  |  ] o.s.o.j.p.SpringPersistenceUnitInfo - No LoadTimeWeaver setup: ignoring JPA class transformer
2026-05-10 04:34:06 [main] INFO  [IP:  | User Name:  | User ID:  |  ] org.hibernate.spatial - HHH80000003: hibernate-spatial adding type contributions from : org.hibernate.spatial.dialect.postgis.PostgisDialectContributor
2026-05-10 04:34:07 [main] INFO  [IP:  | User Name:  | User ID:  |  ] org.hibernate.spatial - HHH80000004: hibernate-spatial adding function contributions from : org.hibernate.spatial.dialect.postgis.PostgisDialectContributor
2026-05-10 04:34:09 [main] INFO  [IP:  | User Name:  | User ID:  |  ] o.h.e.t.j.p.i.JtaPlatformInitiator - HHH000489: No JTA platform available (set 'hibernate.transaction.jta.platform' to enable JTA platform integration)
2026-05-10 04:34:09 [main] INFO  [IP:  | User Name:  | User ID:  |  ] o.s.o.j.LocalContainerEntityManagerFactoryBean - Initialized JPA EntityManagerFactory for persistence unit 'default'
2026-05-10 04:34:11 [main] INFO  [IP:  | User Name:  | User ID:  |  ] o.s.d.j.r.query.QueryEnhancerFactory - Hibernate is in classpath; If applicable, HQL parser will be used.
2026-05-10 04:34:24 [main] INFO  [IP:  | User Name:  | User ID:  |  ] o.s.s.c.a.a.c.InitializeAuthenticationProviderBeanManagerConfigurer$InitializeAuthenticationProviderManagerConfigurer - Global AuthenticationManager configured with AuthenticationProvider bean with name authenticationProvider
2026-05-10 04:34:24 [main] WARN  [IP:  | User Name:  | User ID:  |  ] o.s.s.c.a.a.c.InitializeUserDetailsBeanManagerConfigurer$InitializeUserDetailsManagerConfigurer - Global AuthenticationManager configured with an AuthenticationProvider bean. UserDetailsService beans will not be used by Spring Security for automatically configuring username/password login. Consider removing the AuthenticationProvider bean. Alternatively, consider using the UserDetailsService in a manually instantiated DaoAuthenticationProvider. If the current configuration is intentional, to turn off this warning, increase the logging level of 'org.springframework.security.config.annotation.authentication.configuration.InitializeUserDetailsBeanManagerConfigurer' to ERROR
2026-05-10 04:34:26 [main] INFO  [IP:  | User Name:  | User ID:  |  ] o.a.coyote.http11.Http11NioProtocol - Starting ProtocolHandler ["http-nio-8080"]
2026-05-10 04:34:26 [main] INFO  [IP:  | User Name:  | User ID:  |  ] o.s.b.w.e.tomcat.TomcatWebServer - Tomcat started on port 8080 (http) with context path '/'
2026-05-10 04:34:26 [main] INFO  [IP:  | User Name:  | User ID:  |  ] c.e.e.EventsphereApplication - Started EventsphereApplication in 47.79 seconds (process running for 49.417)
2026-05-10 04:34:27 [main] INFO  [IP:  | User Name:  | User ID:  |  ] c.e.eventsphere.config.AdminConfig - Default Admin already exists. Skipping seeding.
2026-05-10 04:36:31 [http-nio-8080-exec-1] INFO  [IP:  | User Name:  | User ID:  |  ] o.a.c.c.C.[Tomcat].[localhost].[/] - Initializing Spring DispatcherServlet 'dispatcherServlet'
2026-05-10 04:36:31 [http-nio-8080-exec-1] INFO  [IP:  | User Name:  | User ID:  |  ] o.s.web.servlet.DispatcherServlet - Initializing Servlet 'dispatcherServlet'
2026-05-10 04:36:31 [http-nio-8080-exec-1] INFO  [IP:  | User Name:  | User ID:  |  ] o.s.web.servlet.DispatcherServlet - Completed initialization in 5 ms
2026-05-10 04:36:31 [http-nio-8080-exec-1] INFO  [IP: 0:0:0:0:0:0:0:1 | User Name: anonymous_user | User ID: anonymous_id | GET /swagger-ui/index.html] c.e.e.filter.RequestLoggingFilter - Incoming Request
2026-05-10 04:36:32 [http-nio-8080-exec-1] INFO  [IP: 0:0:0:0:0:0:0:1 | User Name: anonymous_user | User ID: anonymous_id | GET /swagger-ui/index.html] c.e.e.filter.RequestLoggingFilter - Completed in 158 ms with status 200
2026-05-10 04:36:32 [http-nio-8080-exec-3] INFO  [IP: 0:0:0:0:0:0:0:1 | User Name: anonymous_user | User ID: anonymous_id | GET /swagger-ui/index.css] c.e.e.filter.RequestLoggingFilter - Incoming Request
2026-05-10 04:36:32 [http-nio-8080-exec-4] INFO  [IP: 0:0:0:0:0:0:0:1 | User Name: anonymous_user | User ID: anonymous_id | GET /swagger-ui/swagger-ui-bundle.js] c.e.e.filter.RequestLoggingFilter - Incoming Request
2026-05-10 04:36:32 [http-nio-8080-exec-3] INFO  [IP: 0:0:0:0:0:0:0:1 | User Name: anonymous_user | User ID: anonymous_id | GET /swagger-ui/index.css] c.e.e.filter.RequestLoggingFilter - Completed in 17 ms with status 200
2026-05-10 04:36:32 [http-nio-8080-exec-2] INFO  [IP: 0:0:0:0:0:0:0:1 | User Name: anonymous_user | User ID: anonymous_id | GET /swagger-ui/swagger-ui.css] c.e.e.filter.RequestLoggingFilter - Incoming Request
2026-05-10 04:36:32 [http-nio-8080-exec-5] INFO  [IP: 0:0:0:0:0:0:0:1 | User Name: anonymous_user | User ID: anonymous_id | GET /swagger-ui/swagger-ui-standalone-preset.js] c.e.e.filter.RequestLoggingFilter - Incoming Request
2026-05-10 04:36:32 [http-nio-8080-exec-3] INFO  [IP: 0:0:0:0:0:0:0:1 | User Name: anonymous_user | User ID: anonymous_id | GET /swagger-ui/swagger-initializer.js] c.e.e.filter.RequestLoggingFilter - Incoming Request
2026-05-10 04:36:32 [http-nio-8080-exec-5] INFO  [IP: 0:0:0:0:0:0:0:1 | User Name: anonymous_user | User ID: anonymous_id | GET /swagger-ui/swagger-ui-standalone-preset.js] c.e.e.filter.RequestLoggingFilter - Completed in 35 ms with status 200
2026-05-10 04:36:32 [http-nio-8080-exec-2] INFO  [IP: 0:0:0:0:0:0:0:1 | User Name: anonymous_user | User ID: anonymous_id | GET /swagger-ui/swagger-ui.css] c.e.e.filter.RequestLoggingFilter - Completed in 57 ms with status 200
2026-05-10 04:36:32 [http-nio-8080-exec-4] INFO  [IP: 0:0:0:0:0:0:0:1 | User Name: anonymous_user | User ID: anonymous_id | GET /swagger-ui/swagger-ui-bundle.js] c.e.e.filter.RequestLoggingFilter - Completed in 138 ms with status 200
2026-05-10 04:36:32 [http-nio-8080-exec-3] INFO  [IP: 0:0:0:0:0:0:0:1 | User Name: anonymous_user | User ID: anonymous_id | GET /swagger-ui/swagger-initializer.js] c.e.e.filter.RequestLoggingFilter - Completed in 195 ms with status 200
2026-05-10 04:36:34 [http-nio-8080-exec-7] INFO  [IP: 0:0:0:0:0:0:0:1 | User Name: anonymous_user | User ID: anonymous_id | GET /v3/api-docs/swagger-config] c.e.e.filter.RequestLoggingFilter - Incoming Request
2026-05-10 04:36:34 [http-nio-8080-exec-8] INFO  [IP: 0:0:0:0:0:0:0:1 | User Name: anonymous_user | User ID: anonymous_id | GET /swagger-ui/favicon-32x32.png] c.e.e.filter.RequestLoggingFilter - Incoming Request
2026-05-10 04:36:34 [http-nio-8080-exec-8] INFO  [IP: 0:0:0:0:0:0:0:1 | User Name: anonymous_user | User ID: anonymous_id | GET /swagger-ui/favicon-32x32.png] c.e.e.filter.RequestLoggingFilter - Completed in 8 ms with status 200
2026-05-10 04:36:34 [http-nio-8080-exec-7] INFO  [IP: 0:0:0:0:0:0:0:1 | User Name: anonymous_user | User ID: anonymous_id | GET /v3/api-docs/swagger-config] c.e.e.filter.RequestLoggingFilter - Completed in 152 ms with status 200
2026-05-10 04:36:34 [http-nio-8080-exec-9] INFO  [IP: 0:0:0:0:0:0:0:1 | User Name: anonymous_user | User ID: anonymous_id | GET /v3/api-docs] c.e.e.filter.RequestLoggingFilter - Incoming Request
2026-05-10 04:36:37 [http-nio-8080-exec-9] INFO  [IP: 0:0:0:0:0:0:0:1 | User Name: anonymous_user | User ID: anonymous_id | GET /v3/api-docs] o.s.api.AbstractOpenApiResource - Init duration for springdoc-openapi is: 2950 ms
2026-05-10 04:36:37 [http-nio-8080-exec-9] INFO  [IP: 0:0:0:0:0:0:0:1 | User Name: anonymous_user | User ID: anonymous_id | GET /v3/api-docs] c.e.e.filter.RequestLoggingFilter - Completed in 3115 ms with status 200
2026-05-10 04:43:44 [SpringApplicationShutdownHook] INFO  [IP:  | User Name:  | User ID:  |  ] o.s.b.w.e.tomcat.GracefulShutdown - Commencing graceful shutdown. Waiting for active requests to complete
2026-05-10 04:43:45 [tomcat-shutdown] INFO  [IP:  | User Name:  | User ID:  |  ] o.s.b.w.e.tomcat.GracefulShutdown - Graceful shutdown complete
2026-05-10 04:43:45 [SpringApplicationShutdownHook] INFO  [IP:  | User Name:  | User ID:  |  ] o.s.o.j.LocalContainerEntityManagerFactoryBean - Closing JPA EntityManagerFactory for persistence unit 'default'
2026-05-10 04:43:45 [SpringApplicationShutdownHook] INFO  [IP:  | User Name:  | User ID:  |  ] com.zaxxer.hikari.HikariDataSource - HikariPool-1 - Shutdown initiated...
2026-05-10 04:43:46 [SpringApplicationShutdownHook] INFO  [IP:  | User Name:  | User ID:  |  ] com.zaxxer.hikari.HikariDataSource - HikariPool-1 - Shutdown completed.
2026-05-10 23:37:22 [background-preinit] INFO  [IP:  | User Name:  | User ID:  |  ] o.h.validator.internal.util.Version - HV000001: Hibernate Validator 8.0.3.Final
2026-05-10 23:37:22 [main] INFO  [IP:  | User Name:  | User ID:  |  ] c.e.e.EventsphereApplication - Starting EventsphereApplication using Java 17.0.14 with PID 9712 (H:\ali\SpringBoot\eventsphere\target\classes started by irkco in H:\ali\SpringBoot\eventsphere)
2026-05-10 23:37:22 [main] INFO  [IP:  | User Name:  | User ID:  |  ] c.e.e.EventsphereApplication - No active profile set, falling back to 1 default profile: "default"
2026-05-10 23:37:24 [main] INFO  [IP:  | User Name:  | User ID:  |  ] o.s.d.r.c.RepositoryConfigurationDelegate - Multiple Spring Data modules found, entering strict repository configuration mode
2026-05-10 23:37:24 [main] INFO  [IP:  | User Name:  | User ID:  |  ] o.s.d.r.c.RepositoryConfigurationDelegate - Bootstrapping Spring Data JPA repositories in DEFAULT mode.
2026-05-10 23:37:24 [main] INFO  [IP:  | User Name:  | User ID:  |  ] o.s.d.r.c.RepositoryConfigurationDelegate - Finished Spring Data repository scanning in 233 ms. Found 6 JPA repository interfaces.
2026-05-10 23:37:25 [main] INFO  [IP:  | User Name:  | User ID:  |  ] o.s.d.r.c.RepositoryConfigurationDelegate - Multiple Spring Data modules found, entering strict repository configuration mode
2026-05-10 23:37:25 [main] INFO  [IP:  | User Name:  | User ID:  |  ] o.s.d.r.c.RepositoryConfigurationDelegate - Bootstrapping Spring Data Redis repositories in DEFAULT mode.
2026-05-10 23:37:25 [main] INFO  [IP:  | User Name:  | User ID:  |  ] o.s.d.r.c.RepositoryConfigurationExtensionSupport - Spring Data Redis - Could not safely identify store assignment for repository candidate interface com.example.eventsphere.repository.CategoryRepository; If you want this repository to be a Redis repository, consider annotating your entities with one of these annotations: org.springframework.data.redis.core.RedisHash (preferred), or consider extending one of the following types with your repository: org.springframework.data.keyvalue.repository.KeyValueRepository
2026-05-10 23:37:25 [main] INFO  [IP:  | User Name:  | User ID:  |  ] o.s.d.r.c.RepositoryConfigurationExtensionSupport - Spring Data Redis - Could not safely identify store assignment for repository candidate interface com.example.eventsphere.repository.EventRepository; If you want this repository to be a Redis repository, consider annotating your entities with one of these annotations: org.springframework.data.redis.core.RedisHash (preferred), or consider extending one of the following types with your repository: org.springframework.data.keyvalue.repository.KeyValueRepository
2026-05-10 23:37:25 [main] INFO  [IP:  | User Name:  | User ID:  |  ] o.s.d.r.c.RepositoryConfigurationExtensionSupport - Spring Data Redis - Could not safely identify store assignment for repository candidate interface com.example.eventsphere.repository.OrganizationMemberRepository; If you want this repository to be a Redis repository, consider annotating your entities with one of these annotations: org.springframework.data.redis.core.RedisHash (preferred), or consider extending one of the following types with your repository: org.springframework.data.keyvalue.repository.KeyValueRepository
2026-05-10 23:37:25 [main] INFO  [IP:  | User Name:  | User ID:  |  ] o.s.d.r.c.RepositoryConfigurationExtensionSupport - Spring Data Redis - Could not safely identify store assignment for repository candidate interface com.example.eventsphere.repository.OrganizationRepository; If you want this repository to be a Redis repository, consider annotating your entities with one of these annotations: org.springframework.data.redis.core.RedisHash (preferred), or consider extending one of the following types with your repository: org.springframework.data.keyvalue.repository.KeyValueRepository
2026-05-10 23:37:42 [main] INFO  [IP:  | User Name:  | User ID:  |  ] o.s.d.r.c.RepositoryConfigurationExtensionSupport - Spring Data Redis - Could not safely identify store assignment for repository candidate interface com.example.eventsphere.repository.TokenRepository; If you want this repository to be a Redis repository, consider annotating your entities with one of these annotations: org.springframework.data.redis.core.RedisHash (preferred), or consider extending one of the following types with your repository: org.springframework.data.keyvalue.repository.KeyValueRepository
2026-05-10 23:37:42 [main] INFO  [IP:  | User Name:  | User ID:  |  ] o.s.d.r.c.RepositoryConfigurationExtensionSupport - Spring Data Redis - Could not safely identify store assignment for repository candidate interface com.example.eventsphere.repository.UserRepository; If you want this repository to be a Redis repository, consider annotating your entities with one of these annotations: org.springframework.data.redis.core.RedisHash (preferred), or consider extending one of the following types with your repository: org.springframework.data.keyvalue.repository.KeyValueRepository
2026-05-10 23:37:42 [main] INFO  [IP:  | User Name:  | User ID:  |  ] o.s.d.r.c.RepositoryConfigurationDelegate - Finished Spring Data repository scanning in 17902 ms. Found 0 Redis repository interfaces.
2026-05-10 23:37:44 [main] INFO  [IP:  | User Name:  | User ID:  |  ] o.s.b.w.e.tomcat.TomcatWebServer - Tomcat initialized with port 8080 (http)
2026-05-10 23:37:44 [main] INFO  [IP:  | User Name:  | User ID:  |  ] o.a.coyote.http11.Http11NioProtocol - Initializing ProtocolHandler ["http-nio-8080"]
2026-05-10 23:37:44 [main] INFO  [IP:  | User Name:  | User ID:  |  ] o.a.catalina.core.StandardService - Starting service [Tomcat]
2026-05-10 23:37:44 [main] INFO  [IP:  | User Name:  | User ID:  |  ] o.a.catalina.core.StandardEngine - Starting Servlet engine: [Apache Tomcat/10.1.53]
2026-05-10 23:37:44 [main] INFO  [IP:  | User Name:  | User ID:  |  ] o.a.c.c.C.[Tomcat].[localhost].[/] - Initializing Spring embedded WebApplicationContext
2026-05-10 23:37:44 [main] INFO  [IP:  | User Name:  | User ID:  |  ] o.s.b.w.s.c.ServletWebServerApplicationContext - Root WebApplicationContext: initialization completed in 22109 ms
2026-05-10 23:37:44 [main] INFO  [IP:  | User Name:  | User ID:  |  ] o.h.jpa.internal.util.LogHelper - HHH000204: Processing PersistenceUnitInfo [name: default]
2026-05-10 23:37:44 [main] INFO  [IP:  | User Name:  | User ID:  |  ] org.hibernate.Version - HHH000412: Hibernate ORM core version 6.6.45.Final
2026-05-10 23:37:44 [main] INFO  [IP:  | User Name:  | User ID:  |  ] o.h.s.integration.SpatialService - HHH80000001: hibernate-spatial integration enabled : true
2026-05-10 23:37:44 [main] INFO  [IP:  | User Name:  | User ID:  |  ] o.h.c.i.RegionFactoryInitiator - HHH000026: Second-level cache disabled
2026-05-10 23:37:45 [main] INFO  [IP:  | User Name:  | User ID:  |  ] com.zaxxer.hikari.HikariDataSource - HikariPool-1 - Starting...
2026-05-10 23:37:47 [main] INFO  [IP:  | User Name:  | User ID:  |  ] com.zaxxer.hikari.pool.HikariPool - HikariPool-1 - Added connection org.postgresql.jdbc.PgConnection@65ad2b42
2026-05-10 23:37:47 [main] INFO  [IP:  | User Name:  | User ID:  |  ] com.zaxxer.hikari.HikariDataSource - HikariPool-1 - Start completed.
2026-05-10 23:37:48 [main] WARN  [IP:  | User Name:  | User ID:  |  ] org.hibernate.orm.deprecation - HHH90000025: PostgreSQLDialect does not need to be specified explicitly using 'hibernate.dialect' (remove the property setting and it will be selected by default)
2026-05-10 23:37:48 [main] INFO  [IP:  | User Name:  | User ID:  |  ] o.hibernate.orm.connections.pooling - HHH10001005: Database info:
	Database JDBC URL [Connecting through datasource 'HikariDataSource (HikariPool-1)']
	Database driver: undefined/unknown
	Database version: 17.6
	Autocommit mode: undefined/unknown
	Isolation level: undefined/unknown
	Minimum pool size: undefined/unknown
	Maximum pool size: undefined/unknown
2026-05-10 23:37:48 [main] INFO  [IP:  | User Name:  | User ID:  |  ] org.hibernate.spatial - HHH80000003: hibernate-spatial adding type contributions from : org.hibernate.spatial.dialect.postgis.PostgisDialectContributor
2026-05-10 23:37:49 [main] INFO  [IP:  | User Name:  | User ID:  |  ] o.s.o.j.p.SpringPersistenceUnitInfo - No LoadTimeWeaver setup: ignoring JPA class transformer
2026-05-10 23:37:49 [main] INFO  [IP:  | User Name:  | User ID:  |  ] org.hibernate.spatial - HHH80000003: hibernate-spatial adding type contributions from : org.hibernate.spatial.dialect.postgis.PostgisDialectContributor
2026-05-10 23:37:49 [main] INFO  [IP:  | User Name:  | User ID:  |  ] org.hibernate.spatial - HHH80000004: hibernate-spatial adding function contributions from : org.hibernate.spatial.dialect.postgis.PostgisDialectContributor
2026-05-10 23:37:50 [main] INFO  [IP:  | User Name:  | User ID:  |  ] o.h.e.t.j.p.i.JtaPlatformInitiator - HHH000489: No JTA platform available (set 'hibernate.transaction.jta.platform' to enable JTA platform integration)
2026-05-10 23:37:50 [main] INFO  [IP:  | User Name:  | User ID:  |  ] o.s.o.j.LocalContainerEntityManagerFactoryBean - Initialized JPA EntityManagerFactory for persistence unit 'default'
2026-05-10 23:37:51 [main] INFO  [IP:  | User Name:  | User ID:  |  ] o.s.d.j.r.query.QueryEnhancerFactory - Hibernate is in classpath; If applicable, HQL parser will be used.
2026-05-10 23:37:55 [main] INFO  [IP:  | User Name:  | User ID:  |  ] o.s.s.c.a.a.c.InitializeAuthenticationProviderBeanManagerConfigurer$InitializeAuthenticationProviderManagerConfigurer - Global AuthenticationManager configured with AuthenticationProvider bean with name authenticationProvider
2026-05-10 23:37:55 [main] WARN  [IP:  | User Name:  | User ID:  |  ] o.s.s.c.a.a.c.InitializeUserDetailsBeanManagerConfigurer$InitializeUserDetailsManagerConfigurer - Global AuthenticationManager configured with an AuthenticationProvider bean. UserDetailsService beans will not be used by Spring Security for automatically configuring username/password login. Consider removing the AuthenticationProvider bean. Alternatively, consider using the UserDetailsService in a manually instantiated DaoAuthenticationProvider. If the current configuration is intentional, to turn off this warning, increase the logging level of 'org.springframework.security.config.annotation.authentication.configuration.InitializeUserDetailsBeanManagerConfigurer' to ERROR
2026-05-10 23:37:56 [main] INFO  [IP:  | User Name:  | User ID:  |  ] o.a.coyote.http11.Http11NioProtocol - Starting ProtocolHandler ["http-nio-8080"]
2026-05-10 23:37:56 [main] INFO  [IP:  | User Name:  | User ID:  |  ] o.s.b.w.e.tomcat.TomcatWebServer - Tomcat started on port 8080 (http) with context path '/'
2026-05-10 23:37:56 [main] INFO  [IP:  | User Name:  | User ID:  |  ] c.e.e.EventsphereApplication - Started EventsphereApplication in 35.137 seconds (process running for 36.238)
2026-05-10 23:37:57 [main] INFO  [IP:  | User Name:  | User ID:  |  ] c.e.eventsphere.config.AdminConfig - Default Admin already exists. Skipping seeding.
2026-05-10 23:38:50 [SpringApplicationShutdownHook] INFO  [IP:  | User Name:  | User ID:  |  ] o.s.b.w.e.tomcat.GracefulShutdown - Commencing graceful shutdown. Waiting for active requests to complete
2026-05-10 23:38:50 [tomcat-shutdown] INFO  [IP:  | User Name:  | User ID:  |  ] o.s.b.w.e.tomcat.GracefulShutdown - Graceful shutdown complete
2026-05-10 23:38:50 [SpringApplicationShutdownHook] INFO  [IP:  | User Name:  | User ID:  |  ] o.s.o.j.LocalContainerEntityManagerFactoryBean - Closing JPA EntityManagerFactory for persistence unit 'default'
2026-05-10 23:38:50 [SpringApplicationShutdownHook] INFO  [IP:  | User Name:  | User ID:  |  ] com.zaxxer.hikari.HikariDataSource - HikariPool-1 - Shutdown initiated...
2026-05-10 23:38:50 [SpringApplicationShutdownHook] INFO  [IP:  | User Name:  | User ID:  |  ] com.zaxxer.hikari.HikariDataSource - HikariPool-1 - Shutdown completed.
2026-05-10 23:39:10 [background-preinit] INFO  [IP:  | User Name:  | User ID:  |  ] o.h.validator.internal.util.Version - HV000001: Hibernate Validator 8.0.3.Final
2026-05-10 23:39:10 [main] INFO  [IP:  | User Name:  | User ID:  |  ] c.e.e.EventsphereApplication - Starting EventsphereApplication using Java 17.0.14 with PID 9796 (H:\ali\SpringBoot\eventsphere\target\classes started by irkco in H:\ali\SpringBoot\eventsphere)
2026-05-10 23:39:10 [main] INFO  [IP:  | User Name:  | User ID:  |  ] c.e.e.EventsphereApplication - No active profile set, falling back to 1 default profile: "default"
2026-05-10 23:39:11 [main] INFO  [IP:  | User Name:  | User ID:  |  ] o.s.d.r.c.RepositoryConfigurationDelegate - Multiple Spring Data modules found, entering strict repository configuration mode
2026-05-10 23:39:11 [main] INFO  [IP:  | User Name:  | User ID:  |  ] o.s.d.r.c.RepositoryConfigurationDelegate - Bootstrapping Spring Data JPA repositories in DEFAULT mode.
2026-05-10 23:39:12 [main] INFO  [IP:  | User Name:  | User ID:  |  ] o.s.d.r.c.RepositoryConfigurationDelegate - Finished Spring Data repository scanning in 195 ms. Found 6 JPA repository interfaces.
2026-05-10 23:39:12 [main] INFO  [IP:  | User Name:  | User ID:  |  ] o.s.d.r.c.RepositoryConfigurationDelegate - Multiple Spring Data modules found, entering strict repository configuration mode
2026-05-10 23:39:12 [main] INFO  [IP:  | User Name:  | User ID:  |  ] o.s.d.r.c.RepositoryConfigurationDelegate - Bootstrapping Spring Data Redis repositories in DEFAULT mode.
2026-05-10 23:39:12 [main] INFO  [IP:  | User Name:  | User ID:  |  ] o.s.d.r.c.RepositoryConfigurationExtensionSupport - Spring Data Redis - Could not safely identify store assignment for repository candidate interface com.example.eventsphere.repository.CategoryRepository; If you want this repository to be a Redis repository, consider annotating your entities with one of these annotations: org.springframework.data.redis.core.RedisHash (preferred), or consider extending one of the following types with your repository: org.springframework.data.keyvalue.repository.KeyValueRepository
2026-05-10 23:39:12 [main] INFO  [IP:  | User Name:  | User ID:  |  ] o.s.d.r.c.RepositoryConfigurationExtensionSupport - Spring Data Redis - Could not safely identify store assignment for repository candidate interface com.example.eventsphere.repository.EventRepository; If you want this repository to be a Redis repository, consider annotating your entities with one of these annotations: org.springframework.data.redis.core.RedisHash (preferred), or consider extending one of the following types with your repository: org.springframework.data.keyvalue.repository.KeyValueRepository
2026-05-10 23:39:12 [main] INFO  [IP:  | User Name:  | User ID:  |  ] o.s.d.r.c.RepositoryConfigurationExtensionSupport - Spring Data Redis - Could not safely identify store assignment for repository candidate interface com.example.eventsphere.repository.OrganizationMemberRepository; If you want this repository to be a Redis repository, consider annotating your entities with one of these annotations: org.springframework.data.redis.core.RedisHash (preferred), or consider extending one of the following types with your repository: org.springframework.data.keyvalue.repository.KeyValueRepository
2026-05-10 23:39:12 [main] INFO  [IP:  | User Name:  | User ID:  |  ] o.s.d.r.c.RepositoryConfigurationExtensionSupport - Spring Data Redis - Could not safely identify store assignment for repository candidate interface com.example.eventsphere.repository.OrganizationRepository; If you want this repository to be a Redis repository, consider annotating your entities with one of these annotations: org.springframework.data.redis.core.RedisHash (preferred), or consider extending one of the following types with your repository: org.springframework.data.keyvalue.repository.KeyValueRepository
2026-05-10 23:39:12 [main] INFO  [IP:  | User Name:  | User ID:  |  ] o.s.d.r.c.RepositoryConfigurationExtensionSupport - Spring Data Redis - Could not safely identify store assignment for repository candidate interface com.example.eventsphere.repository.TokenRepository; If you want this repository to be a Redis repository, consider annotating your entities with one of these annotations: org.springframework.data.redis.core.RedisHash (preferred), or consider extending one of the following types with your repository: org.springframework.data.keyvalue.repository.KeyValueRepository
2026-05-10 23:39:12 [main] INFO  [IP:  | User Name:  | User ID:  |  ] o.s.d.r.c.RepositoryConfigurationExtensionSupport - Spring Data Redis - Could not safely identify store assignment for repository candidate interface com.example.eventsphere.repository.UserRepository; If you want this repository to be a Redis repository, consider annotating your entities with one of these annotations: org.springframework.data.redis.core.RedisHash (preferred), or consider extending one of the following types with your repository: org.springframework.data.keyvalue.repository.KeyValueRepository
2026-05-10 23:39:12 [main] INFO  [IP:  | User Name:  | User ID:  |  ] o.s.d.r.c.RepositoryConfigurationDelegate - Finished Spring Data repository scanning in 14 ms. Found 0 Redis repository interfaces.
2026-05-10 23:39:13 [main] INFO  [IP:  | User Name:  | User ID:  |  ] o.s.b.w.e.tomcat.TomcatWebServer - Tomcat initialized with port 8080 (http)
2026-05-10 23:39:13 [main] INFO  [IP:  | User Name:  | User ID:  |  ] o.a.coyote.http11.Http11NioProtocol - Initializing ProtocolHandler ["http-nio-8080"]
2026-05-10 23:39:13 [main] INFO  [IP:  | User Name:  | User ID:  |  ] o.a.catalina.core.StandardService - Starting service [Tomcat]
2026-05-10 23:39:13 [main] INFO  [IP:  | User Name:  | User ID:  |  ] o.a.catalina.core.StandardEngine - Starting Servlet engine: [Apache Tomcat/10.1.53]
2026-05-10 23:39:13 [main] INFO  [IP:  | User Name:  | User ID:  |  ] o.a.c.c.C.[Tomcat].[localhost].[/] - Initializing Spring embedded WebApplicationContext
2026-05-10 23:39:13 [main] INFO  [IP:  | User Name:  | User ID:  |  ] o.s.b.w.s.c.ServletWebServerApplicationContext - Root WebApplicationContext: initialization completed in 2834 ms
2026-05-10 23:39:13 [main] INFO  [IP:  | User Name:  | User ID:  |  ] o.h.jpa.internal.util.LogHelper - HHH000204: Processing PersistenceUnitInfo [name: default]
2026-05-10 23:39:13 [main] INFO  [IP:  | User Name:  | User ID:  |  ] org.hibernate.Version - HHH000412: Hibernate ORM core version 6.6.45.Final
2026-05-10 23:39:13 [main] INFO  [IP:  | User Name:  | User ID:  |  ] o.h.s.integration.SpatialService - HHH80000001: hibernate-spatial integration enabled : true
2026-05-10 23:39:13 [main] INFO  [IP:  | User Name:  | User ID:  |  ] o.h.c.i.RegionFactoryInitiator - HHH000026: Second-level cache disabled
2026-05-10 23:39:14 [main] INFO  [IP:  | User Name:  | User ID:  |  ] com.zaxxer.hikari.HikariDataSource - HikariPool-1 - Starting...
2026-05-10 23:39:16 [main] INFO  [IP:  | User Name:  | User ID:  |  ] com.zaxxer.hikari.pool.HikariPool - HikariPool-1 - Added connection org.postgresql.jdbc.PgConnection@16d61071
2026-05-10 23:39:16 [main] INFO  [IP:  | User Name:  | User ID:  |  ] com.zaxxer.hikari.HikariDataSource - HikariPool-1 - Start completed.
2026-05-10 23:39:16 [main] WARN  [IP:  | User Name:  | User ID:  |  ] org.hibernate.orm.deprecation - HHH90000025: PostgreSQLDialect does not need to be specified explicitly using 'hibernate.dialect' (remove the property setting and it will be selected by default)
2026-05-10 23:39:16 [main] INFO  [IP:  | User Name:  | User ID:  |  ] o.hibernate.orm.connections.pooling - HHH10001005: Database info:
	Database JDBC URL [Connecting through datasource 'HikariDataSource (HikariPool-1)']
	Database driver: undefined/unknown
	Database version: 17.6
	Autocommit mode: undefined/unknown
	Isolation level: undefined/unknown
	Minimum pool size: undefined/unknown
	Maximum pool size: undefined/unknown
2026-05-10 23:39:16 [main] INFO  [IP:  | User Name:  | User ID:  |  ] org.hibernate.spatial - HHH80000003: hibernate-spatial adding type contributions from : org.hibernate.spatial.dialect.postgis.PostgisDialectContributor
2026-05-10 23:39:17 [main] INFO  [IP:  | User Name:  | User ID:  |  ] o.s.o.j.p.SpringPersistenceUnitInfo - No LoadTimeWeaver setup: ignoring JPA class transformer
2026-05-10 23:39:17 [main] INFO  [IP:  | User Name:  | User ID:  |  ] org.hibernate.spatial - HHH80000003: hibernate-spatial adding type contributions from : org.hibernate.spatial.dialect.postgis.PostgisDialectContributor
2026-05-10 23:39:17 [main] INFO  [IP:  | User Name:  | User ID:  |  ] org.hibernate.spatial - HHH80000004: hibernate-spatial adding function contributions from : org.hibernate.spatial.dialect.postgis.PostgisDialectContributor
2026-05-10 23:39:18 [main] INFO  [IP:  | User Name:  | User ID:  |  ] o.h.e.t.j.p.i.JtaPlatformInitiator - HHH000489: No JTA platform available (set 'hibernate.transaction.jta.platform' to enable JTA platform integration)
2026-05-10 23:39:18 [main] INFO  [IP:  | User Name:  | User ID:  |  ] o.s.o.j.LocalContainerEntityManagerFactoryBean - Initialized JPA EntityManagerFactory for persistence unit 'default'
2026-05-10 23:39:19 [main] INFO  [IP:  | User Name:  | User ID:  |  ] o.s.d.j.r.query.QueryEnhancerFactory - Hibernate is in classpath; If applicable, HQL parser will be used.
2026-05-10 23:39:23 [main] INFO  [IP:  | User Name:  | User ID:  |  ] o.s.s.c.a.a.c.InitializeAuthenticationProviderBeanManagerConfigurer$InitializeAuthenticationProviderManagerConfigurer - Global AuthenticationManager configured with AuthenticationProvider bean with name authenticationProvider
2026-05-10 23:39:23 [main] WARN  [IP:  | User Name:  | User ID:  |  ] o.s.s.c.a.a.c.InitializeUserDetailsBeanManagerConfigurer$InitializeUserDetailsManagerConfigurer - Global AuthenticationManager configured with an AuthenticationProvider bean. UserDetailsService beans will not be used by Spring Security for automatically configuring username/password login. Consider removing the AuthenticationProvider bean. Alternatively, consider using the UserDetailsService in a manually instantiated DaoAuthenticationProvider. If the current configuration is intentional, to turn off this warning, increase the logging level of 'org.springframework.security.config.annotation.authentication.configuration.InitializeUserDetailsBeanManagerConfigurer' to ERROR
2026-05-10 23:39:23 [main] INFO  [IP:  | User Name:  | User ID:  |  ] o.a.coyote.http11.Http11NioProtocol - Starting ProtocolHandler ["http-nio-8080"]
2026-05-10 23:39:23 [main] INFO  [IP:  | User Name:  | User ID:  |  ] o.s.b.w.e.tomcat.TomcatWebServer - Tomcat started on port 8080 (http) with context path '/'
2026-05-10 23:39:23 [main] INFO  [IP:  | User Name:  | User ID:  |  ] c.e.e.EventsphereApplication - Started EventsphereApplication in 14.064 seconds (process running for 14.703)
2026-05-10 23:39:24 [main] INFO  [IP:  | User Name:  | User ID:  |  ] c.e.eventsphere.config.AdminConfig - Default Admin already exists. Skipping seeding.
2026-05-10 23:39:38 [http-nio-8080-exec-1] INFO  [IP:  | User Name:  | User ID:  |  ] o.a.c.c.C.[Tomcat].[localhost].[/] - Initializing Spring DispatcherServlet 'dispatcherServlet'
2026-05-10 23:39:38 [http-nio-8080-exec-1] INFO  [IP:  | User Name:  | User ID:  |  ] o.s.web.servlet.DispatcherServlet - Initializing Servlet 'dispatcherServlet'
2026-05-10 23:39:38 [http-nio-8080-exec-1] INFO  [IP:  | User Name:  | User ID:  |  ] o.s.web.servlet.DispatcherServlet - Completed initialization in 1 ms
2026-05-10 23:39:38 [http-nio-8080-exec-1] INFO  [IP: 0:0:0:0:0:0:0:1 | User Name: anonymous_user | User ID: anonymous_id | GET /swagger-ui/index.html] c.e.e.filter.RequestLoggingFilter - Incoming Request
2026-05-10 23:39:39 [http-nio-8080-exec-1] INFO  [IP: 0:0:0:0:0:0:0:1 | User Name: anonymous_user | User ID: anonymous_id | GET /swagger-ui/index.html] c.e.e.filter.RequestLoggingFilter - Completed in 47 ms with status 200
2026-05-10 23:39:39 [http-nio-8080-exec-2] INFO  [IP: 0:0:0:0:0:0:0:1 | User Name: anonymous_user | User ID: anonymous_id | GET /swagger-ui/swagger-ui.css] c.e.e.filter.RequestLoggingFilter - Incoming Request
2026-05-10 23:39:39 [http-nio-8080-exec-3] INFO  [IP: 0:0:0:0:0:0:0:1 | User Name: anonymous_user | User ID: anonymous_id | GET /swagger-ui/index.css] c.e.e.filter.RequestLoggingFilter - Incoming Request
2026-05-10 23:39:39 [http-nio-8080-exec-6] INFO  [IP: 0:0:0:0:0:0:0:1 | User Name: anonymous_user | User ID: anonymous_id | GET /swagger-ui/swagger-initializer.js] c.e.e.filter.RequestLoggingFilter - Incoming Request
2026-05-10 23:39:39 [http-nio-8080-exec-5] INFO  [IP: 0:0:0:0:0:0:0:1 | User Name: anonymous_user | User ID: anonymous_id | GET /swagger-ui/swagger-ui-standalone-preset.js] c.e.e.filter.RequestLoggingFilter - Incoming Request
2026-05-10 23:39:39 [http-nio-8080-exec-4] INFO  [IP: 0:0:0:0:0:0:0:1 | User Name: anonymous_user | User ID: anonymous_id | GET /swagger-ui/swagger-ui-bundle.js] c.e.e.filter.RequestLoggingFilter - Incoming Request
2026-05-10 23:39:39 [http-nio-8080-exec-3] INFO  [IP: 0:0:0:0:0:0:0:1 | User Name: anonymous_user | User ID: anonymous_id | GET /swagger-ui/index.css] c.e.e.filter.RequestLoggingFilter - Completed in 9 ms with status 200
2026-05-10 23:39:39 [http-nio-8080-exec-2] INFO  [IP: 0:0:0:0:0:0:0:1 | User Name: anonymous_user | User ID: anonymous_id | GET /swagger-ui/swagger-ui.css] c.e.e.filter.RequestLoggingFilter - Completed in 12 ms with status 200
2026-05-10 23:39:39 [http-nio-8080-exec-5] INFO  [IP: 0:0:0:0:0:0:0:1 | User Name: anonymous_user | User ID: anonymous_id | GET /swagger-ui/swagger-ui-standalone-preset.js] c.e.e.filter.RequestLoggingFilter - Completed in 13 ms with status 200
2026-05-10 23:39:39 [http-nio-8080-exec-4] INFO  [IP: 0:0:0:0:0:0:0:1 | User Name: anonymous_user | User ID: anonymous_id | GET /swagger-ui/swagger-ui-bundle.js] c.e.e.filter.RequestLoggingFilter - Completed in 37 ms with status 200
2026-05-10 23:39:39 [http-nio-8080-exec-6] INFO  [IP: 0:0:0:0:0:0:0:1 | User Name: anonymous_user | User ID: anonymous_id | GET /swagger-ui/swagger-initializer.js] c.e.e.filter.RequestLoggingFilter - Completed in 55 ms with status 200
2026-05-10 23:39:39 [http-nio-8080-exec-7] INFO  [IP: 0:0:0:0:0:0:0:1 | User Name: anonymous_user | User ID: anonymous_id | GET /v3/api-docs/swagger-config] c.e.e.filter.RequestLoggingFilter - Incoming Request
2026-05-10 23:39:39 [http-nio-8080-exec-8] INFO  [IP: 0:0:0:0:0:0:0:1 | User Name: anonymous_user | User ID: anonymous_id | GET /swagger-ui/favicon-32x32.png] c.e.e.filter.RequestLoggingFilter - Incoming Request
2026-05-10 23:39:39 [http-nio-8080-exec-8] INFO  [IP: 0:0:0:0:0:0:0:1 | User Name: anonymous_user | User ID: anonymous_id | GET /swagger-ui/favicon-32x32.png] c.e.e.filter.RequestLoggingFilter - Completed in 4 ms with status 200
2026-05-10 23:39:39 [http-nio-8080-exec-7] INFO  [IP: 0:0:0:0:0:0:0:1 | User Name: anonymous_user | User ID: anonymous_id | GET /v3/api-docs/swagger-config] c.e.e.filter.RequestLoggingFilter - Completed in 56 ms with status 200
2026-05-10 23:39:39 [http-nio-8080-exec-9] INFO  [IP: 0:0:0:0:0:0:0:1 | User Name: anonymous_user | User ID: anonymous_id | GET /v3/api-docs] c.e.e.filter.RequestLoggingFilter - Incoming Request
2026-05-10 23:39:40 [http-nio-8080-exec-9] INFO  [IP: 0:0:0:0:0:0:0:1 | User Name: anonymous_user | User ID: anonymous_id | GET /v3/api-docs] o.s.api.AbstractOpenApiResource - Init duration for springdoc-openapi is: 1077 ms
2026-05-10 23:39:40 [http-nio-8080-exec-9] INFO  [IP: 0:0:0:0:0:0:0:1 | User Name: anonymous_user | User ID: anonymous_id | GET /v3/api-docs] c.e.e.filter.RequestLoggingFilter - Completed in 1142 ms with status 200
2026-05-10 23:39:45 [http-nio-8080-exec-10] INFO  [IP: 0:0:0:0:0:0:0:1 | User Name: anonymous_user | User ID: anonymous_id | GET /swagger-ui/favicon-32x32.png] c.e.e.filter.RequestLoggingFilter - Incoming Request
2026-05-10 23:39:45 [http-nio-8080-exec-10] INFO  [IP: 0:0:0:0:0:0:0:1 | User Name: anonymous_user | User ID: anonymous_id | GET /swagger-ui/favicon-32x32.png] c.e.e.filter.RequestLoggingFilter - Completed in 4 ms with status 200
2026-05-10 23:39:56 [http-nio-8080-exec-1] INFO  [IP: 0:0:0:0:0:0:0:1 | User Name: anonymous_user | User ID: anonymous_id | POST /api/auth/login] c.e.e.filter.RequestLoggingFilter - Incoming Request
2026-05-10 23:39:57 [http-nio-8080-exec-1] INFO  [IP: 0:0:0:0:0:0:0:1 | User Name: anonymous_user | User ID: anonymous_id | POST /api/auth/login] c.e.eventsphere.service.TokenService - Secure Refresh Token generated and hashed for user ID: 81ca140f-1ec2-4231-b15e-dffd7ec0e491
2026-05-10 23:39:57 [http-nio-8080-exec-1] INFO  [IP: 0:0:0:0:0:0:0:1 | User Name: anonymous_user | User ID: anonymous_id | POST /api/auth/login] c.e.eventsphere.service.AuthService - Successful login for user: ali.imran
2026-05-10 23:39:57 [http-nio-8080-exec-1] INFO  [IP: 0:0:0:0:0:0:0:1 | User Name: anonymous_user | User ID: anonymous_id | POST /api/auth/login] c.e.e.filter.RequestLoggingFilter - Completed in 1385 ms with status 200
2026-05-10 23:40:17 [http-nio-8080-exec-3] INFO  [IP: 0:0:0:0:0:0:0:1 | User Name: anonymous_user | User ID: anonymous_id | GET /swagger-ui/favicon-32x32.png] c.e.e.filter.RequestLoggingFilter - Incoming Request
2026-05-10 23:40:17 [http-nio-8080-exec-3] INFO  [IP: 0:0:0:0:0:0:0:1 | User Name: anonymous_user | User ID: anonymous_id | GET /swagger-ui/favicon-32x32.png] c.e.e.filter.RequestLoggingFilter - Completed in 4 ms with status 200
2026-05-10 23:40:23 [http-nio-8080-exec-2] INFO  [IP: 0:0:0:0:0:0:0:1 | User Name: anonymous_user | User ID: anonymous_id | POST /api/auth/logout] c.e.e.filter.RequestLoggingFilter - Incoming Request
2026-05-10 23:40:23 [http-nio-8080-exec-2] WARN  [IP: 0:0:0:0:0:0:0:1 | User Name: anonymous_user | User ID: anonymous_id | POST /api/auth/logout] c.e.e.e.GlobalExceptionHandler - Business rule violation at /api/auth/logout: Unable to connect to Redis
2026-05-10 23:40:23 [http-nio-8080-exec-2] INFO  [IP: 0:0:0:0:0:0:0:1 | User Name: anonymous_user | User ID: anonymous_id | POST /api/auth/logout] c.e.e.filter.RequestLoggingFilter - Completed in 502 ms with status 400
2026-05-10 23:44:08 [SpringApplicationShutdownHook] INFO  [IP:  | User Name:  | User ID:  |  ] o.s.b.w.e.tomcat.GracefulShutdown - Commencing graceful shutdown. Waiting for active requests to complete
2026-05-10 23:44:08 [tomcat-shutdown] INFO  [IP:  | User Name:  | User ID:  |  ] o.s.b.w.e.tomcat.GracefulShutdown - Graceful shutdown complete
2026-05-10 23:44:08 [SpringApplicationShutdownHook] INFO  [IP:  | User Name:  | User ID:  |  ] o.s.o.j.LocalContainerEntityManagerFactoryBean - Closing JPA EntityManagerFactory for persistence unit 'default'
2026-05-10 23:44:08 [SpringApplicationShutdownHook] INFO  [IP:  | User Name:  | User ID:  |  ] com.zaxxer.hikari.HikariDataSource - HikariPool-1 - Shutdown initiated...
2026-05-10 23:44:09 [SpringApplicationShutdownHook] INFO  [IP:  | User Name:  | User ID:  |  ] com.zaxxer.hikari.HikariDataSource - HikariPool-1 - Shutdown completed.
